지점,일시,기온(°C),풍향(deg),풍속(m/s),강수량(mm),현지기압(hPa),해면기압(hPa),습도(%),일사(MJ/m^2),일조(hr)
889,2022-01-01 00:00,-8.5,0,.4,0,1031.2,1033.4,44.8,0,0
889,2022-01-01 01:00,-10.4,229.7,.9,0,1031.6,1033.8,56.6,0,0
889,2022-01-01 02:00,-10.7,0,.3,0,1031.7,1033.9,59.7,0,0
889,2022-01-01 03:00,-11,0,0,0,1032,1034.2,63,0,0
889,2022-01-01 04:00,-10.8,0,0,0,1031.4,1033.6,66.8,0,0
889,2022-01-01 05:00,-10.8,0,0,0,1031.4,1033.6,67.6,0,0
889,2022-01-01 06:00,-11.1,0,0,0,1031.1,1033.3,68.6,0,0
889,2022-01-01 07:00,-11.2,,,0,1031.1,1033.3,71,0,0
889,2022-01-01 08:00,-10.9,,,0,1031.2,1033.4,67.7,0,0
889,2022-01-01 09:00,-9.7,,,0,1031.3,1033.5,66.1,0,0
889,2022-01-01 10:00,-5.3,18.8,1.5,0,1031.8,1033.9,44,0,0
889,2022-01-01 11:00,-4.2,16.3,1.4,0,1031.7,1033.8,39.5,0,0
889,2022-01-01 12:00,-2.4,16.9,1.3,0,1030.8,1032.9,37.1,0,0
889,2022-01-01 13:00,-.6,127.2,.5,0,1029.7,1031.8,34,0,0
889,2022-01-01 14:00,.4,357,1.2,0,1028.5,1030.6,38.4,0,0
889,2022-01-01 15:00,1.1,354.1,.8,0,1027.9,1030,39,0,0
889,2022-01-01 16:00,1.6,247,.9,0,1027.8,1029.9,38.3,0,0
889,2022-01-01 17:00,-1.3,0,0,0,1027.6,1029.7,49.3,0,0
889,2022-01-01 18:00,-3.3,0,0,0,1027.4,1029.5,57.3,0,0
889,2022-01-01 19:00,-2.7,0,0,0,1027.5,1029.6,60.4,0,0
889,2022-01-01 20:00,-4.3,0,0,0,1026.9,1029,64.2,0,0
889,2022-01-01 21:00,-4.8,225.1,.6,0,1026.7,1028.8,66.8,0,0
889,2022-01-01 22:00,-4.6,0,0,0,1026.6,1028.7,68.4,0,0
889,2022-01-01 23:00,-3.7,0,0,0,1026.3,1028.4,71.2,0,0
889,2022-01-02 00:00,-4.1,0,0,0,1025.4,1027.5,73.7,0,0
889,2022-01-02 01:00,-3.4,0,.1,0,1024.8,1026.9,70.5,0,0
889,2022-01-02 02:00,-3,0,0,0,1024.4,1026.5,70.7,0,0
889,2022-01-02 03:00,-2.1,0,.3,0,1024.2,1026.3,71.9,0,0
889,2022-01-02 04:00,-1.6,0,0,0,1023.4,1025.5,69.6,0,0
889,2022-01-02 05:00,-1.3,0,.1,0,1022.7,1024.8,65.6,0,0
889,2022-01-02 06:00,-.8,0,.3,0,1022.8,1024.9,68.2,0,0
889,2022-01-02 07:00,-1.8,47.7,.5,0,1023.4,1025.5,93.7,0,0
889,2022-01-02 08:00,-1.7,39.3,.6,0,1023.8,1025.9,98.1,0,0
889,2022-01-02 09:00,-2.4,0,0,0,1024.5,1026.6,99,0,0
889,2022-01-02 10:00,.3,0,0,0,1025.4,1027.5,86.9,0,0
889,2022-01-02 11:00,1.3,299.2,1.3,0,1025.9,1028,82.3,0,0
889,2022-01-02 12:00,1.7,306,1.4,0,1025.6,1027.7,74.9,0,0
889,2022-01-02 13:00,2.4,339.4,1.4,0,1024.8,1026.9,74,0,0
889,2022-01-02 14:00,3,342,1.6,0,1024.2,1026.2,68.1,0,0
889,2022-01-02 15:00,4,308.7,1.5,0,1024.3,1026.3,40.9,0,0
889,2022-01-02 16:00,3.4,317.2,1.4,0,1024.6,1026.6,43.6,0,0
889,2022-01-02 17:00,1.5,286.1,1.3,0,1024.8,1026.9,48.6,0,0
889,2022-01-02 18:00,.7,302,2.1,0,1025.3,1027.4,40.5,0,0
889,2022-01-02 19:00,-.3,271.2,.6,0,1025.8,1027.9,47.8,0,0
889,2022-01-02 20:00,-1.2,265.9,.8,0,1025.9,1028,39.9,0,0
889,2022-01-02 21:00,-3.2,0,.2,0,1026.1,1028.2,48.8,0,0
889,2022-01-02 22:00,-5.7,0,0,0,1026.4,1028.5,61.6,0,0
889,2022-01-02 23:00,-6.6,0,0,0,1026.6,1028.7,63.9,0,0
889,2022-01-03 00:00,-7.3,0,0,0,1026,1028.1,66.3,0,0
889,2022-01-03 01:00,-7.8,0,0,0,1026.1,1028.2,68.2,0,0
889,2022-01-03 02:00,-8.2,,,0,1026.1,1028.2,70.6,0,0
889,2022-01-03 03:00,-9.1,,,0,1026.3,1028.5,72.8,0,0
889,2022-01-03 04:00,-9.1,,,0,1025.9,1028.1,72.4,0,0
889,2022-01-03 05:00,-9,,,0,1025.8,1028,76.2,0,0
889,2022-01-03 06:00,-9.7,,,0,1025.6,1027.8,77.3,0,0
889,2022-01-03 07:00,-10.1,,,0,1025.6,1027.8,78.5,0,0
889,2022-01-03 08:00,-9.7,,,0,1026.3,1028.5,79,0,0
889,2022-01-03 09:00,-7.5,,,0,1026.5,1028.6,73.3,0,0
889,2022-01-03 10:00,-3.1,,,0,1026.5,1028.6,67.3,0,0
889,2022-01-03 11:00,-1,0,.3,0,1026.1,1028.2,40,0,0
889,2022-01-03 12:00,.7,16.7,.9,0,1025.1,1027.2,34.4,0,0
889,2022-01-03 13:00,2.1,259.4,1.6,0,1024.6,1026.7,41.6,0,0
889,2022-01-03 14:00,2.7,242.7,2.4,0,1023.7,1025.8,45.2,0,0
889,2022-01-03 15:00,2.8,297.4,1.3,0,1023.4,1025.4,45.2,0,0
889,2022-01-03 16:00,2.3,232.3,2.1,0,1023.2,1025.3,50.9,0,0
889,2022-01-03 17:00,2,225.1,1,0,1023.1,1025.2,56.3,0,0
889,2022-01-03 18:00,1.3,216.7,.5,0,1023,1025.1,64.5,0,0
889,2022-01-03 19:00,1.1,0,.1,0,1022.8,1024.9,68.3,0,0
889,2022-01-03 20:00,1.9,259.9,.7,0,1023,1025.1,72.1,0,0
889,2022-01-03 21:00,1.3,215.7,1.2,0,1022.8,1024.9,78.9,0,0
889,2022-01-03 22:00,-.2,0,0,0,1022.7,1024.8,92,0,0
889,2022-01-03 23:00,-1.2,0,0,0,1022.5,1024.6,97.1,0,0
889,2022-01-04 00:00,-.3,0,.1,0,1022.8,1024.9,96.7,0,0
889,2022-01-04 01:00,1.3,0,.2,0,1023.2,1025.3,90.9,0,0
889,2022-01-04 02:00,.8,282.1,1.2,0,1023.8,1025.9,79.6,0,0
889,2022-01-04 03:00,-1,269.1,1,0,1024.9,1027,82.8,0,0
889,2022-01-04 04:00,-1.3,309.2,.9,0,1025,1027.1,85.1,0,0
889,2022-01-04 05:00,-1.5,282.6,1.3,0,1025.2,1027.3,71.5,0,0
889,2022-01-04 06:00,-2.8,265.6,.7,0,1026,1028.1,78.7,0,0
889,2022-01-04 07:00,-2.5,278.1,1.6,0,1026.8,1028.9,70.1,0,0
889,2022-01-04 08:00,-4,266.6,.8,0,1026.9,1029,75.7,0,0
889,2022-01-04 09:00,-2.8,265.9,1.4,0,1027.3,1029.4,70.9,0,0
889,2022-01-04 10:00,-2,326.3,1.4,0,1027.6,1029.7,60.8,0,0
889,2022-01-04 11:00,-1.1,344.3,1.5,0,1027.5,1029.6,59,0,0
889,2022-01-04 12:00,-.3,243.5,2.3,0,1026.8,1028.9,46.4,0,0
889,2022-01-04 13:00,.3,341,1.9,0,1026.1,1028.2,39.8,0,0
889,2022-01-04 14:00,.7,275.6,1.7,0,1025.8,1027.9,32,0,0
889,2022-01-04 15:00,1.1,249.7,2.2,0,1025.9,1028,29.2,0,0
889,2022-01-04 16:00,.9,351.2,2.1,0,1026.1,1028.2,26.7,0,0
889,2022-01-04 17:00,-.1,302.8,.7,0,1026.4,1028.5,28.4,0,0
889,2022-01-04 18:00,-.7,268.1,1.7,0,1026.5,1028.6,30.4,0,0
889,2022-01-04 19:00,-2.9,0,.4,0,1026.7,1028.8,38.3,0,0
889,2022-01-04 20:00,-1.1,263.9,1,0,1026.9,1029,32.4,0,0
889,2022-01-04 21:00,-3.3,278.8,.5,0,1027.1,1029.2,39.4,0,0
889,2022-01-04 22:00,-6.3,0,0,0,1027.1,1029.2,55.3,0,0
889,2022-01-04 23:00,-7.3,0,0,0,1027.3,1029.4,63.6,0,0
889,2022-01-05 00:00,-7.8,0,0,0,1027.8,1029.9,66,0,0
889,2022-01-05 01:00,-8.2,0,0,0,1027.5,1029.6,66.8,0,0
889,2022-01-05 02:00,-8.6,0,0,0,1027.5,1029.7,67.3,0,0
889,2022-01-05 03:00,-9,0,0,0,1027.8,1030,72.3,0,0
889,2022-01-05 04:00,-8.5,,,0,1027.2,1029.3,73.4,0,0
889,2022-01-05 05:00,-9,,,0,1027.1,1029.3,74.5,0,0
889,2022-01-05 06:00,-9.3,,,0,1027.3,1029.5,76.1,0,0
889,2022-01-05 07:00,-9.2,,,0,1027.3,1029.5,77.8,0,0
889,2022-01-05 08:00,-8.1,,,0,1027.5,1029.6,76.8,0,0
889,2022-01-05 09:00,-6.3,,,0,1027.4,1029.5,70.3,0,0
889,2022-01-05 10:00,-3.3,0,.4,0,1027.6,1029.7,55.4,0,0
889,2022-01-05 11:00,-2,12.3,1,0,1027.6,1029.7,49.8,0,0
889,2022-01-05 12:00,-.6,15.7,1.2,0,1026.7,1028.8,43,0,0
889,2022-01-05 13:00,.3,18.8,1.5,0,1025.4,1027.5,41.1,0,0
889,2022-01-05 14:00,1.9,14,.9,0,1024.8,1026.9,37.5,0,0
889,2022-01-05 15:00,2.1,41.4,.5,0,1024.7,1026.8,35.6,0,0
889,2022-01-05 16:00,2.2,0,0,0,1024.3,1026.4,40.5,0,0
889,2022-01-05 17:00,1.3,0,0,0,1024.7,1026.8,44.6,0,0
889,2022-01-05 18:00,-.5,0,0,0,1024.9,1027,54.9,0,0
889,2022-01-05 19:00,-.8,0,0,0,1025.1,1027.2,56.6,0,0
889,2022-01-05 20:00,-2.1,,,0,1025.1,1027.2,61.4,0,0
889,2022-01-05 21:00,-2.5,,,0,1025.5,1027.6,62.4,0,0
889,2022-01-05 22:00,-3,,,0,1025.8,1027.9,61.8,0,0
889,2022-01-05 23:00,-4,,,0,1025.6,1027.7,67.8,0,0
889,2022-01-06 00:00,-3.8,,,0,1025.2,1027.3,67.6,0,0
889,2022-01-06 01:00,-5.4,,,0,1025.1,1027.2,72.6,0,0
889,2022-01-06 02:00,-6.1,,,0,1025.1,1027.2,74.4,0,0
889,2022-01-06 03:00,-6.9,,,0,1025.5,1027.6,77.1,0,0
889,2022-01-06 04:00,-6.8,,,0,1025.5,1027.6,77.2,0,0
889,2022-01-06 05:00,-7.9,,,0,1025.5,1027.6,80.2,0,0
889,2022-01-06 06:00,-7.2,226.1,.5,0,1026.1,1028.2,75.4,0,0
889,2022-01-06 07:00,-8.1,0,0,0,1026.9,1029,82.7,0,0
889,2022-01-06 08:00,-9,0,.2,0,1027.3,1029.5,79.7,0,0
889,2022-01-06 09:00,-7,0,0,0,1027.9,1030,77.2,0,0
889,2022-01-06 10:00,-1.3,0,0,0,1028.5,1030.6,56.1,0,0
889,2022-01-06 11:00,.2,346.8,1.1,0,1028.4,1030.5,42.5,0,0
889,2022-01-06 12:00,1.5,279.3,1.5,0,1027.7,1029.8,36.3,0,0
889,2022-01-06 13:00,2.4,319.2,1.6,0,1026.7,1028.8,34.1,0,0
889,2022-01-06 14:00,2.9,257.6,2,0,1026.3,1028.4,32,0,0
889,2022-01-06 15:00,3.5,305.8,1.7,0,1026,1028,31.4,0,0
889,2022-01-06 16:00,3.3,324.2,1.5,0,1026.2,1028.2,31.7,0,0
889,2022-01-06 17:00,1.8,278.6,.8,0,1026.7,1028.8,35,0,0
889,2022-01-06 18:00,-2.3,223.1,.6,0,1027.2,1029.3,49.6,0,0
889,2022-01-06 19:00,-1.9,256.5,.9,0,1027.8,1029.9,48.5,0,0
889,2022-01-06 20:00,-1.5,237.7,.5,0,1028.2,1030.3,47.3,0,0
889,2022-01-06 21:00,-3.9,0,0,0,1028.5,1030.6,58.1,0,0
889,2022-01-06 22:00,-4.8,0,0,0,1028.8,1030.9,61.8,0,0
889,2022-01-06 23:00,-5.4,0,0,0,1028.9,1031,66.1,0,0
889,2022-01-07 00:00,-6.5,0,0,0,1028.9,1031,69.8,0,0
889,2022-01-07 01:00,-6.9,0,0,0,1028.9,1031,72.3,0,0
889,2022-01-07 02:00,-7.4,0,0,0,1029,1031.1,74.9,0,0
889,2022-01-07 03:00,-7.4,,,0,1029.2,1031.3,76,0,0
889,2022-01-07 04:00,-7.9,,,0,1029.2,1031.3,78.2,0,0
889,2022-01-07 05:00,-8,,,0,1029.1,1031.2,80.1,0,0
889,2022-01-07 06:00,-8.2,,,0,1029.3,1031.5,81,0,0
889,2022-01-07 07:00,-8.5,,,0,1029.6,1031.8,87.7,0,0
889,2022-01-07 08:00,-8.3,,,0,1029.7,1031.9,86.6,0,0
889,2022-01-07 09:00,-6.9,,,0,1030,1032.1,85.5,0,0
889,2022-01-07 10:00,-2.4,,,0,1030.2,1032.3,68.4,0,0
889,2022-01-07 11:00,.3,5.9,1,0,1029.7,1031.8,50.4,0,0
889,2022-01-07 12:00,2.7,103.9,.6,0,1028.7,1030.8,44.7,0,0
889,2022-01-07 13:00,2.7,357.9,1.8,0,1027.9,1030,37.4,0,0
889,2022-01-07 14:00,3.4,0,1.5,0,1027.2,1029.3,31.5,0,0
889,2022-01-07 15:00,4.2,351.7,1.5,0,1026.9,1028.9,30,0,0
889,2022-01-07 16:00,4.2,349.9,1.2,0,1026.7,1028.7,26.4,0,0
889,2022-01-07 17:00,1,265.2,.7,0,1026.7,1028.8,35.9,0,0
889,2022-01-07 18:00,-1.9,0,0,0,1026.8,1028.9,47.3,0,0
889,2022-01-07 19:00,-2.8,0,0,0,1027,1029.1,55.9,0,0
889,2022-01-07 20:00,-3.7,0,0,0,1027.2,1029.3,64.7,0,0
889,2022-01-07 21:00,-4,0,0,0,1027.2,1029.3,69,0,0
889,2022-01-07 22:00,-5.2,,,0,1026.9,1029,73.1,0,0
889,2022-01-07 23:00,-5.4,,,0,1026.7,1028.8,76.2,0,0
889,2022-01-08 00:00,-5.8,,,0,1026.4,1028.5,78,0,0
889,2022-01-08 01:00,-6.1,,,0,1026,1028.1,80,0,0
889,2022-01-08 02:00,-6.3,,,0,1026,1028.1,80.4,0,0
889,2022-01-08 03:00,-6.5,,,0,1026.2,1028.3,83.6,0,0
889,2022-01-08 04:00,-6.7,,,0,1025.5,1027.6,84.6,0,0
889,2022-01-08 05:00,-6.7,,,0,1025.1,1027.2,85.3,0,0
889,2022-01-08 06:00,-6.9,,,0,1025,1027.1,85.6,0,0
889,2022-01-08 07:00,-6.7,,,0,1024.8,1026.9,87.4,0,0
889,2022-01-08 08:00,-6.5,,,0,1024.8,1026.9,85.5,0,0
889,2022-01-08 09:00,-4.4,,,0,1024.6,1026.7,78.8,0,0
889,2022-01-08 10:00,-.8,0,.1,0,1024.7,1026.8,65.9,0,0
889,2022-01-08 11:00,.7,12.8,1.2,0,1023.9,1026,57.6,0,0
889,2022-01-08 12:00,2.3,0,.3,0,1023,1025.1,51.9,0,0
889,2022-01-08 13:00,3.2,9.8,1,0,1022,1024,49.6,0,0
889,2022-01-08 14:00,4.1,0,.2,0,1021.2,1023.2,49.3,0,0
889,2022-01-08 15:00,4.5,240.7,1.3,0,1021,1023,60.4,0,0
889,2022-01-08 16:00,4.6,0,.3,0,1020.8,1022.8,62.9,0,0
889,2022-01-08 17:00,4,231.8,.8,0,1020.5,1022.5,70.9,0,0
889,2022-01-08 18:00,2.1,0,0,0,1020.9,1022.9,79.2,0,0
889,2022-01-08 19:00,.3,0,0,0,1021,1023.1,91.2,0,0
889,2022-01-08 20:00,-.1,0,0,0,1021,1023.1,98.1,0,0
889,2022-01-08 21:00,.9,0,0,0,1020.7,1022.8,96.8,0,0
889,2022-01-08 22:00,1.3,0,0,0,1020.6,1022.7,97,0,0
889,2022-01-08 23:00,2.4,0,.4,0,1020.3,1022.3,95.2,0,0
889,2022-01-09 00:00,3.4,239.4,.8,0,1019.8,1021.8,87.4,0,0
889,2022-01-09 01:00,3,237.8,.8,0,1019.5,1021.5,90,0,0
889,2022-01-09 02:00,3.8,260.9,.9,0,1019.7,1021.7,88.7,0,0
889,2022-01-09 03:00,1.1,0,0,0,1020,1022.1,93.9,0,0
889,2022-01-09 04:00,1.5,345.7,.6,0,1020,1022.1,96,0,0
889,2022-01-09 05:00,-1.4,0,.1,0,1020.2,1022.3,99.7,0,0
889,2022-01-09 06:00,-2.5,0,0,0,1020.3,1022.4,99.9,0,0
889,2022-01-09 07:00,-2.7,0,0,0,1020.6,1022.7,99.9,0,0
889,2022-01-09 08:00,-2.4,0,0,0,1021.1,1023.2,99.9,0,0
889,2022-01-09 09:00,-1.6,0,0,0,1021.2,1023.3,99.9,0,0
889,2022-01-09 10:00,.4,0,0,0,1021.6,1023.7,94.2,0,0
889,2022-01-09 11:00,2.2,0,0,0,1021.7,1023.8,83.5,0,0
889,2022-01-09 12:00,3.2,0,0,0,1021.3,1023.3,74.3,0,0
889,2022-01-09 13:00,3.8,358.9,.8,0,1020.6,1022.6,64.6,0,0
889,2022-01-09 14:00,4.7,12.1,1,0,1020.1,1022.1,56.6,0,0
889,2022-01-09 15:00,5.5,0,.4,0,1020.1,1022.1,53.5,0,0
889,2022-01-09 16:00,5.4,316.3,.6,0,1020.1,1022.1,48.1,0,0
889,2022-01-09 17:00,1.9,0,0,0,1020.1,1022.2,60.2,0,0
889,2022-01-09 18:00,-.5,0,0,0,1020.6,1022.7,68.9,0,0
889,2022-01-09 19:00,-.9,253.2,.5,0,1021.1,1023.2,69,0,0
889,2022-01-09 20:00,-2.4,0,0,0,1021.4,1023.5,82.4,0,0
889,2022-01-09 21:00,-2.6,0,0,0,1021.6,1023.7,87.7,0,0
889,2022-01-09 22:00,-3.4,0,0,0,1021.5,1023.6,90.7,0,0
889,2022-01-09 23:00,-3.3,0,0,0,1021.3,1023.4,91.1,0,0
889,2022-01-10 00:00,-3.8,0,0,0,1021.4,1023.5,92.4,0,0
889,2022-01-10 01:00,-4.2,0,0,0,1021.2,1023.3,91.3,0,0
889,2022-01-10 02:00,-4.6,,,0,1021.1,1023.2,93.5,0,0
889,2022-01-10 03:00,-4.6,,,0,1021.6,1023.7,95.1,0,0
889,2022-01-10 04:00,-4.7,,,0,1021.6,1023.7,97.4,0,0
889,2022-01-10 05:00,-5,,,0,1021,1023.1,98.4,0,0
889,2022-01-10 06:00,-5.3,0,0,0,1021.1,1023.2,99.4,0,0
889,2022-01-10 07:00,-5.7,0,0,0,1021.5,1023.6,99.5,0,0
889,2022-01-10 08:00,-5.9,0,0,0,1021.2,1023.3,99.9,0,0
889,2022-01-10 09:00,-4.7,0,0,0,1021.5,1023.6,99.4,0,0
889,2022-01-10 10:00,-1.8,,,0,1021.8,1023.9,94.8,0,0
889,2022-01-10 11:00,2.2,6.4,.9,0,1020.7,1022.7,72.3,0,0
889,2022-01-10 12:00,3.4,22.9,.7,0,1019.7,1021.7,60.8,0,0
889,2022-01-10 13:00,4.3,9.2,1.2,0,1018.8,1020.8,55.5,0,0
889,2022-01-10 14:00,5.1,329.6,1,0,1018.2,1020.2,49.4,0,0
889,2022-01-10 15:00,4.9,294.1,.9,0,1018,1020,48.1,0,0
889,2022-01-10 16:00,4.3,343.1,1.2,0,1017.8,1019.8,51.5,0,0
889,2022-01-10 17:00,3.9,263.1,1.2,0,1017.3,1019.3,48.3,0,0
889,2022-01-10 18:00,3.4,266.4,1.2,0,1017.1,1019.1,52.2,0,0
889,2022-01-10 19:00,3.2,252,1.9,0,1017.5,1019.5,46.1,0,0
889,2022-01-10 20:00,2.2,214.6,1.1,0,1016.9,1018.9,61.7,0,0
889,2022-01-10 21:00,2.2,233.1,.9,0,1016.3,1018.3,59.8,0,0
889,2022-01-10 22:00,2.2,247.7,1,0,1016.1,1018.1,61.2,0,0
889,2022-01-10 23:00,.9,230.3,1.5,0,1015.9,1018,89.6,0,0
889,2022-01-11 00:00,.4,0,0,0,1015.3,1017.4,99.9,0,0
889,2022-01-11 01:00,-.3,292.1,2.3,.5,1015.6,1017.7,92.1,0,0
889,2022-01-11 02:00,-1.8,324.6,1.9,0,1015.9,1018,73,0,0
889,2022-01-11 03:00,-3.4,291.7,2.9,0,1016.1,1018.2,70.2,0,0
889,2022-01-11 04:00,-4.9,282.3,2.1,0,1016,1018.1,67.2,0,0
889,2022-01-11 05:00,-5.9,278.3,1.9,0,1015.9,1018,69.1,0,0
889,2022-01-11 06:00,-6.7,305.9,1.3,0,1016.6,1018.7,71.6,0,0
889,2022-01-11 07:00,-7.3,287.8,1.6,0,1017.6,1019.7,66.8,0,0
889,2022-01-11 08:00,-8.1,304.2,1.9,0,1017.9,1020,62.2,0,0
889,2022-01-11 09:00,-8.3,285.3,2.8,0,1018.8,1020.9,55.6,0,0
889,2022-01-11 10:00,-7.4,331.7,2.3,0,1019.4,1021.5,53.6,0,0
889,2022-01-11 11:00,-6,293.5,2.2,0,1019.6,1021.7,51.2,0,0
889,2022-01-11 12:00,-5.5,270.9,2,0,1019.2,1021.3,47.5,0,0
889,2022-01-11 13:00,-5.1,268.1,2.9,0,1018.8,1020.9,44.7,0,0
889,2022-01-11 14:00,-4.5,302.6,2,0,1018.5,1020.6,43.7,0,0
889,2022-01-11 15:00,-3.8,333.7,2.1,0,1018.7,1020.8,41.6,0,0
889,2022-01-11 16:00,-3.6,333,2.2,0,1019.2,1021.3,38.8,0,0
889,2022-01-11 17:00,-4.6,269,1.8,0,1019.9,1022,39.9,0,0
889,2022-01-11 18:00,-5.4,300.2,1.6,0,1020.8,1022.9,42.9,0,0
889,2022-01-11 19:00,-6.4,299.6,2.1,0,1021.7,1023.8,50.6,0,0
889,2022-01-11 20:00,-7.3,289.8,1.9,0,1022.6,1024.7,49.5,0,0
889,2022-01-11 21:00,-7.9,270.9,2.3,0,1022.8,1024.9,52.2,0,0
889,2022-01-11 22:00,-8.3,300.9,1.3,0,1023.3,1025.4,51.9,0,0
889,2022-01-11 23:00,-8.6,335.1,.9,0,1023.3,1025.4,52.3,0,0
889,2022-01-12 00:00,-9.2,317.3,.9,0,1023.1,1025.2,53.2,0,0
889,2022-01-12 01:00,-10.2,268.1,.7,0,1022.9,1025.1,63.8,0,0
889,2022-01-12 02:00,-8.8,316,1.2,0,1022.8,1024.9,55.6,0,0
889,2022-01-12 03:00,-8.6,291.4,1.4,0,1023,1025.1,53.6,0,0
889,2022-01-12 04:00,-8.7,326.6,1,0,1022.8,1024.9,52.9,0,0
889,2022-01-12 05:00,-8.8,290.8,1.3,0,1022.4,1024.5,52.1,0,0
889,2022-01-12 06:00,-9.7,267.6,.6,0,1022.4,1024.5,53.7,0,0
889,2022-01-12 07:00,-10.4,0,.3,0,1022.3,1024.5,58.3,0,0
889,2022-01-12 08:00,-9.2,317.3,1,0,1022.6,1024.7,56,0,0
889,2022-01-12 09:00,-8.7,261.8,1.2,0,1022.9,1025,51.5,0,0
889,2022-01-12 10:00,-7,324.2,.7,0,1022.7,1024.8,47.9,0,0
889,2022-01-12 11:00,-6.1,344.7,1.7,0,1022.7,1024.8,47.1,0,0
889,2022-01-12 12:00,-5,338.9,1.7,0,1021.8,1023.9,43,0,0
889,2022-01-12 13:00,-4.1,343.5,1.7,0,1020.8,1022.9,42.6,0,0
889,2022-01-12 14:00,-3.3,338.2,1.4,0,1020.3,1022.4,40.4,0,0
889,2022-01-12 15:00,-2.9,344.8,1.8,0,1020.1,1022.2,41.7,0,0
889,2022-01-12 16:00,-2.9,326.3,1.8,0,1020.1,1022.2,40.4,0,0
889,2022-01-12 17:00,-3.5,283,.7,0,1020.2,1022.3,42,0,0
889,2022-01-12 18:00,-4.2,247.9,1,0,1020.6,1022.7,43.6,0,0
889,2022-01-12 19:00,-4.3,246.4,1.6,0,1021.2,1023.3,45.5,0,0
889,2022-01-12 20:00,-4.4,280.6,1.3,0,1020.8,1022.9,38.6,0,0
889,2022-01-12 21:00,-4.2,257.8,1.3,0,1020.5,1022.6,38.2,0,0
889,2022-01-12 22:00,-4.8,291.8,.6,0,1020.1,1022.2,39.5,0,0
889,2022-01-12 23:00,-4.7,266.5,.9,0,1019.9,1022,41.2,0,0
889,2022-01-13 00:00,-7.5,0,.2,0,1019.6,1021.7,57.7,0,0
889,2022-01-13 01:00,-5.1,12.1,.6,0,1019.2,1021.3,47,0,0
889,2022-01-13 02:00,-5.4,282.2,.5,0,1018.8,1020.9,47.6,0,0
889,2022-01-13 03:00,-4.9,0,.3,0,1018.6,1020.7,43.8,0,0
889,2022-01-13 04:00,-5.3,260.8,.9,0,1017.7,1019.8,45.5,0,0
889,2022-01-13 05:00,-5.2,283.9,1.2,0,1017.6,1019.7,48.9,0,0
889,2022-01-13 06:00,-4.8,295.2,1.8,0,1018,1020.1,49.8,0,0
889,2022-01-13 07:00,-5.1,289.9,2.2,0,1018.8,1020.9,49.1,0,0
889,2022-01-13 08:00,-5.8,252.9,2,0,1019.1,1021.2,50,0,0
889,2022-01-13 09:00,-5.4,249.2,2.4,0,1019.8,1021.9,45.3,0,0
889,2022-01-13 10:00,-4.5,288.2,2,0,1020.3,1022.4,44,0,0
889,2022-01-13 11:00,-3.9,339.7,3,0,1020.4,1022.5,41.8,0,0
889,2022-01-13 12:00,-3.7,276.8,3,0,1020.2,1022.3,38.5,0,0
889,2022-01-13 13:00,-3.3,295.6,3.1,0,1019.8,1021.9,32.1,0,0
889,2022-01-13 14:00,-2.7,322.8,2.6,0,1019.5,1021.6,34.7,0,0
889,2022-01-13 15:00,-2.4,273.6,2.7,0,1019.3,1021.4,34.4,0,0
889,2022-01-13 16:00,-2.9,305.8,2.2,0,1020.1,1022.2,36.5,0,0
889,2022-01-13 17:00,-3.9,297.2,2.3,0,1020.7,1022.8,41.2,0,0
889,2022-01-13 18:00,-4.9,286,2.3,0,1021.6,1023.7,44.6,0,0
889,2022-01-13 19:00,-5.6,293.3,2.6,0,1022.3,1024.4,47.2,0,0
889,2022-01-13 20:00,-6,270.9,2.6,0,1022.9,1025,46.9,0,0
889,2022-01-13 21:00,-6.3,268.3,1.9,0,1023.3,1025.4,47,0,0
889,2022-01-13 22:00,-6.3,279.5,1.5,0,1023.7,1025.8,47.1,0,0
889,2022-01-13 23:00,-6.3,287.2,1.3,0,1023.7,1025.8,45.9,0,0
889,2022-01-14 00:00,-6.8,252.2,.7,0,1023.8,1025.9,48.2,0,0
889,2022-01-14 01:00,-6.8,262,1.1,0,1023.7,1025.8,51.9,0,0
889,2022-01-14 02:00,-7.5,311.5,.8,0,1023.9,1026,51.1,0,0
889,2022-01-14 03:00,-7.5,305.1,.9,0,1024.4,1026.5,54.2,0,0
889,2022-01-14 04:00,-6.9,286.6,1.1,0,1024.4,1026.5,47.3,0,0
889,2022-01-14 05:00,-7.7,292.4,.8,0,1024.2,1026.3,49.1,0,0
889,2022-01-14 06:00,-10.4,0,0,0,1024.5,1026.7,62.8,0,0
889,2022-01-14 07:00,-11.1,0,.2,0,1025,1027.2,65,0,0
889,2022-01-14 08:00,-10.6,0,0,0,1025.5,1027.7,64.2,0,0
889,2022-01-14 09:00,-7,297.4,1.3,0,1025.8,1027.9,49.3,0,0
889,2022-01-14 10:00,-5.3,173.5,.7,0,1026.1,1028.2,46,0,0
889,2022-01-14 11:00,-3.6,336.7,.6,0,1026.4,1028.5,38.8,0,0
889,2022-01-14 12:00,-2.7,35.4,1,0,1025.2,1027.3,36.1,0,0
889,2022-01-14 13:00,-1.1,132.6,.9,0,1024.5,1026.6,30.1,0,0
889,2022-01-14 14:00,-.1,347.9,1.4,0,1024,1026.1,28.7,0,0
889,2022-01-14 15:00,.6,7.3,1.5,0,1023.5,1025.6,28,0,0
889,2022-01-14 16:00,1.1,328.6,1.1,0,1022.9,1025,25.3,0,0
889,2022-01-14 17:00,-1.2,0,.3,0,1022.7,1024.8,32.9,0,0
889,2022-01-14 18:00,-4,226.6,.5,0,1022.3,1024.4,45,0,0
889,2022-01-14 19:00,-4.8,0,0,0,1023.2,1025.3,50,0,0
889,2022-01-14 20:00,-5,0,0,0,1023.4,1025.5,50.6,0,0
889,2022-01-14 21:00,-5.2,0,0,0,1023.7,1025.8,59.7,0,0
889,2022-01-14 22:00,-5.9,0,0,0,1023.9,1026,64.5,0,0
889,2022-01-14 23:00,-6,0,0,0,1024.2,1026.3,65.8,0,0
889,2022-01-15 00:00,-5.6,0,0,0,1024,1026.1,62.4,0,0
889,2022-01-15 01:00,-5.3,0,0,0,1023.6,1025.7,61.7,0,0
889,2022-01-15 02:00,-5.9,,,0,1023.2,1025.3,65.6,0,0
889,2022-01-15 03:00,-6.4,,,0,1023.4,1025.5,69.5,0,0
889,2022-01-15 04:00,-7.2,,,0,1022.8,1024.9,68.8,0,0
889,2022-01-15 05:00,-6.3,,,0,1022.3,1024.4,68.4,0,0
889,2022-01-15 06:00,-5.6,,,0,1022.2,1024.3,67.4,0,0
889,2022-01-15 07:00,-5.2,,,0,1022.1,1024.2,65.9,0,0
889,2022-01-15 08:00,-4.5,,,0,1022.2,1024.3,63,0,0
889,2022-01-15 09:00,-3.1,,,0,1022.2,1024.3,60,0,0
889,2022-01-15 10:00,-.9,,,0,1022.2,1024.3,46.1,0,0
889,2022-01-15 11:00,.5,22.6,1.1,0,1021.9,1024,48.3,0,0
889,2022-01-15 12:00,1.2,27,1.6,0,1021.2,1023.3,45.1,0,0
889,2022-01-15 13:00,1.5,11.2,.6,0,1020.6,1022.7,43.4,0,0
889,2022-01-15 14:00,1.9,29.6,.6,0,1020.1,1022.2,41.9,0,0
889,2022-01-15 15:00,2.6,0,.2,0,1019.6,1021.6,42.8,0,0
889,2022-01-15 16:00,2.9,0,.4,0,1019.6,1021.6,42,0,0
889,2022-01-15 17:00,2.5,0,.3,0,1019.8,1021.8,46.4,0,0
889,2022-01-15 18:00,1.7,0,.1,0,1019.7,1021.8,55.5,0,0
889,2022-01-15 19:00,1.5,0,.2,0,1019.8,1021.9,61.7,0,0
889,2022-01-15 20:00,1.3,0,0,0,1019.8,1021.9,65.5,0,0
889,2022-01-15 21:00,1.2,0,0,0,1020,1022.1,66.9,0,0
889,2022-01-15 22:00,.9,0,0,0,1019.8,1021.9,68.1,0,0
889,2022-01-15 23:00,.9,0,.4,0,1019.8,1021.9,66.8,0,0
889,2022-01-16 00:00,.3,0,.3,0,1019.8,1021.9,71.2,0,0
889,2022-01-16 01:00,.2,0,0,0,1020.2,1022.3,76.5,0,0
889,2022-01-16 02:00,3.7,233.1,2.1,0,1019.6,1021.6,74.1,0,0
889,2022-01-16 03:00,3.7,236.8,1.2,0,1019.6,1021.6,74.6,0,0
889,2022-01-16 04:00,3.6,242.1,1.3,0,1019.5,1021.5,76.7,0,0
889,2022-01-16 05:00,2.2,255,2.4,0,1019.8,1021.8,79,0,0
889,2022-01-16 06:00,.9,258.9,.7,0,1020.5,1022.6,79.6,0,0
889,2022-01-16 07:00,.1,241.4,2.4,0,1021.4,1023.5,76.2,0,0
889,2022-01-16 08:00,-.9,252,1.9,0,1022.1,1024.2,70.7,0,0
889,2022-01-16 09:00,-2.4,252.2,2.3,0,1023,1025.1,66.7,0,0
889,2022-01-16 10:00,-1.9,267.1,1.6,0,1023.9,1026,63.5,0,0
889,2022-01-16 11:00,-1.3,287,2.1,0,1024.5,1026.6,52.8,0,0
889,2022-01-16 12:00,-.4,266.4,2.3,0,1024.2,1026.3,46.1,0,0
889,2022-01-16 13:00,.4,285.3,2.2,0,1023.7,1025.8,36.6,0,0
889,2022-01-16 14:00,.4,247.3,2.6,0,1024,1026.1,36.9,0,0
889,2022-01-16 15:00,-.1,267.4,2.5,0,1023.9,1026,35.9,0,0
889,2022-01-16 16:00,.2,241.4,2.7,0,1024.3,1026.4,35.9,0,0
889,2022-01-16 17:00,-.9,238.7,2.3,0,1024,1026.1,39.6,0,0
889,2022-01-16 18:00,-1.5,255.7,2.3,0,1024.4,1026.5,41.7,0,0
889,2022-01-16 19:00,-1.8,262,2.3,0,1025,1027.1,43,0,0
889,2022-01-16 20:00,-2.4,279,1.5,0,1025.5,1027.6,41.8,0,0
889,2022-01-16 21:00,-3,276.4,1.2,0,1025.5,1027.6,38.7,0,0
889,2022-01-16 22:00,-4,297.4,2,0,1026.4,1028.5,42.5,0,0
889,2022-01-16 23:00,-5,285.3,1.6,0,1026.7,1028.8,49.8,0,0
889,2022-01-17 00:00,-5.8,288.1,1.2,0,1026.8,1028.9,53.2,0,0
889,2022-01-17 01:00,-6.3,276.5,1,0,1026.8,1028.9,54.6,0,0
889,2022-01-17 02:00,-8.5,0,0,0,1026.6,1028.7,62.9,0,0
889,2022-01-17 03:00,-9,0,0,0,1026.8,1029,66.4,0,0
889,2022-01-17 04:00,-10,0,0,0,1026.6,1028.8,69.9,0,0
889,2022-01-17 05:00,-10.3,0,0,0,1026.3,1028.5,71.8,0,0
889,2022-01-17 06:00,-10.2,0,0,0,1026,1028.2,72.9,0,0
889,2022-01-17 07:00,-10.4,0,0,0,1026.3,1028.5,71.7,0,0
889,2022-01-17 08:00,-10.5,0,0,0,1026.6,1028.8,72.2,0,0
889,2022-01-17 09:00,-9,0,0,0,1026.7,1028.9,69.5,0,0
889,2022-01-17 10:00,-3.5,0,0,0,1027.4,1029.5,51.1,0,0
889,2022-01-17 11:00,-2.4,244.8,1.9,0,1026.8,1028.9,42.1,0,0
889,2022-01-17 12:00,-1.1,287.8,1.4,0,1025.5,1027.6,41,0,0
889,2022-01-17 13:00,-.3,286.7,1.4,0,1024.1,1026.2,42.2,0,0
889,2022-01-17 14:00,0,252,1.8,0,1023.4,1025.5,51.9,0,0
889,2022-01-17 15:00,-1.6,260.2,2.3,0,1023.9,1026,81.1,0,0
889,2022-01-17 16:00,-1.4,284.9,1.2,0,1023.2,1025.3,77,0,0
889,2022-01-17 17:00,-1.3,268.1,1.8,0,1023.5,1025.6,74.1,0,0
889,2022-01-17 18:00,-3.2,268.3,2.5,0,1024,1026.1,92.7,0,0
889,2022-01-17 19:00,-3.4,332.7,1.5,0,1025.3,1027.4,59.8,0,0
889,2022-01-17 20:00,-3.9,287.3,3.2,0,1026.4,1028.5,47.3,0,0
889,2022-01-17 21:00,-4.8,277.8,2,0,1027.2,1029.3,46.5,0,0
889,2022-01-17 22:00,-5.1,309.2,1.4,0,1027.6,1029.7,50.2,0,0
889,2022-01-17 23:00,-5.4,303.8,1,0,1027.5,1029.6,51.5,0,0
889,2022-01-18 00:00,-5.4,278,2.2,0,1027.1,1029.2,51,0,0
889,2022-01-18 01:00,-5.5,263.8,1.6,0,1027.1,1029.2,50,0,0
889,2022-01-18 02:00,-6.1,266.5,1.5,0,1027.1,1029.2,50.7,0,0
889,2022-01-18 03:00,-6.9,325.9,.7,0,1027.4,1029.5,55.6,0,0
889,2022-01-18 04:00,-9.1,0,0,0,1027.3,1029.5,69.8,0,0
889,2022-01-18 05:00,-9.9,0,.2,0,1027.4,1029.6,68.7,0,0
889,2022-01-18 06:00,-7.9,303.3,1.1,0,1027.5,1029.6,57.7,0,0
889,2022-01-18 07:00,-7.7,293,1.1,0,1027.8,1029.9,58.6,0,0
889,2022-01-18 08:00,-8.2,275.1,1,0,1028.2,1030.3,58.3,0,0
889,2022-01-18 09:00,-7.4,271.7,1.5,0,1028.7,1030.8,56.6,0,0
889,2022-01-18 10:00,-5.9,317,1.3,0,1028.8,1030.9,53.2,0,0
889,2022-01-18 11:00,-5,277.2,.9,0,1028.9,1031,44.8,0,0
889,2022-01-18 12:00,-2.9,328.1,.9,0,1028.1,1030.2,38.4,0,0
889,2022-01-18 13:00,-2,321.2,1.2,0,1027.1,1029.2,31.4,0,0
889,2022-01-18 14:00,-1.2,308.9,1.8,0,1026.3,1028.4,29.3,0,0
889,2022-01-18 15:00,-.4,236.8,1.9,0,1025.6,1027.7,29.1,0,0
889,2022-01-18 16:00,.2,267.9,1.2,0,1025.3,1027.4,27.1,0,0
889,2022-01-18 17:00,-.8,292.9,1.6,0,1025.6,1027.7,29.9,0,0
889,2022-01-18 18:00,-2.5,0,.4,0,1025.6,1027.7,34.7,0,0
889,2022-01-18 19:00,-5.9,218,.6,0,1026,1028.1,52.1,0,0
889,2022-01-18 20:00,-6,0,0,0,1026.3,1028.4,56.4,0,0
889,2022-01-18 21:00,-6.5,0,0,0,1026.8,1028.9,64.3,0,0
889,2022-01-18 22:00,-7,0,0,0,1026.3,1028.4,68,0,0
889,2022-01-18 23:00,-7.6,0,0,0,1026.3,1028.4,73.8,0,0
889,2022-01-19 00:00,-8,0,0,0,1026.2,1028.3,75.7,0,0
889,2022-01-19 01:00,-7.8,0,0,0,1026.1,1028.2,74.8,0,0
889,2022-01-19 02:00,-8.5,0,0,0,1026,1028.1,74,0,0
889,2022-01-19 03:00,-8.4,0,0,0,1025.8,1027.9,72.8,0,0
889,2022-01-19 04:00,-8.4,,,0,1025.3,1027.4,75.3,0,0
889,2022-01-19 05:00,-8.9,,,0,1024.8,1026.9,75.4,0,0
889,2022-01-19 06:00,-7.8,,,0,1024.3,1026.4,75,0,0
889,2022-01-19 07:00,-7.9,,,0,1023.7,1025.8,75.1,0,0
889,2022-01-19 08:00,-6.5,,,0,1023.5,1025.6,73.2,0,0
889,2022-01-19 09:00,-3.8,,,0,1023.3,1025.4,64.9,0,0
889,2022-01-19 10:00,-3.8,41.1,.7,0,1023.7,1025.8,81.3,0,0
889,2022-01-19 11:00,-3.4,75.4,.5,0,1023.7,1025.8,90.5,0,0
889,2022-01-19 12:00,-2.5,97.4,.8,0,1022.2,1024.3,89.7,0,0
889,2022-01-19 13:00,-2.6,0,.2,0,1021.6,1023.7,91.7,0,0
889,2022-01-19 14:00,-2.7,15,.9,0,1021.1,1023.2,96.3,0,0
889,2022-01-19 15:00,-2.4,0,.2,0,1020.8,1022.9,97.6,0,0
889,2022-01-19 16:00,-2.4,321.3,.9,0,1020.8,1022.9,94.4,0,0
889,2022-01-19 17:00,-2.3,339.9,1.8,0,1020.8,1022.9,85.5,0,0
889,2022-01-19 18:00,-2.2,251,2.4,0,1020.9,1023,75.9,0,0
889,2022-01-19 19:00,-3.7,287.1,2,0,1021.9,1024,67.4,0,0
889,2022-01-19 20:00,-4.6,285.6,2.3,0,1022.7,1024.8,68.7,0,0
889,2022-01-19 21:00,-5.4,319.7,1,0,1023.5,1025.6,73.7,0,0
889,2022-01-19 22:00,-5.9,268.4,1.3,0,1023.8,1025.9,74.7,0,0
889,2022-01-19 23:00,-7.7,249.8,.9,0,1023.9,1026,82.3,0,0
889,2022-01-20 00:00,-7.4,246.9,.9,0,1024.4,1026.5,81.3,0,0
889,2022-01-20 01:00,-8.4,0,0,0,1024.5,1026.6,85.6,0,0
889,2022-01-20 02:00,-10.2,0,.4,0,1024.9,1027.1,87.1,0,0
889,2022-01-20 03:00,-11.1,0,0,0,1025.5,1027.7,91.8,0,0
889,2022-01-20 04:00,-11.9,0,0,0,1025.5,1027.7,93.7,0,0
889,2022-01-20 05:00,-11.7,0,0,0,1025.6,1027.8,94.7,0,0
889,2022-01-20 06:00,-12.3,0,0,0,1026.1,1028.3,94.9,0,0
889,2022-01-20 07:00,-12.2,,,0,1026.5,1028.7,95.7,0,0
889,2022-01-20 08:00,-12.1,,,0,1027.1,1029.3,94.8,0,0
889,2022-01-20 09:00,-10.6,,,0,1027.7,1029.9,95.6,0,0
889,2022-01-20 10:00,-4.9,,,0,1028.3,1030.4,78.8,0,0
889,2022-01-20 11:00,-1.7,0,0,0,1028.6,1030.7,59.8,0,0
889,2022-01-20 12:00,-1.1,0,0,0,1028.2,1030.3,54,0,0
889,2022-01-20 13:00,-.1,66.2,.7,0,1027.5,1029.6,48.3,0,0
889,2022-01-20 14:00,.8,359.7,1.4,0,1027.1,1029.2,45.7,0,0
889,2022-01-20 15:00,1.3,329.7,1.4,0,1027.1,1029.2,45.8,0,0
889,2022-01-20 16:00,1,341.1,1.5,0,1027.2,1029.3,45.8,0,0
889,2022-01-20 17:00,.5,275.7,1.2,0,1027.1,1029.2,44.6,0,0
889,2022-01-20 18:00,-.9,265.4,1.3,0,1027.6,1029.7,45.5,0,0
889,2022-01-20 19:00,,,,0,,,,0,0
889,2022-01-21 00:00,-8.4,,,0,1029.1,1031.3,80.7,0,0
889,2022-01-21 01:00,-8.8,0,0,0,1028.9,1031.1,84.3,0,0
889,2022-01-21 02:00,-8.8,0,0,0,1028.9,1031.1,83.9,0,0
889,2022-01-21 03:00,-9.1,0,0,0,1029,1031.2,83.7,0,0
889,2022-01-21 04:00,-9.9,0,0,0,1029.1,1031.3,86.6,0,0
889,2022-01-21 05:00,-9.9,,,0,1029.2,1031.4,91.2,0,0
889,2022-01-21 06:00,-10.5,,,0,1029.6,1031.8,90.7,0,0
889,2022-01-21 07:00,-10.1,,,0,1029.7,1031.9,93.2,0,0
889,2022-01-21 08:00,-10.7,,,0,1030,1032.2,92.5,0,0
889,2022-01-21 09:00,-8.8,,,0,1030.7,1032.9,93.1,0,0
889,2022-01-21 10:00,-3.4,38.1,.5,0,1030.9,1033,69.6,0,0
889,2022-01-21 11:00,-1.1,28.6,1,0,1031,1033.1,55.7,0,0
889,2022-01-21 12:00,.1,14.6,2.1,0,1030.3,1032.4,49.7,0,0
889,2022-01-21 13:00,1.7,18.2,2.1,0,1029.1,1031.2,44.7,0,0
889,2022-01-21 14:00,2.7,18.7,1.7,0,1028.1,1030.2,40.8,0,0
889,2022-01-21 15:00,3.4,19.4,1.6,0,1027.5,1029.6,35.5,0,0
889,2022-01-21 16:00,5.3,0,0,0,1027.4,1029.4,32.3,0,0
889,2022-01-21 17:00,1.6,0,0,0,1027.2,1029.3,46.2,0,0
889,2022-01-21 18:00,-1.8,0,0,0,1027.1,1029.2,60.6,0,0
889,2022-01-21 19:00,-2.5,0,0,0,1027.2,1029.3,63.3,0,0
889,2022-01-21 20:00,-4,0,0,0,1027.7,1029.8,70.4,0,0
889,2022-01-21 21:00,-4.6,,,0,1027.6,1029.7,73.4,0,0
889,2022-01-21 22:00,-5.4,,,0,1027.4,1029.5,77,0,0
889,2022-01-21 23:00,-5.7,,,0,1026.8,1028.9,79.3,0,0
889,2022-01-22 00:00,-6,0,0,0,1026.5,1028.6,81.3,0,0
889,2022-01-22 01:00,-6.4,0,0,0,1026.3,1028.4,85.6,0,0
889,2022-01-22 02:00,-7,0,0,0,1026.4,1028.5,83.3,0,0
889,2022-01-22 03:00,-6.4,0,0,0,1026.5,1028.6,83.5,0,0
889,2022-01-22 04:00,-6,,,0,1026.1,1028.2,83.5,0,0
889,2022-01-22 05:00,-7,0,0,0,1025.8,1027.9,85.2,0,0
889,2022-01-22 06:00,-6.9,0,0,0,1026,1028.1,86.8,0,0
889,2022-01-22 07:00,-7,0,0,0,1026.1,1028.2,88.8,0,0
889,2022-01-22 08:00,-6.6,0,0,0,1026.3,1028.4,88.9,0,0
889,2022-01-22 09:00,-2.5,,,0,1026.4,1028.5,81.9,0,0
889,2022-01-22 10:00,-.1,0,.4,0,1026.3,1028.4,58.3,0,0
889,2022-01-22 11:00,.8,15.3,1.1,0,1026.2,1028.3,53.8,0,0
889,2022-01-22 12:00,2.7,29.7,.6,0,1025.4,1027.5,48.8,0,0
889,2022-01-22 13:00,3.7,8.3,.6,0,1024.3,1026.3,42,0,0
889,2022-01-22 14:00,4.8,333.6,.9,0,1023,1025,40.3,0,0
889,2022-01-22 15:00,5.8,10.4,1,0,1023.2,1025.2,40.5,0,0
889,2022-01-22 16:00,7,0,.2,0,1023.2,1025.2,39.5,0,0
889,2022-01-22 17:00,3,0,0,0,1023,1025,53.7,0,0
889,2022-01-22 18:00,.9,0,0,0,1022.9,1025,62.5,0,0
889,2022-01-22 19:00,2.1,0,.1,0,1023.1,1025.2,45.9,0,0
889,2022-01-22 20:00,1.8,0,0,0,1023,1025.1,48.9,0,0
889,2022-01-22 21:00,-1.7,0,0,0,1023.4,1025.5,64.1,0,0
889,2022-01-22 22:00,-2.1,0,0,0,1023.5,1025.6,66.8,0,0
889,2022-01-22 23:00,-1.6,0,0,0,1023.4,1025.5,67.2,0,0
889,2022-01-23 00:00,-.4,,,0,1023.2,1025.3,66.9,0,0
889,2022-01-23 01:00,-.9,,,0,1023,1025.1,70.1,0,0
889,2022-01-23 02:00,-.1,,,0,1023,1025.1,65.4,0,0
889,2022-01-23 03:00,-1,,,0,1022.7,1024.8,67.4,0,0
889,2022-01-23 04:00,-.8,,,0,1022.3,1024.4,69.2,0,0
889,2022-01-23 05:00,-2.4,,,0,1021.9,1024,73.3,0,0
889,2022-01-23 06:00,-2.2,,,0,1021.9,1024,71.6,0,0
889,2022-01-23 07:00,-1.6,,,0,1021.5,1023.6,71.1,0,0
889,2022-01-23 08:00,-1.9,,,0,1021.3,1023.4,73.7,0,0
889,2022-01-23 09:00,.4,,,0,1021.7,1023.8,64.6,0,0
889,2022-01-23 10:00,2.6,0,0,0,1021.9,1023.9,47.8,0,0
889,2022-01-23 11:00,3.6,292.3,.9,0,1022,1024,40.7,0,0
889,2022-01-23 12:00,3.8,336.7,1,0,1021.1,1023.1,49.1,0,0
889,2022-01-23 13:00,5,12.1,1.5,0,1020.2,1022.2,51.3,0,0
889,2022-01-23 14:00,5.8,270.9,.9,0,1019.3,1021.3,47.9,0,0
889,2022-01-23 15:00,7,0,.3,0,1018.7,1020.7,45,0,0
889,2022-01-23 16:00,6.9,0,0,0,1018.4,1020.4,45.7,0,0
889,2022-01-23 17:00,6.4,0,0,0,1018.3,1020.3,45.5,0,0
889,2022-01-23 18:00,1.3,0,.3,0,1019.1,1021.2,62.6,0,0
889,2022-01-23 19:00,-.3,0,0,0,1019.6,1021.7,64.3,0,0
889,2022-01-23 20:00,-.3,0,0,0,1019.6,1021.7,69.1,0,0
889,2022-01-23 21:00,-1.9,0,0,0,1019.8,1021.9,74.1,0,0
889,2022-01-23 22:00,-2.6,0,0,0,1019.8,1021.9,78.4,0,0
889,2022-01-23 23:00,-2.6,0,0,0,1019.9,1022,80.2,0,0
889,2022-01-24 00:00,-2.5,,,0,1019.7,1021.8,83,0,0
889,2022-01-24 01:00,-1.1,0,0,0,1019.8,1021.9,80.2,0,0
889,2022-01-24 02:00,-1.7,0,0,0,1019.9,1022,87.4,0,0
889,2022-01-24 03:00,-1,0,.1,0,1020,1022.1,89,0,0
889,2022-01-24 04:00,-2.2,0,0,0,1020,1022.1,91.5,0,0
889,2022-01-24 05:00,-2.2,0,.1,0,1019.9,1022,93.8,0,0
889,2022-01-24 06:00,-2.1,0,0,0,1019.7,1021.8,92.6,0,0
889,2022-01-24 07:00,-.9,0,.2,0,1020,1022.1,87,0,0
889,2022-01-24 08:00,-.9,0,.1,0,1020.5,1022.6,85.5,0,0
889,2022-01-24 09:00,3.4,73,.8,0,1020.9,1022.9,67.4,0,0
889,2022-01-24 10:00,5.4,99.2,1.3,0,1021.3,1023.3,57.9,0,0
889,2022-01-24 11:00,7.1,88.3,1.8,0,1021.3,1023.3,51.1,0,0
889,2022-01-24 12:00,7.9,91.4,1.8,0,1020.8,1022.8,47,0,0
889,2022-01-24 13:00,9.7,69.2,1.6,0,1019.8,1021.8,41.4,0,0
889,2022-01-24 14:00,8.5,22.4,2.1,0,1019.1,1021.1,45.5,0,0
889,2022-01-24 15:00,8.9,47,1,0,1018.9,1020.9,44.1,0,0
889,2022-01-24 16:00,9,52.1,1.3,0,1019.1,1021.1,42.9,0,0
889,2022-01-24 17:00,8.1,89.4,.9,0,1019.5,1021.5,44.9,0,0
889,2022-01-24 18:00,5.9,88.2,.6,0,1019.6,1021.6,49.2,0,0
889,2022-01-24 19:00,6.5,93.6,1.1,0,1019.5,1021.5,47.5,0,0
889,2022-01-24 20:00,6.3,69.9,.7,0,1019.7,1021.7,50.5,0,0
889,2022-01-24 21:00,4.5,0,.4,0,1019.9,1021.9,57.1,0,0
889,2022-01-24 22:00,6.5,38.5,1.2,0,1020,1022,46.2,0,0
889,2022-01-24 23:00,6.2,60.7,1.2,0,1019.8,1021.8,46.9,0,0
889,2022-01-25 00:00,5.9,53,1,0,1020,1022,48.1,0,0
889,2022-01-25 01:00,5.7,78.8,1,0,1019.7,1021.7,49.2,0,0
889,2022-01-25 02:00,5.4,79.5,1.3,0,1019.6,1021.6,50.2,0,0
889,2022-01-25 03:00,4.8,208,1,0,1019.8,1021.8,59.7,0,0
889,2022-01-25 04:00,2.8,107.9,.7,0,1019.5,1021.5,90.8,0,0
889,2022-01-25 05:00,2.7,75.6,1,0,1019,1021,92.4,0,0
889,2022-01-25 06:00,2.7,36.8,.9,0,1018.9,1020.9,89.7,0,0
889,2022-01-25 07:00,2.9,98.8,.9,0,1019.2,1021.2,87.5,0,0
889,2022-01-25 08:00,2.8,72.9,.8,0,1019.6,1021.6,90.3,0,0
889,2022-01-25 09:00,2.7,88.9,1.1,0,1019.9,1021.9,95.1,0,0
889,2022-01-25 10:00,3.2,126.3,.5,0,1019.9,1021.9,92.5,0,0
889,2022-01-25 11:00,3.3,84.3,.6,0,1020,1022,96.7,0,0
889,2022-01-25 12:00,3.5,0,.4,0,1019.5,1021.5,94.3,0,0
889,2022-01-25 13:00,3.9,40.7,.6,0,1018.9,1020.9,96,0,0
889,2022-01-25 14:00,4.8,204.7,.5,0,1018.1,1020.1,90.9,0,0
889,2022-01-25 15:00,5.5,20.9,.5,0,1017.6,1019.6,86.6,0,0
889,2022-01-25 16:00,6.4,242,2.1,0,1017.6,1019.6,71.4,0,0
889,2022-01-25 17:00,6,231.6,2.8,0,1017.9,1019.9,66.6,0,0
889,2022-01-25 18:00,4.8,240.2,1.7,0,1018.4,1020.4,69.1,0,0
889,2022-01-25 19:00,4.1,243,1.5,0,1019,1021,76.5,0,0
889,2022-01-25 20:00,3.4,228.7,1.5,0,1019.2,1021.2,82.7,0,0
889,2022-01-25 21:00,3,241.7,1.3,0,1019.5,1021.5,86.3,0,0
889,2022-01-25 22:00,1.9,238.3,.9,0,1020.1,1022.2,92.1,0,0
889,2022-01-25 23:00,1.5,226.8,.8,0,1020.2,1022.3,95.1,0,0
889,2022-01-26 00:00,2.8,245.6,1,0,1020.4,1022.4,84.6,0,0
889,2022-01-26 01:00,1.2,0,.3,0,1020.8,1022.9,89,0,0
889,2022-01-26 02:00,-1.2,235.5,.6,0,1021.1,1023.2,99.2,0,0
889,2022-01-26 03:00,-2,215.5,.6,0,1021.6,1023.7,99.3,0,0
889,2022-01-26 04:00,-2.2,231.6,.5,0,1021.9,1024,97.8,0,0
889,2022-01-26 05:00,-3.5,238.4,.8,0,1021.9,1024,99.6,0,0
889,2022-01-26 06:00,-3.7,215.1,.5,0,1022.1,1024.2,99.9,0,0
889,2022-01-26 07:00,-4.1,221.9,.5,0,1022.7,1024.8,99.9,0,0
889,2022-01-26 08:00,-3.7,0,.3,0,1023,1025.1,99.9,0,0
889,2022-01-26 09:00,-2.1,0,.1,0,1023.4,1025.5,99.9,0,0
889,2022-01-26 10:00,2.9,0,.4,0,1023.5,1025.5,79.7,0,0
889,2022-01-26 11:00,3.8,331.4,1.2,0,1024,1026,58.5,0,0
889,2022-01-26 12:00,4.6,358.7,1.8,0,1023.5,1025.5,50.9,0,0
889,2022-01-26 13:00,6,348.4,1.3,0,1022.5,1024.5,47.6,0,0
889,2022-01-26 14:00,6.4,.6,2,0,1022.3,1024.3,42,0,0
889,2022-01-26 15:00,7.4,300.4,1.3,0,1022,1024,38.6,0,0
889,2022-01-26 16:00,6.4,273.1,1.3,0,1021.8,1023.8,43.1,0,0
889,2022-01-26 17:00,5.4,270.8,1.1,0,1022.2,1024.2,36,0,0
889,2022-01-26 18:00,3.6,247.1,1.6,0,1022.6,1024.6,46.6,0,0
889,2022-01-26 19:00,3,256.3,1.5,0,1023.1,1025.1,45.6,0,0
889,2022-01-26 20:00,1.8,240.6,1.4,0,1023.3,1025.4,49.6,0,0
889,2022-01-26 21:00,.1,330.9,.6,0,1023.5,1025.6,57.3,0,0
889,2022-01-26 22:00,1.3,290,1.2,0,1023.8,1025.9,40.7,0,0
889,2022-01-26 23:00,-.6,238.5,.6,0,1024,1026.1,45.9,0,0
889,2022-01-27 00:00,-1.2,0,.3,0,1023.9,1026,53.4,0,0
889,2022-01-27 01:00,-1.5,0,.4,0,1023.7,1025.8,58.6,0,0
889,2022-01-27 02:00,-2.1,0,.2,0,1024,1026.1,61.8,0,0
889,2022-01-27 03:00,-2.6,213.2,.5,0,1024,1026.1,66.2,0,0
889,2022-01-27 04:00,-3.8,0,.4,0,1023.9,1026,70.4,0,0
889,2022-01-27 05:00,-3.9,217.8,.5,0,1024,1026.1,68,0,0
889,2022-01-27 06:00,-5.1,0,.4,0,1024.1,1026.2,73,0,0
889,2022-01-27 07:00,-6.1,224.2,.6,0,1024.1,1026.2,77.6,0,0
889,2022-01-27 08:00,-5.5,0,.3,0,1024.5,1026.6,76.8,0,0
889,2022-01-27 09:00,-3.1,205.3,.5,0,1024.6,1026.7,68.3,0,0
889,2022-01-27 10:00,.6,29.6,.7,0,1024.5,1026.6,52.4,0,0
889,2022-01-27 11:00,2.1,204.1,.8,0,1024.2,1026.3,45,0,0
889,2022-01-27 12:00,2.7,343.7,1.7,0,1023.8,1025.9,41.6,0,0
889,2022-01-27 13:00,2.8,352,1.4,0,1022.9,1024.9,41.8,0,0
889,2022-01-27 14:00,3.9,288,1.4,0,1022.2,1024.2,33.2,0,0
889,2022-01-27 15:00,4.6,330.5,1.3,0,1021.4,1023.4,30.8,0,0
889,2022-01-27 16:00,4,340.7,1.8,0,1021.6,1023.6,32.1,0,0
889,2022-01-27 17:00,3.4,343,1.8,0,1021.7,1023.7,35,0,0
889,2022-01-27 18:00,2.1,241.9,1.7,0,1022.5,1024.6,44.8,0,0
889,2022-01-27 19:00,-.4,239.3,.9,0,1022.7,1024.8,52.4,0,0
889,2022-01-27 20:00,-.5,235,1.3,0,1022.7,1024.8,57.7,0,0
889,2022-01-27 21:00,-.2,324.3,.5,0,1022.8,1024.9,44.7,0,0
889,2022-01-27 22:00,-.5,283.6,1.5,0,1023,1025.1,49.5,0,0
889,2022-01-27 23:00,-1.5,254.8,1.5,0,1023.3,1025.4,53.6,0,0
889,2022-01-28 00:00,-2.3,256.1,1.6,0,1023.8,1025.9,53.2,0,0
889,2022-01-28 01:00,-3.1,251.9,1.1,0,1024.3,1026.4,59.7,0,0
889,2022-01-28 02:00,-3.7,237.7,1.4,0,1024.7,1026.8,64.4,0,0
889,2022-01-28 03:00,-5.2,217,.6,0,1024.3,1026.4,68.1,0,0
889,2022-01-28 04:00,-5.7,0,.2,0,1024.1,1026.2,69.1,0,0
889,2022-01-28 05:00,-5.5,245.6,.7,0,1024,1026.1,68.2,0,0
889,2022-01-28 06:00,-5.8,245.9,.6,0,1024.2,1026.3,67.5,0,0
889,2022-01-28 07:00,-5.3,287.8,1,0,1024.6,1026.7,62.2,0,0
889,2022-01-28 08:00,-6,258.1,.7,0,1024.7,1026.8,67.8,0,0
889,2022-01-28 09:00,-3.4,274.7,1,0,1025.1,1027.2,58.4,0,0
889,2022-01-28 10:00,-1.7,312.8,.8,0,1025.2,1027.3,49.5,0,0
889,2022-01-28 11:00,-.7,334.7,1.7,0,1024.7,1026.8,49,0,0
889,2022-01-28 12:00,1,348.9,1.1,0,1024,1026.1,41.6,0,0
889,2022-01-28 13:00,1,280.8,1.4,0,1022.9,1025,39.1,0,0
889,2022-01-28 14:00,1.8,344.1,1.9,0,1022.4,1024.5,38,0,0
889,2022-01-28 15:00,2.4,275.9,2.5,0,1022.4,1024.5,32.5,0,0
889,2022-01-28 16:00,2.6,272.4,1.6,0,1022.4,1024.4,35.5,0,0
889,2022-01-28 17:00,1,244.7,2.5,0,1022.1,1024.2,41.7,0,0
889,2022-01-28 18:00,.1,255.5,1.5,0,1021.8,1023.9,45.8,0,0
889,2022-01-28 19:00,-.4,254,1.7,0,1021.6,1023.7,47.8,0,0
889,2022-01-28 20:00,-.1,290.9,1.6,0,1021.8,1023.9,41.5,0,0
889,2022-01-28 21:00,-.7,281.1,1.4,0,1022.2,1024.3,42.4,0,0
889,2022-01-28 22:00,-1.6,288.2,1.8,0,1022.4,1024.5,42.5,0,0
889,2022-01-28 23:00,-2.6,277.6,2.4,0,1022.8,1024.9,45.2,0,0
889,2022-01-29 00:00,-3.4,263,1.7,0,1023,1025.1,50.6,0,0
889,2022-01-29 01:00,-3.7,275.4,1.4,0,1022.8,1024.9,52.8,0,0
889,2022-01-29 02:00,-5,258.4,.9,0,1022.6,1024.7,59.1,0,0
889,2022-01-29 03:00,-6.4,0,.4,0,1022.3,1024.4,65.5,0,0
889,2022-01-29 04:00,-8.2,228.2,.6,0,1021.8,1023.9,72.9,0,0
889,2022-01-29 05:00,-7.7,229.6,1.1,0,1021.8,1023.9,74.3,0,0
889,2022-01-29 06:00,-6,251.8,1.1,0,1021.4,1023.5,62.1,0,0
889,2022-01-29 07:00,-5.1,251.3,1.1,0,1021.6,1023.7,58,0,0
889,2022-01-29 08:00,-6.9,264.6,1.1,0,1022,1024.1,63,0,0
889,2022-01-29 09:00,-4.3,299,1.3,0,1022.1,1024.2,56.9,0,0
889,2022-01-29 10:00,-3.4,276.1,1.5,0,1022.3,1024.4,50.3,0,0
889,2022-01-29 11:00,-2.1,340.4,1.6,0,1021.9,1024,41.7,0,0
889,2022-01-29 12:00,-.9,282.9,1.7,0,1021.4,1023.5,34.2,0,0
889,2022-01-29 13:00,.3,265,1.7,0,1020.9,1023,33.4,0,0
889,2022-01-29 14:00,.3,331.2,2.3,0,1020.2,1022.3,32.8,0,0
889,2022-01-29 15:00,1.2,312.5,2.3,0,1019.1,1021.2,28,0,0
889,2022-01-29 16:00,1.7,338.4,2,0,1019.1,1021.1,29.5,0,0
889,2022-01-29 17:00,1.4,338.3,1.4,0,1018.8,1020.9,29,0,0
889,2022-01-29 18:00,.1,268,2,0,1019.2,1021.3,36.3,0,0
889,2022-01-29 19:00,-.8,228.1,1.8,0,1019.3,1021.4,41.6,0,0
889,2022-01-29 20:00,-2.9,205.9,.6,0,1019.7,1021.8,53.1,0,0
889,2022-01-29 21:00,-3.5,252.1,.8,0,1019.6,1021.7,59.7,0,0
889,2022-01-29 22:00,-2.1,347.2,.8,0,1020.1,1022.2,42.9,0,0
889,2022-01-29 23:00,-3.9,284.5,.8,0,1020.3,1022.4,52.2,0,0
889,2022-01-30 00:00,-4,281.2,.5,0,1020.8,1022.9,59.5,0,0
889,2022-01-30 01:00,-3.9,288.6,1.2,0,1020.7,1022.8,55,0,0
889,2022-01-30 02:00,-5.9,228.7,.9,0,1020.5,1022.6,61.6,0,0
889,2022-01-30 03:00,-8,227.9,.6,0,1020.7,1022.8,71.4,0,0
889,2022-01-30 04:00,-8.7,237.9,.6,0,1020.3,1022.4,73.1,0,0
889,2022-01-30 05:00,-8.9,235.6,.7,0,1020.4,1022.5,73.7,0,0
889,2022-01-30 06:00,-8.9,228.8,.5,0,1020.3,1022.4,73.6,0,0
889,2022-01-30 07:00,-8.4,231.3,.8,0,1020.4,1022.5,74,0,0
889,2022-01-30 08:00,-9.4,236.2,.9,0,1020.8,1022.9,77.5,0,0
889,2022-01-30 09:00,-7.5,173.5,.5,0,1020.9,1023,73.9,0,0
889,2022-01-30 10:00,-2.4,172.7,.8,0,1021,1023.1,54.6,0,0
889,2022-01-30 11:00,-1.5,297.5,1.6,0,1021.1,1023.2,38.2,0,0
889,2022-01-30 12:00,-.3,289.6,1.4,0,1020.8,1022.9,35,0,0
889,2022-01-30 13:00,1,257.1,1.4,0,1020.1,1022.2,30,0,0
889,2022-01-30 14:00,1.9,289.9,1.6,0,1019.6,1021.6,28.8,0,0
889,2022-01-30 15:00,2.5,271.5,2,0,1019.3,1021.3,28.4,0,0
889,2022-01-30 16:00,3.1,310.2,1.2,0,1019.2,1021.2,27.4,0,0
889,2022-01-30 17:00,3.2,304.3,1.2,0,1019.4,1021.4,26.8,0,0
889,2022-01-30 18:00,1.3,239.1,2.2,0,1019.8,1021.9,32.1,0,0
889,2022-01-30 19:00,.2,245.5,1.4,0,1020.5,1022.6,39,0,0
889,2022-01-30 20:00,1.1,275.5,1.3,0,1020.9,1023,32.6,0,0
889,2022-01-30 21:00,.1,300.2,1.9,0,1021.5,1023.6,38.5,0,0
889,2022-01-30 22:00,-.8,277.3,2.1,0,1021.8,1023.9,40.7,0,0
889,2022-01-30 23:00,-2,247.2,1.2,0,1022,1024.1,44.8,0,0
889,2022-01-31 00:00,-3.6,256.6,.6,0,1022.6,1024.7,51.9,0,0
889,2022-01-31 01:00,-4.5,251.6,.7,0,1022.6,1024.7,54.8,0,0
889,2022-01-31 02:00,-6.5,0,.4,0,1022.8,1024.9,63.7,0,0
889,2022-01-31 03:00,-7.6,236.6,.5,0,1022.9,1025,68.8,0,0
889,2022-01-31 04:00,-7.9,0,.4,0,1023,1025.1,70.6,0,0
889,2022-01-31 05:00,-7.9,237.7,.6,0,1022.9,1025,72.6,0,0
889,2022-01-31 06:00,-8.8,230.7,.8,0,1023.2,1025.3,73.8,0,0
889,2022-01-31 07:00,-8.7,226.8,.7,0,1023.3,1025.4,74.4,0,0
889,2022-01-31 08:00,-8.8,235.5,.7,0,1024,1026.1,76,0,0
889,2022-01-31 09:00,-5.9,0,.1,0,1024.1,1026.2,70.3,0,0
889,2022-01-31 10:00,-1,17.8,1.1,0,1023.8,1025.9,56.5,0,0
889,2022-01-31 11:00,.7,15.7,1.1,0,1023.9,1026,45.3,0,0
889,2022-01-31 12:00,2.6,20.5,1.1,0,1023.1,1025.1,40.2,0,0
889,2022-01-31 13:00,4.1,15.1,1.4,0,1021.9,1023.9,40.7,0,0
889,2022-01-31 14:00,5,259.4,1.8,0,1021.7,1023.7,41.8,0,0
889,2022-01-31 15:00,5.3,283.1,1.8,0,1021.5,1023.5,43.6,0,0
889,2022-01-31 16:00,5.2,229.2,2.5,0,1021.6,1023.6,48.7,0,0
889,2022-01-31 17:00,4,241.3,2.5,0,1021.7,1023.7,52.5,0,0
889,2022-01-31 18:00,1.6,224.2,.7,0,1021.3,1023.4,62.4,0,0
889,2022-01-31 19:00,-1.4,222.5,.8,0,1021,1023.1,73.3,0,0
889,2022-01-31 20:00,-1,230.8,.8,0,1020.4,1022.5,76.1,0,0
889,2022-01-31 21:00,.8,242.1,.5,0,1020.2,1022.3,69,0,0
889,2022-01-31 22:00,1,216.6,1.4,0,1020.6,1022.7,93.3,0,0
889,2022-01-31 23:00,1.2,242.3,1.6,0,1020.8,1022.9,99.4,0,0
889,2022-02-01 00:00,1.5,242.2,1.9,0,1020.8,1022.9,96.1,0,0
889,2022-02-01 01:00,1,250.4,2.6,0,1021.3,1023.4,74.1,0,0
889,2022-02-01 02:00,.4,243.3,1.6,0,1021,1023.1,68.3,0,0
889,2022-02-01 03:00,.4,254.1,2.9,0,1021,1023.1,66.1,0,0
889,2022-02-01 04:00,-1.4,200.3,.6,.5,1020.3,1022.4,98,0,0
889,2022-02-01 05:00,-2.4,0,.1,0,1020.1,1022.2,99.9,0,0
889,2022-02-01 06:00,-1.9,0,.3,0,1020.5,1022.6,99.9,0,0
889,2022-02-01 07:00,-.9,257.1,2,0,1021.2,1023.3,85.7,0,0
889,2022-02-01 08:00,-1.5,249.2,1.4,0,1021.6,1023.7,86.7,0,0
889,2022-02-01 09:00,-.8,250,2.3,0,1022,1024.1,79.2,0,0
889,2022-02-01 10:00,-.3,268.1,1.7,0,1022.3,1024.4,73,0,0
889,2022-02-01 11:00,0,256.1,3.1,0,1023,1025.1,71.7,0,0
889,2022-02-01 12:00,.6,285,2,0,1023.2,1025.3,67.5,0,0
889,2022-02-01 13:00,.7,272.2,2.1,0,1023.1,1025.2,68.8,0,0
889,2022-02-01 14:00,.7,265.9,2.1,0,1023.1,1025.2,68.2,0,0
889,2022-02-01 15:00,.7,329.5,1.5,0,1023.7,1025.8,64.8,0,0
889,2022-02-01 16:00,1.8,278.5,1.6,0,1023.8,1025.9,59.6,0,0
889,2022-02-01 17:00,1.2,283.7,.9,0,1024.3,1026.4,60.7,0,0
889,2022-02-01 18:00,.3,307.3,1.2,0,1024.8,1026.9,65,0,0
889,2022-02-01 19:00,-.4,241.1,1.3,0,1025.5,1027.6,70,0,0
889,2022-02-01 20:00,.1,244.1,1.5,0,1025.7,1027.8,71.2,0,0
889,2022-02-01 21:00,-.7,263.9,1.3,0,1025.9,1028,73.9,0,0
889,2022-02-01 22:00,-.7,259.7,1.2,0,1026.2,1028.3,74.6,0,0
889,2022-02-01 23:00,-1.6,263.8,1.5,0,1026.9,1029,75.2,0,0
889,2022-02-02 00:00,-2,241,1.4,0,1027.2,1029.3,78.6,0,0
889,2022-02-02 01:00,-1.9,252.5,1.1,0,1026.7,1028.8,75.4,0,0
889,2022-02-02 02:00,-2.5,281.2,1,0,1026.6,1028.7,77.9,0,0
889,2022-02-02 03:00,-3,293.1,1,0,1026.8,1028.9,77.9,0,0
889,2022-02-02 04:00,-5.6,231.1,.6,0,1026.9,1029,91.3,0,0
889,2022-02-02 05:00,-7.1,221.6,.6,0,1026.5,1028.6,95.1,0,0
889,2022-02-02 06:00,-4.9,0,.3,0,1026.7,1028.8,90.9,0,0
889,2022-02-02 07:00,-3.9,235.2,.5,0,1027.1,1029.2,74.9,0,0
889,2022-02-02 08:00,-3.8,267.1,.8,0,1027.9,1030,79.8,0,0
889,2022-02-02 09:00,-3.2,237.2,2.5,0,1028.2,1030.3,68.1,0,0
889,2022-02-02 10:00,-2.7,288.7,1.6,0,1028.4,1030.5,66,0,0
889,2022-02-02 11:00,-2.1,320.6,2,0,1028.5,1030.6,52.7,0,0
889,2022-02-02 12:00,-1.2,293.8,1.8,0,1028.2,1030.3,45.4,0,0
889,2022-02-02 13:00,-.7,326.7,1.6,0,1027.4,1029.5,43.5,0,0
889,2022-02-02 14:00,-.3,341.1,1.9,0,1026.8,1028.9,42.3,0,0
889,2022-02-02 15:00,.7,350.9,1.8,0,1026.4,1028.5,43.8,0,0
889,2022-02-02 16:00,.6,347.2,2,0,1026.3,1028.4,42,0,0
889,2022-02-02 17:00,0,278.8,1.6,0,1026.1,1028.2,38.9,0,0
889,2022-02-02 18:00,-1.2,292.3,1.1,0,1026,1028.1,44.9,0,0
889,2022-02-02 19:00,-3.5,224.1,.6,0,1025.9,1028,57.7,0,0
889,2022-02-02 20:00,-4.1,207.9,.5,0,1025.8,1027.9,64.3,0,0
889,2022-02-02 21:00,-5.3,222.6,.7,0,1025.9,1028,69.6,0,0
889,2022-02-02 22:00,-3.1,215.5,.8,0,1026.1,1028.2,69.5,0,0
889,2022-02-02 23:00,-4.7,218.6,.5,0,1025.7,1027.8,71.6,0,0
889,2022-02-03 00:00,-4.3,0,.2,0,1025.6,1027.7,74.3,0,0
889,2022-02-03 01:00,-4.6,218.2,.5,0,1025,1027.1,80.5,0,0
889,2022-02-03 02:00,-3.7,238,.9,0,1025.3,1027.4,77,0,0
889,2022-02-03 03:00,-2.4,271.1,1.3,0,1025.7,1027.8,63.8,0,0
889,2022-02-03 04:00,-3.4,280,1.6,0,1025.7,1027.8,63,0,0
889,2022-02-03 05:00,-7.1,224.8,.7,0,1025.3,1027.4,75.6,0,0
889,2022-02-03 06:00,-7.7,230.2,.7,0,1025.5,1027.6,81.2,0,0
889,2022-02-03 07:00,-8.4,235.2,.5,0,1026,1028.1,82.2,0,0
889,2022-02-03 08:00,-8.2,232.2,.6,0,1026.4,1028.5,87.9,0,0
889,2022-02-03 09:00,-3.8,25.3,.7,0,1026.8,1028.9,73.4,0,0
889,2022-02-03 10:00,-2.4,335.6,1.4,0,1027.1,1029.2,55.1,0,0
889,2022-02-03 11:00,-1.7,346.7,2,0,1027.2,1029.3,43.9,0,0
889,2022-02-03 12:00,-.4,320.2,1.5,0,1026.9,1029,35.3,0,0
889,2022-02-03 13:00,.2,354,1.9,0,1025.9,1028,33.3,0,0
889,2022-02-03 14:00,.7,271.6,2.1,0,1024.9,1027,32.7,0,0
889,2022-02-03 15:00,.6,341.5,1.9,0,1024.6,1026.7,33.9,0,0
889,2022-02-03 16:00,.2,322.9,2,0,1024.6,1026.7,33.5,0,0
889,2022-02-03 17:00,.1,325,2,0,1024.6,1026.7,33.1,0,0
889,2022-02-03 18:00,-1,313.2,2.1,0,1025,1027.1,34.6,0,0
889,2022-02-03 19:00,-1.5,297.7,1.1,0,1025.3,1027.4,39.1,0,0
889,2022-02-03 20:00,-1.6,276.4,1.8,0,1025.6,1027.7,41.2,0,0
889,2022-02-03 21:00,-2.1,275.7,1.6,0,1025.5,1027.6,45.7,0,0
889,2022-02-03 22:00,-2.3,269.9,1.4,0,1025.6,1027.7,47.4,0,0
889,2022-02-03 23:00,-3.4,258,.8,0,1025.2,1027.3,52.2,0,0
889,2022-02-04 00:00,-5.7,209.3,.6,0,1024.9,1027,61.4,0,0
889,2022-02-04 01:00,,221.9,.7,,,,67.5,0,0
889,2022-02-04 02:00,,238.6,.6,,,,64,0,0
889,2022-02-04 03:00,,277.7,1.1,,,,57.9,0,0
889,2022-02-04 04:00,,232.7,.7,,,,72.5,0,0
889,2022-02-04 05:00,,224.4,.6,,,,75,0,0
889,2022-02-04 06:00,,220.9,.8,,,,75,0,0
889,2022-02-04 07:00,,228,.6,,,,75.9,0,0
889,2022-02-04 08:00,,227.2,.5,,,,72,0,0
889,2022-02-04 09:00,,255.6,1.7,,,,54.4,0,0
889,2022-02-04 10:00,,353.8,1.8,,,,54.1,0,0
889,2022-02-04 11:00,,296.4,2.5,,,,39.4,0,0
889,2022-02-04 12:00,,282.1,1.7,,,,41.7,0,0
889,2022-02-04 13:00,,242.7,2.9,,,,33.7,0,0
889,2022-02-04 14:00,,266.6,2.9,,,,35.1,0,0
889,2022-02-04 15:00,-.5,250.1,3.5,0,1022.2,1024.3,37.9,0,0
889,2022-02-04 16:00,-1.3,323.6,2.5,0,1022.1,1024.2,49.8,0,0
889,2022-02-04 17:00,-1.3,276.8,3.4,0,1021.9,1024,40.1,0,0
889,2022-02-04 18:00,,269.2,2.6,,,,38.8,0,0
889,2022-02-04 19:00,,262.8,2.4,,,,42.1,0,0
889,2022-02-04 20:00,,281.7,3.4,,,,42.9,0,0
889,2022-02-04 21:00,-5.8,310.1,2.3,0,1023.9,1026,52.4,0,0
889,2022-02-04 22:00,-6.5,271.4,1.4,0,1024.3,1026.4,53.9,0,0
889,2022-02-04 23:00,-6.4,265.6,2,0,1024.1,1026.2,53.7,0,0
889,2022-02-05 00:00,-6.5,296.7,1.4,0,1023.7,1025.8,53.9,0,0
889,2022-02-05 01:00,-6.6,262.1,1.2,0,1023.7,1025.8,53.6,0,0
889,2022-02-05 02:00,-6.6,267.1,1.5,0,1023.8,1025.9,53.5,0,0
889,2022-02-05 03:00,-6.6,311.7,1.3,0,1023.9,1026,49.1,0,0
889,2022-02-05 04:00,-7,284.1,1.4,0,1024,1026.1,53.2,0,0
889,2022-02-05 05:00,-7.3,261.8,1.7,0,1024.2,1026.3,50.3,0,0
889,2022-02-05 06:00,-7.7,274.3,1.6,0,1024.6,1026.7,50.8,0,0
889,2022-02-05 07:00,-8,261.8,1.6,0,1024.7,1026.8,48.9,0,0
889,2022-02-05 08:00,-7.8,299,2.1,0,1025.2,1027.3,44.1,0,0
889,2022-02-05 09:00,-6.9,283.3,1.2,0,1025.8,1027.9,43.4,0,0
889,2022-02-05 10:00,-5,287.7,1.2,0,1026,1028.1,36.7,0,0
889,2022-02-05 11:00,-3.9,288.4,1.8,0,1025.9,1028,38.8,0,0
889,2022-02-05 12:00,-2.6,261,2.3,0,1024.9,1027,37.2,0,0
889,2022-02-05 13:00,-1.9,278.2,3,0,1024,1026.1,34.5,0,0
889,2022-02-05 14:00,-.6,262.8,3.2,0,1023.3,1025.4,34.9,0,0
889,2022-02-05 15:00,-1.3,276.9,2.8,0,1022.9,1025,38.6,0,0
889,2022-02-05 16:00,-1.7,269.8,2.9,0,1023.3,1025.4,38.1,0,0
889,2022-02-05 17:00,-2.3,281.4,2.4,0,1023.5,1025.6,38,0,0
889,2022-02-05 18:00,-4,283.7,2.3,0,1024.1,1026.2,42.2,0,0
889,2022-02-05 19:00,-4.6,272.9,1.3,0,1025.4,1027.5,45,0,0
889,2022-02-05 20:00,-4.8,285.9,1.3,0,1026,1028.1,48.2,0,0
889,2022-02-05 21:00,-5.1,276.9,1.7,0,1026.2,1028.3,51.4,0,0
889,2022-02-05 22:00,-6.5,226.1,.7,0,1026,1028.1,56.7,0,0
889,2022-02-05 23:00,-8.4,220.8,.6,0,1026.1,1028.2,66.7,0,0
889,2022-02-06 00:00,-8.6,224.9,.6,0,1026.2,1028.3,70.2,0,0
889,2022-02-06 01:00,-8.6,232.4,1.1,0,1026.2,1028.3,68.6,0,0
889,2022-02-06 02:00,-5.9,238.1,1.2,0,1026.4,1028.5,55.1,0,0
889,2022-02-06 03:00,-8.4,231.4,.6,0,1026.6,1028.7,65.9,0,0
889,2022-02-06 04:00,-8.2,227.2,.7,0,1026.4,1028.5,64.3,0,0
889,2022-02-06 05:00,-9.4,228.5,.8,0,1026.2,1028.4,69.4,0,0
889,2022-02-06 06:00,-9.5,223.2,.7,0,1026.3,1028.5,69.9,0,0
889,2022-02-06 07:00,-10,220.7,.5,0,1026.4,1028.6,73.2,0,0
889,2022-02-06 08:00,-9.2,225.7,.6,0,1026.7,1028.9,73.3,0,0
889,2022-02-06 09:00,-6.7,0,.3,0,1026.7,1028.8,67.5,0,0
889,2022-02-06 10:00,-1,0,.4,0,1026.7,1028.8,53.2,0,0
889,2022-02-06 11:00,.8,320.2,1.5,0,1026.9,1029,39.1,0,0
889,2022-02-06 12:00,1.3,319.1,2,0,1026.5,1028.6,38.8,0,0
889,2022-02-06 13:00,1.1,249.7,3.5,0,1025.9,1028,34.4,0,0
889,2022-02-06 14:00,2,294,2.4,0,1025.1,1027.2,39,0,0
889,2022-02-06 15:00,1.8,277.9,2,0,1024.8,1026.9,33.9,0,0
889,2022-02-06 16:00,2,256.6,2.5,0,1024.7,1026.8,36.4,0,0
889,2022-02-06 17:00,1.1,244.7,2.4,0,1024.7,1026.8,38,0,0
889,2022-02-06 18:00,0,260.5,2.3,0,1024.7,1026.8,38.1,0,0
889,2022-02-06 19:00,-.6,246,2.5,0,1025.6,1027.7,43.7,0,0
889,2022-02-06 20:00,-1.1,246.1,1.2,0,1026.4,1028.5,44.9,0,0
889,2022-02-06 21:00,-2.1,306.1,.9,0,1026.6,1028.7,47.6,0,0
889,2022-02-06 22:00,-2.6,272.1,1.3,0,1026.8,1028.9,48.3,0,0
889,2022-02-06 23:00,-3.4,281.5,1.2,0,1027.1,1029.2,48.4,0,0
889,2022-02-07 00:00,-4.2,267.7,1,0,1027.8,1029.9,50.9,0,0
889,2022-02-07 01:00,-7.7,227,.7,0,1027.6,1029.7,64.7,0,0
889,2022-02-07 02:00,-7.8,223.2,.8,0,1027.6,1029.7,68.2,0,0
889,2022-02-07 03:00,-8.7,229.1,.8,0,1027.4,1029.6,70.8,0,0
889,2022-02-07 04:00,-8.8,218.2,.5,0,1027.1,1029.3,72.2,0,0
889,2022-02-07 05:00,-9.1,217.7,.7,0,1027.3,1029.5,73.2,0,0
889,2022-02-07 06:00,-8.9,224.9,.6,0,1027.7,1029.9,74.9,0,0
889,2022-02-07 07:00,-8.7,226.6,.5,0,1027.9,1030.1,75.3,0,0
889,2022-02-07 08:00,-8.3,224.6,.5,0,1028,1030.1,75.2,0,0
889,2022-02-07 09:00,-5,0,.1,0,1027.7,1029.8,66.7,0,0
889,2022-02-07 10:00,-1.7,63.7,.6,0,1027.9,1030,52.7,0,0
889,2022-02-07 11:00,0,157.3,.9,0,1028.2,1030.3,39.6,0,0
889,2022-02-07 12:00,1,346.8,1.2,0,1027.7,1029.8,34.9,0,0
889,2022-02-07 13:00,1.9,269.8,1.5,0,1026.3,1028.4,31.9,0,0
889,2022-02-07 14:00,2.4,289.6,1.8,0,1025.7,1027.8,30.8,0,0
889,2022-02-07 15:00,2.2,282.5,2.1,0,1025.1,1027.2,31.7,0,0
889,2022-02-07 16:00,1.9,267.2,1.9,0,1026.2,1028.3,32.5,0,0
889,2022-02-07 17:00,1.4,305,1.1,0,1025.9,1028,35.7,0,0
889,2022-02-07 18:00,1,257.8,1.6,0,1025.5,1027.6,39.6,0,0
889,2022-02-07 19:00,.7,282.7,1.5,0,1025.9,1028,39.6,0,0
889,2022-02-07 20:00,.5,274.8,1,0,1026.4,1028.5,46.1,0,0
889,2022-02-07 21:00,-1,0,.3,0,1026.8,1028.9,53,0,0
889,2022-02-07 22:00,-1.4,0,0,0,1026.6,1028.7,57.4,0,0
889,2022-02-07 23:00,-2.2,0,.4,0,1026,1028.1,61.9,0,0
889,2022-02-08 00:00,-2.8,239.4,.5,0,1026,1028.1,66.1,0,0
889,2022-02-08 01:00,-3.5,0,.4,0,1025.3,1027.4,68.3,0,0
889,2022-02-08 02:00,-4.7,254.6,.7,0,1025.3,1027.4,73.4,0,0
889,2022-02-08 03:00,-5,244.7,.6,0,1025.3,1027.4,74.4,0,0
889,2022-02-08 04:00,-5.5,241.9,.8,0,1024.8,1026.9,76.7,0,0
889,2022-02-08 05:00,-5.8,244.7,.7,0,1024.8,1026.9,78.8,0,0
889,2022-02-08 06:00,-5.7,0,.2,0,1025.2,1027.3,78,0,0
889,2022-02-08 07:00,-5.8,242.2,.7,0,1025.3,1027.4,82.1,0,0
889,2022-02-08 08:00,-5.2,254.7,.5,0,1025.5,1027.6,82.6,0,0
889,2022-02-08 09:00,-2.5,0,.4,0,1026.2,1028.3,77.1,0,0
889,2022-02-08 10:00,.4,30.2,.5,0,1026.3,1028.4,60.2,0,0
889,2022-02-08 11:00,2.6,355,1.4,0,1026.4,1028.5,55.2,0,0
889,2022-02-08 12:00,3.5,325.7,1.3,0,1026.4,1028.4,39.2,0,0
889,2022-02-08 13:00,4.5,341.3,1.6,0,1025.8,1027.8,28.6,0,0
889,2022-02-08 14:00,4.8,260.8,2,0,1025.1,1027.1,25.7,0,0
889,2022-02-08 15:00,6.3,272.5,1.5,0,1024.8,1026.8,25.2,0,0
889,2022-02-08 16:00,5.9,323.2,1,0,1024.7,1026.7,24.4,0,0
889,2022-02-08 17:00,5.6,301.7,1.2,0,1024.5,1026.5,25.3,0,0
889,2022-02-08 18:00,1.9,262.8,.8,0,1025.5,1027.6,33.6,0,0
889,2022-02-08 19:00,.7,227.3,1.1,0,1026.1,1028.2,48.6,0,0
889,2022-02-08 20:00,-.4,262.6,.5,0,1026.6,1028.7,56.8,0,0
889,2022-02-08 21:00,-1.1,237,1.2,0,1026.4,1028.5,67.1,0,0
889,2022-02-08 22:00,-2.9,223.3,.5,0,1026.6,1028.7,76.5,0,0
889,2022-02-08 23:00,-3.9,227.3,.9,0,1026.6,1028.7,79.5,0,0
889,2022-02-09 00:00,-4.3,227.8,1,0,1026.8,1028.9,81.3,0,0
889,2022-02-09 01:00,-4.2,219.2,.7,0,1026.1,1028.2,88.5,0,0
889,2022-02-09 02:00,-5.1,0,.2,0,1025.8,1027.9,89.9,0,0
889,2022-02-09 03:00,-5.4,0,.3,0,1025.8,1027.9,92.1,0,0
889,2022-02-09 04:00,-6,0,.4,0,1025.6,1027.7,91.5,0,0
889,2022-02-09 05:00,-6,237,.5,0,1025.6,1027.7,94.5,0,0
889,2022-02-09 06:00,-6.4,221.7,.7,0,1025.9,1028,93.2,0,0
889,2022-02-09 07:00,-6.5,0,.4,0,1025.9,1028,94.4,0,0
889,2022-02-09 08:00,-6.3,0,.4,0,1026.7,1028.8,94.9,0,0
889,2022-02-09 09:00,-3.4,0,.1,0,1027.1,1029.2,86.3,0,0
889,2022-02-09 10:00,.7,32.9,1,0,1026.7,1028.8,62.3,0,0
889,2022-02-09 11:00,3,18.1,1.1,0,1026.3,1028.4,52.4,0,0
889,2022-02-09 12:00,4,14.5,1.4,0,1025.3,1027.3,44.9,0,0
889,2022-02-09 13:00,5.5,31.6,1.2,0,1024,1026,34,0,0
889,2022-02-09 14:00,6.5,333.5,.9,0,1023,1025,29.7,0,0
889,2022-02-09 15:00,6.8,7.3,1.3,0,1022.3,1024.3,29.8,0,0
889,2022-02-09 16:00,6.9,11.5,1.2,0,1021.9,1023.9,25.5,0,0
889,2022-02-09 17:00,6.6,304.8,.9,0,1021.5,1023.5,27.1,0,0
889,2022-02-09 18:00,3.2,227.1,.6,0,1021.4,1023.4,36.5,0,0
889,2022-02-09 19:00,1.5,236.6,.7,0,1021.6,1023.7,44,0,0
889,2022-02-09 20:00,.8,233.4,.5,0,1021.8,1023.9,51.6,0,0
889,2022-02-09 21:00,.4,0,.2,0,1021.8,1023.9,57.6,0,0
889,2022-02-09 22:00,0,0,.2,0,1021.7,1023.8,61.1,0,0
889,2022-02-09 23:00,-.6,206.3,.5,0,1021.5,1023.6,64.1,0,0
889,2022-02-10 00:00,-1.3,241.5,.6,0,1021.5,1023.6,66.6,0,0
889,2022-02-10 01:00,,226.4,.5,,,,69,0,0
889,2022-02-10 02:00,,232.3,.8,,,,71.9,0,0
889,2022-02-10 03:00,,0,.4,,,,75.6,0,0
889,2022-02-10 04:00,,223.5,.5,,,,79.8,0,0
889,2022-02-10 05:00,,224.1,.6,,,,87.3,0,0
889,2022-02-10 06:00,,210.5,.5,,,,90.5,0,0
889,2022-02-10 07:00,,217.1,.6,,,,93,0,0
889,2022-02-10 08:00,,0,.3,,,,92,0,0
889,2022-02-10 09:00,,0,0,,,,82.1,0,0
889,2022-02-10 10:00,,155.9,.5,,,,55,0,0
889,2022-02-10 11:00,,322.5,1.5,,,,42.9,0,0
889,2022-02-10 12:00,,344,1.7,,,,40.1,0,0
889,2022-02-10 13:00,,347.7,2.2,,,,39.3,0,0
889,2022-02-10 14:00,,331.8,2.6,,,,37.9,0,0
889,2022-02-10 15:00,,332.8,2,,,,33.8,0,0
889,2022-02-10 16:00,,291.7,2.4,,,,38.4,0,0
889,2022-02-10 17:00,,260.8,2,,,,44.1,0,0
889,2022-02-10 18:00,,261.4,1.4,,,,49.1,0,0
889,2022-02-10 19:00,,231.9,.7,,,,60.7,0,0
889,2022-02-10 20:00,,0,.4,,,,65.3,0,0
889,2022-02-10 21:00,-.2,227.4,.8,0,1022.4,1024.5,70.9,0,0
889,2022-02-10 22:00,-1,0,.1,0,1023,1025.1,79.4,0,0
889,2022-02-10 23:00,-1.8,0,.4,0,1023.1,1025.2,92.3,0,0
889,2022-02-11 00:00,-2,0,.1,0,1023,1025.1,93.6,0,0
889,2022-02-11 01:00,-3.3,0,.4,0,1023,1025.1,95.9,0,0
889,2022-02-11 02:00,-3.6,236.4,.6,0,1023,1025.1,96.3,0,0
889,2022-02-11 03:00,-3.9,219.9,.5,0,1023.2,1025.3,96.8,0,0
889,2022-02-11 04:00,-4.1,213.8,.6,0,1023,1025.1,97.3,0,0
889,2022-02-11 05:00,-4.8,230.9,.8,0,1023.5,1025.6,96.7,0,0
889,2022-02-11 06:00,-4.7,234.4,.8,0,1024.6,1026.7,98.8,0,0
889,2022-02-11 07:00,-4.9,0,.4,0,1025.1,1027.2,98.7,0,0
889,2022-02-11 08:00,-4.8,0,.4,0,1025.5,1027.6,98.1,0,0
889,2022-02-11 09:00,-1.6,0,.3,0,1026.4,1028.5,98.6,0,0
889,2022-02-11 10:00,2.7,0,.4,0,1026.4,1028.5,72,0,0
889,2022-02-11 11:00,5,30.3,.8,0,1026.1,1028.1,62.2,0,0
889,2022-02-11 12:00,6.5,13.4,1.1,0,1026,1028,48.6,0,0
889,2022-02-11 13:00,7.7,10.4,1.5,0,1025.2,1027.2,46.4,0,0
889,2022-02-11 14:00,8.7,354.1,1.6,0,1024.4,1026.4,37.9,0,0
889,2022-02-11 15:00,8.8,341.6,1.6,0,1023.9,1025.9,38.5,0,0
889,2022-02-11 16:00,9.1,354.9,1.5,0,1023.8,1025.8,36.3,0,0
889,2022-02-11 17:00,8.2,248,1,0,1023.7,1025.7,37.8,0,0
889,2022-02-11 18:00,5.4,237.5,1,0,1024.1,1026.1,47.1,0,0
889,2022-02-11 19:00,2.7,232.8,.7,0,1024.4,1026.5,56.6,0,0
889,2022-02-11 20:00,2.2,219.3,.6,0,1024.4,1026.5,59.1,0,0
889,2022-02-11 21:00,1.7,0,.1,0,1024.3,1026.4,61.8,0,0
889,2022-02-11 22:00,1.5,220.7,.5,0,1024.5,1026.6,67.8,0,0
889,2022-02-11 23:00,1.2,0,.4,0,1024.7,1026.8,75.9,0,0
889,2022-02-12 00:00,.2,0,.4,0,1025.2,1027.3,89.4,0,0
889,2022-02-12 01:00,.5,0,.3,0,1025.1,1027.2,90.9,0,0
889,2022-02-12 02:00,.3,0,.4,0,1024.7,1026.8,91.6,0,0
889,2022-02-12 03:00,-.3,0,.4,0,1024.6,1026.7,94.8,0,0
889,2022-02-12 04:00,-.2,0,.3,0,1024.3,1026.4,98.2,0,0
889,2022-02-12 05:00,-1.4,0,.3,0,1024.2,1026.3,99.7,0,0
889,2022-02-12 06:00,-1.9,230.7,.6,0,1024.3,1026.4,99.9,0,0
889,2022-02-12 07:00,-2.6,211.9,.6,0,1024.4,1026.5,99.9,0,0
889,2022-02-12 08:00,-1.7,225.8,.6,0,1024.9,1027,99.9,0,0
889,2022-02-12 09:00,.1,0,.2,0,1025.3,1027.4,99.9,0,0
889,2022-02-12 10:00,4.8,93.9,.6,0,1025.2,1027.2,74,0,0
889,2022-02-12 11:00,6.7,14.2,1.1,0,1025,1027,51.1,0,0
889,2022-02-12 12:00,7.7,302.7,1.3,0,1024.1,1026.1,33.5,0,0
889,2022-02-12 13:00,8.6,50.2,1.3,0,1023.2,1025.2,31.9,0,0
889,2022-02-12 14:00,9.7,285,1.9,0,1022.7,1024.7,24.9,0,0
889,2022-02-12 15:00,10.5,311.2,1.4,0,1022,1024,21.7,0,0
889,2022-02-12 16:00,10.4,265.9,1.6,0,1021.6,1023.6,23.3,0,0
889,2022-02-12 17:00,10.3,268.4,1.1,0,1021.3,1023.3,24.4,0,0
889,2022-02-12 18:00,6,235.5,.7,0,1021.2,1023.2,34.1,0,0
889,2022-02-12 19:00,3.4,0,.3,0,1021.3,1023.3,42.1,0,0
889,2022-02-12 20:00,2.5,233.1,.5,0,1021.2,1023.2,45.3,0,0
889,2022-02-12 21:00,2.2,222.6,.6,0,1021.4,1023.5,48.5,0,0
889,2022-02-12 22:00,1.3,0,.4,0,1021.8,1023.9,50.6,0,0
889,2022-02-12 23:00,0,227.5,.6,0,1021.8,1023.9,56.6,0,0
889,2022-02-13 00:00,.1,235.4,.7,0,1021.7,1023.8,57.8,0,0
889,2022-02-13 01:00,.1,0,.3,0,1021.3,1023.4,58.9,0,0
889,2022-02-13 02:00,-.5,0,.4,0,1021.5,1023.6,60.5,0,0
889,2022-02-13 03:00,-1.4,0,.4,0,1021.7,1023.8,67.3,0,0
889,2022-02-13 04:00,-1.2,231,.6,0,1020.8,1022.9,69.4,0,0
889,2022-02-13 05:00,-.5,0,.4,0,1020.7,1022.8,69.9,0,0
889,2022-02-13 06:00,-.2,0,.3,0,1020.8,1022.9,66.4,0,0
889,2022-02-13 07:00,-.1,229.4,.5,0,1021.1,1023.2,66.5,0,0
889,2022-02-13 08:00,-.2,235.6,.5,0,1021.4,1023.5,66.4,0,0
889,2022-02-13 09:00,3.5,0,.4,0,1021.2,1023.2,58.8,0,0
889,2022-02-13 10:00,6,21.1,1.5,0,1021,1023,41.2,0,0
889,2022-02-13 11:00,7.6,12.7,1.2,0,1021,1023,39.1,0,0
889,2022-02-13 12:00,8.8,7.4,1,0,1020.8,1022.8,42.1,0,0
889,2022-02-13 13:00,9.3,17.6,.8,0,1019.9,1021.9,41.2,0,0
889,2022-02-13 14:00,10.3,5.5,1.1,0,1019.8,1021.8,32.8,0,0
889,2022-02-13 15:00,9.9,296.9,.9,0,1019.5,1021.5,35.8,0,0
889,2022-02-13 16:00,10,272.9,1.2,0,1019.3,1021.3,36.3,0,0
889,2022-02-13 17:00,9.7,269.2,.7,0,1018.7,1020.7,34.6,0,0
889,2022-02-13 18:00,5.1,224,.5,0,1018.7,1020.7,46.6,0,0
889,2022-02-13 19:00,2.8,226.8,.7,0,1019,1021,52.8,0,0
889,2022-02-13 20:00,1.6,230,.8,0,1019.5,1021.6,56.6,0,0
889,2022-02-13 21:00,1.1,227.7,.6,0,1019.6,1021.7,59.4,0,0
889,2022-02-13 22:00,.2,223.9,.8,0,1019.9,1022,64.8,0,0
889,2022-02-13 23:00,-.8,237.7,.7,0,1019.8,1021.9,71.6,0,0
889,2022-02-14 00:00,-.7,0,.4,0,1020.1,1022.2,75.2,0,0
889,2022-02-14 01:00,-1.6,234,.5,0,1020.2,1022.3,78.4,0,0
889,2022-02-14 02:00,-1.9,0,.4,0,1020.5,1022.6,83.8,0,0
889,2022-02-14 03:00,-1.8,0,.4,0,1020.2,1022.3,87.8,0,0
889,2022-02-14 04:00,-2.5,235,.7,0,1019.7,1021.8,89.5,0,0
889,2022-02-14 05:00,-2.5,221,.6,0,1019.4,1021.5,91.8,0,0
889,2022-02-14 06:00,-2.8,231.8,.8,0,1019.5,1021.6,93.9,0,0
889,2022-02-14 07:00,-2.6,225.8,.7,0,1019.3,1021.4,96.3,0,0
889,2022-02-14 08:00,-1.8,234.7,.5,0,1019.3,1021.4,94.7,0,0
889,2022-02-14 09:00,2.5,0,.2,0,1019.5,1021.5,82.9,0,0
889,2022-02-14 10:00,4.7,16.1,1.1,0,1019.3,1021.3,66,0,0
889,2022-02-14 11:00,5.9,23.3,1,0,1018.9,1020.9,61.7,0,0
889,2022-02-14 12:00,7.9,9.2,1.4,0,1018.4,1020.4,51.9,0,0
889,2022-02-14 13:00,9,241.3,3.2,0,1017.2,1019.2,42.7,0,0
889,2022-02-14 14:00,8.8,244.6,2.9,0,1016.5,1018.5,42.8,0,0
889,2022-02-14 15:00,8.3,240.9,3.2,0,1016.2,1018.2,43.7,0,0
889,2022-02-14 16:00,5.2,253.5,3.1,0,1017.1,1019.1,79.3,0,0
889,2022-02-14 17:00,3.9,244.1,2,.5,1016.8,1018.8,97.1,0,0
889,2022-02-14 18:00,3.3,239.7,2.5,1,1016.9,1018.9,94.1,0,0
889,2022-02-14 19:00,3.1,252.9,2.3,0,1017.4,1019.4,85.7,0,0
889,2022-02-14 20:00,1.7,257.2,2.6,0,1018.2,1020.2,75.7,0,0
889,2022-02-14 21:00,1.4,251.7,3.1,0,1018.7,1020.8,74.7,0,0
889,2022-02-14 22:00,1,256.8,2.5,0,1019,1021.1,73.5,0,0
889,2022-02-14 23:00,.4,279.9,2.2,0,1019.1,1021.2,65.6,0,0
889,2022-02-15 00:00,-.1,261.9,2.6,0,1019.2,1021.3,60.9,0,0
889,2022-02-15 01:00,-.5,262.2,2.5,0,1019.6,1021.7,61.9,0,0
889,2022-02-15 02:00,-1,259.5,2.3,0,1019.7,1021.8,64.3,0,0
889,2022-02-15 03:00,-1.4,252.1,1.9,0,1019.4,1021.5,65.9,0,0
889,2022-02-15 04:00,-2.1,263.6,2.1,0,1019,1021.1,66,0,0
889,2022-02-15 05:00,-2.9,294.5,2.1,0,1019.5,1021.6,63.1,0,0
889,2022-02-15 06:00,-3.8,258.2,2.2,0,1020,1022.1,69.1,0,0
889,2022-02-15 07:00,-4.7,271.6,2.7,0,1020.4,1022.5,70.3,0,0
889,2022-02-15 08:00,-4.9,272.9,2.6,0,1020.8,1022.9,69.7,0,0
889,2022-02-15 09:00,-4.6,252.1,2.8,0,1021.4,1023.5,68.7,0,0
889,2022-02-15 10:00,-4,252.4,2.5,0,1021.2,1023.3,60.2,0,0
889,2022-02-15 11:00,-3.6,247.8,3,0,1021.3,1023.4,56.2,0,0
889,2022-02-15 12:00,-3.1,247.2,3,0,1021,1023.1,54.3,0,0
889,2022-02-15 13:00,-2.1,259.8,2.6,0,1020.2,1022.3,51.7,0,0
889,2022-02-15 14:00,-2.4,246.3,2.9,0,1019.4,1021.5,52,0,0
889,2022-02-15 15:00,-2.4,264.6,2.6,0,1019.3,1021.4,47.1,0,0
889,2022-02-15 16:00,-2.1,277.8,1.7,0,1019.4,1021.5,51.2,0,0
889,2022-02-15 17:00,-2.5,247.1,2.5,0,1019.7,1021.8,52.4,0,0
889,2022-02-15 18:00,-3,246.6,3.3,0,1019.9,1022,48.2,0,0
889,2022-02-15 19:00,-3.6,263.5,3,0,1020.3,1022.4,47.9,0,0
889,2022-02-15 20:00,-4.4,272.6,2,0,1020.7,1022.8,46,0,0
889,2022-02-15 21:00,-5.2,285.6,2.1,0,1021.4,1023.5,46.2,0,0
889,2022-02-15 22:00,-5.7,267.4,2.3,0,1021.7,1023.8,48.2,0,0
889,2022-02-15 23:00,-6.2,280.9,2.5,0,1022,1024.1,52.3,0,0
889,2022-02-16 00:00,-6.5,263.1,1.5,0,1021.8,1023.9,53.8,0,0
889,2022-02-16 01:00,-6.3,255.8,1.9,0,1021.7,1023.8,52.3,0,0
889,2022-02-16 02:00,-6.6,261.8,1.4,0,1021.8,1023.9,53.7,0,0
889,2022-02-16 03:00,-6.5,253.9,1.9,0,1021.9,1024,55.8,0,0
889,2022-02-16 04:00,-6.7,254.2,1.9,0,1021.6,1023.7,60,0,0
889,2022-02-16 05:00,-6.8,254.1,1.5,0,1022,1024.1,61.5,0,0
889,2022-02-16 06:00,-6.9,270.5,2.4,0,1022.2,1024.3,60.6,0,0
889,2022-02-16 07:00,-7.1,271.8,2,0,1022.2,1024.3,58.9,0,0
889,2022-02-16 08:00,-7.5,272.6,1.9,0,1022.7,1024.8,60.1,0,0
889,2022-02-16 09:00,-6.7,341.6,1.7,0,1023.3,1025.4,57,0,0
889,2022-02-16 10:00,-6.2,293.4,2.4,0,1023.6,1025.7,46.3,0,0
889,2022-02-16 11:00,-5.6,333,2.4,0,1023.5,1025.6,43,0,0
889,2022-02-16 12:00,-4.4,327.9,2.1,0,1023.1,1025.2,42.9,0,0
889,2022-02-16 13:00,-4.6,315.3,2.4,0,1022.1,1024.2,37.6,0,0
889,2022-02-16 14:00,-3.7,321.2,2.4,0,1021.5,1023.6,35.3,0,0
889,2022-02-16 15:00,-3.3,268.8,2.4,0,1021,1023.1,34.4,0,0
889,2022-02-16 16:00,-3.9,260.4,3.3,0,1020.9,1023,36,0,0
889,2022-02-16 17:00,-3.9,264.6,2.5,0,1020.7,1022.8,35,0,0
889,2022-02-16 18:00,-4.5,298,2.2,0,1021,1023.1,37.2,0,0
889,2022-02-16 19:00,-5.1,270.8,2,0,1021.5,1023.6,41.9,0,0
889,2022-02-16 20:00,-6.2,289.3,3,0,1022.1,1024.2,38.5,0,0
889,2022-02-16 21:00,-6.9,282.1,3.1,0,1022.8,1024.9,42.1,0,0
889,2022-02-16 22:00,-7.7,294.8,2.7,0,1023.5,1025.6,49.6,0,0
889,2022-02-16 23:00,-8,284.5,1.7,0,1023.7,1025.8,49.8,0,0
889,2022-02-17 00:00,-7.8,289.1,1.4,0,1024,1026.1,51.1,0,0
889,2022-02-17 01:00,-8.1,252.2,1,0,1024.2,1026.3,51.7,0,0
889,2022-02-17 02:00,-8,293.2,1.1,0,1024.3,1026.4,49.5,0,0
889,2022-02-17 03:00,-7.8,297.2,2.6,0,1024.8,1026.9,45,0,0
889,2022-02-17 04:00,-8.1,290,2.3,0,1025,1027.1,45,0,0
889,2022-02-17 05:00,-8.4,311.5,2.3,0,1025.5,1027.6,44.8,0,0
889,2022-02-17 06:00,-8.7,293,1.9,0,1025.6,1027.7,44.4,0,0
889,2022-02-17 07:00,-8.9,287.7,1.5,0,1025.8,1027.9,46.7,0,0
889,2022-02-17 08:00,-8.9,303,1.7,0,1026.6,1028.8,44.3,0,0
889,2022-02-17 09:00,-8,358.3,1.6,0,1027.5,1029.6,44.2,0,0
889,2022-02-17 10:00,-6.8,315.2,1.4,0,1027.8,1029.9,42.2,0,0
889,2022-02-17 11:00,-5.8,2.4,1.7,0,1028,1030.1,40.9,0,0
889,2022-02-17 12:00,-5.3,318.6,1.6,0,1027.8,1029.9,36.8,0,0
889,2022-02-17 13:00,-4.4,318.5,1.1,0,1026.9,1029,35.2,0,0
889,2022-02-17 14:00,-2.3,295.2,1.3,0,1026,1028.1,33,0,0
889,2022-02-17 15:00,-1.5,357.5,1.3,0,1025.9,1028,30.6,0,0
889,2022-02-17 16:00,-.4,32.3,.7,0,1026.1,1028.2,29.7,0,0
889,2022-02-17 17:00,-.6,360,.8,0,1026.2,1028.3,29.7,0,0
889,2022-02-17 18:00,-2.6,236.3,.7,0,1026.7,1028.8,35.5,0,0
889,2022-02-17 19:00,-3.5,252.5,1,0,1027.4,1029.5,40.2,0,0
889,2022-02-17 20:00,-5,201.4,.5,0,1028,1030.1,46.6,0,0
889,2022-02-17 21:00,-5.9,228.3,.9,0,1028.6,1030.7,49.6,0,0
889,2022-02-17 22:00,-7.1,222.2,.7,0,1029.1,1031.2,57.1,0,0
889,2022-02-17 23:00,-7.5,206.4,.7,0,1029.1,1031.2,62.4,0,0
889,2022-02-18 00:00,-8,207.2,.6,0,1029.3,1031.4,63.6,0,0
889,2022-02-18 01:00,-8.7,206.3,.6,0,1029.4,1031.6,66.7,0,0
889,2022-02-18 02:00,-8.7,222,.6,0,1029.5,1031.7,68.2,0,0
889,2022-02-18 03:00,-8.9,214.6,.5,0,1029.2,1031.4,68.9,0,0
889,2022-02-18 04:00,-8.7,213.7,.7,0,1029.1,1031.3,70.4,0,0
889,2022-02-18 05:00,-9.2,213.7,.6,0,1029.8,1032,70.8,0,0
889,2022-02-18 06:00,-9.7,223,.7,0,1030.4,1032.6,72.9,0,0
889,2022-02-18 07:00,-9.7,233.4,.5,0,1031.2,1033.4,73.2,0,0
889,2022-02-18 08:00,-6.3,119.9,.7,0,1031.2,1033.3,62.6,0,0
889,2022-02-18 09:00,-3.4,91.4,.8,0,1031.1,1033.2,48.3,0,0
889,2022-02-18 10:00,-1.7,20.8,1.9,0,1030.7,1032.8,47.1,0,0
889,2022-02-18 11:00,0,13.4,1.8,0,1030.6,1032.7,39.4,0,0
889,2022-02-18 12:00,1.5,19.5,1.7,0,1030.2,1032.3,31.9,0,0
889,2022-02-18 13:00,2.6,9.1,1.4,0,1028.4,1030.5,28.7,0,0
889,2022-02-18 14:00,4.2,11,1.3,0,1027.2,1029.2,25.4,0,0
889,2022-02-18 15:00,5.1,22.1,1.1,0,1026.7,1028.7,23.8,0,0
889,2022-02-18 16:00,5.5,2.4,1,0,1026.2,1028.2,21.6,0,0
889,2022-02-18 17:00,5.1,348.7,.7,0,1025.8,1027.8,21,0,0
889,2022-02-18 18:00,3.3,249.1,1.9,0,1026.3,1028.4,28.7,0,0
889,2022-02-18 19:00,1.8,292.4,.9,0,1026.1,1028.2,35.3,0,0
889,2022-02-18 20:00,-.8,232.5,.9,0,1025.6,1027.7,45.7,0,0
889,2022-02-18 21:00,-.9,226.1,.7,0,1025.8,1027.9,49.3,0,0
889,2022-02-18 22:00,-.8,0,.2,0,1025.7,1027.8,49.9,0,0
889,2022-02-18 23:00,-.9,0,.2,0,1025.2,1027.3,52.7,0,0
889,2022-02-19 00:00,.3,270.8,1,0,1024.9,1027,45.7,0,0
889,2022-02-19 01:00,.5,267.1,1.1,0,1025,1027.1,42.7,0,0
889,2022-02-19 02:00,-.8,227.1,.8,0,1025,1027.1,57.5,0,0
889,2022-02-19 03:00,-1.6,0,.3,0,1024.5,1026.6,61.3,0,0
889,2022-02-19 04:00,-.3,278.4,1.5,0,1024,1026.1,60.6,0,0
889,2022-02-19 05:00,-2.1,0,.4,0,1023.7,1025.8,64.5,0,0
889,2022-02-19 06:00,-3.3,0,.4,0,1022.9,1025,66.9,0,0
889,2022-02-19 07:00,-1.3,265.3,1.3,0,1022.7,1024.8,58.3,0,0
889,2022-02-19 08:00,-1.8,239.7,.9,0,1022.8,1024.9,58.9,0,0
889,2022-02-19 09:00,.2,231.9,1.3,0,1023.6,1025.7,51.4,0,0
889,2022-02-19 10:00,.7,283.6,1,0,1023.8,1025.9,51.8,0,0
889,2022-02-19 11:00,.9,274.9,1.4,0,1023.7,1025.8,59.2,0,0
889,2022-02-19 12:00,2.1,2,1.5,0,1023.2,1025.3,59.3,0,0
889,2022-02-19 13:00,2.6,300.8,1,0,1022,1024,53,0,0
889,2022-02-19 14:00,3.5,356,2.1,0,1021,1023,49.2,0,0
889,2022-02-19 15:00,2.4,278.9,2.3,0,1020.5,1022.5,53.2,0,0
889,2022-02-19 16:00,2.5,301,1.5,0,1020.1,1022.1,49.3,0,0
889,2022-02-19 17:00,2.5,301.8,1.9,0,1019.7,1021.7,54.3,0,0
889,2022-02-19 18:00,-.6,277,1.6,0,1020.3,1022.4,89.3,0,0
889,2022-02-19 19:00,-.5,260.4,2.1,0,1020.2,1022.3,69,0,0
889,2022-02-19 20:00,-1.9,280.5,2.9,0,1021.1,1023.2,56.1,0,0
889,2022-02-19 21:00,-3.2,310.8,2.7,0,1021.6,1023.7,45.2,0,0
889,2022-02-19 22:00,-4.5,279.3,3,0,1022.4,1024.5,49.6,0,0
889,2022-02-19 23:00,-4.5,279,2,0,1022.1,1024.2,52.7,0,0
889,2022-02-20 00:00,-4.8,247.4,2.1,0,1022.6,1024.7,52.5,0,0
889,2022-02-20 01:00,-4.9,252.3,1.7,0,1022.8,1024.9,52.8,0,0
889,2022-02-20 02:00,-4.7,263,2.1,0,1023.1,1025.2,47.3,0,0
889,2022-02-20 03:00,-5.4,247.5,2.3,0,1023,1025.1,46.1,0,0
889,2022-02-20 04:00,-5.9,273.4,2.2,0,1022.7,1024.8,44.8,0,0
889,2022-02-20 05:00,-6.4,263.3,1.7,0,1023,1025.1,48.8,0,0
889,2022-02-20 06:00,-7,256,2.3,0,1023.4,1025.5,51,0,0
889,2022-02-20 07:00,-6.9,271.9,1.4,0,1023.8,1025.9,50,0,0
889,2022-02-20 08:00,-6.8,273,1.6,0,1024.7,1026.8,50,0,0
889,2022-02-20 09:00,-5.8,308.5,1.4,0,1025.6,1027.7,47.6,0,0
889,2022-02-20 10:00,-5.4,284,2.9,0,1026,1028.1,41.2,0,0
889,2022-02-20 11:00,-3.9,284.9,2.2,0,1026.3,1028.4,36.2,0,0
889,2022-02-20 12:00,-2.4,272.4,2.6,0,1026.2,1028.3,31.5,0,0
889,2022-02-20 13:00,-2.2,288.5,2.9,0,1025.3,1027.4,28.5,0,0
889,2022-02-20 14:00,-1.2,336.5,2.4,0,1024.7,1026.8,25.7,0,0
889,2022-02-20 15:00,-.2,332.3,2,0,1024,1026.1,27.3,0,0
889,2022-02-20 16:00,-.1,337.6,2.8,0,1023.9,1026,25.3,0,0
889,2022-02-20 17:00,-.8,244.4,3.4,0,1024,1026.1,30.7,0,0
889,2022-02-20 18:00,-1.5,246.9,2.9,0,1024.1,1026.2,35.7,0,0
889,2022-02-20 19:00,-2.1,245.6,2.3,0,1024.6,1026.7,40.9,0,0
889,2022-02-20 20:00,-2.2,240.5,2.2,0,1025.4,1027.5,48.8,0,0
889,2022-02-20 21:00,-2.4,283.4,2.4,0,1026.2,1028.3,38.3,0,0
889,2022-02-20 22:00,-2.9,304.8,1.7,0,1026.9,1029,41.6,0,0
889,2022-02-20 23:00,-3.2,289.5,2.1,0,1027.3,1029.4,44.3,0,0
889,2022-02-21 00:00,-3.8,268.6,1.2,0,1027.3,1029.4,47.8,0,0
889,2022-02-21 01:00,-5.8,202.9,.5,0,1027.2,1029.3,56.1,0,0
889,2022-02-21 02:00,-7.1,193.4,.5,0,1027.1,1029.2,61.9,0,0
889,2022-02-21 03:00,-8.2,225.4,.5,0,1026.6,1028.7,68.1,0,0
889,2022-02-21 04:00,-8.5,0,.2,0,1026.3,1028.4,69.7,0,0
889,2022-02-21 05:00,-8.6,0,.4,0,1026.5,1028.6,70.9,0,0
889,2022-02-21 06:00,-8.8,0,.4,0,1026.3,1028.4,73.8,0,0
889,2022-02-21 07:00,-9.4,225.9,.8,0,1026.1,1028.3,74.6,0,0
889,2022-02-21 08:00,-8.6,0,.4,0,1026.7,1028.8,74.8,0,0
889,2022-02-21 09:00,-2.8,0,.4,0,1026.6,1028.7,56.4,0,0
889,2022-02-21 10:00,-.7,358.9,1.3,0,1026.3,1028.4,52.8,0,0
889,2022-02-21 11:00,1.3,87.7,1.2,0,1025.6,1027.7,51.6,0,0
889,2022-02-21 12:00,1.2,222.6,1.9,0,1025.3,1027.4,67.5,0,0
889,2022-02-21 13:00,3.3,229.6,2.1,0,1023.8,1025.8,58.7,0,0
889,2022-02-21 14:00,3.8,254.2,3.9,0,1023.6,1025.6,49.9,0,0
889,2022-02-21 15:00,2.4,248.1,4.1,0,1023.7,1025.8,48.2,0,0
889,2022-02-21 16:00,2.8,258.8,3.3,0,1024.1,1026.2,41.6,0,0
889,2022-02-21 17:00,1.8,247,4.4,0,1024.3,1026.4,43.5,0,0
889,2022-02-21 18:00,.8,252.6,3.1,0,1025,1027.1,48.3,0,0
889,2022-02-21 19:00,0,246,3.7,0,1025.7,1027.8,51.9,0,0
889,2022-02-21 20:00,-.9,267.4,1.8,0,1026.6,1028.7,44.1,0,0
889,2022-02-21 21:00,-1.3,282.3,2,0,1027.2,1029.3,45.7,0,0
889,2022-02-21 22:00,-2.4,288.9,2.3,0,1028,1030.1,53.8,0,0
889,2022-02-21 23:00,-2.9,305,1.8,0,1028.9,1031,53.8,0,0
889,2022-02-22 00:00,-3.3,255.5,2,0,1029.2,1031.3,53.1,0,0
889,2022-02-22 01:00,-3.5,240.6,1.9,0,1029.4,1031.5,51.8,0,0
889,2022-02-22 02:00,-3.3,281.3,1.5,0,1029.3,1031.4,52.1,0,0
889,2022-02-22 03:00,-4.1,251.2,1.6,0,1029.4,1031.5,48.7,0,0
889,2022-02-22 04:00,-4,315,2.4,0,1029.9,1032,40.7,0,0
889,2022-02-22 05:00,-4.7,298.2,1.5,0,1030,1032.1,40,0,0
889,2022-02-22 06:00,-4.7,296.8,1.6,0,1030.7,1032.8,34.6,0,0
889,2022-02-22 07:00,-5.1,281,1.8,0,1030.8,1032.9,35.3,0,0
889,2022-02-22 08:00,-5,290.7,1.3,0,1030.7,1032.8,35.6,0,0
889,2022-02-22 09:00,-4,309.2,1.2,0,1031.4,1033.5,34.9,0,0
889,2022-02-22 10:00,-2.7,342.4,1.4,0,1031.6,1033.7,32.3,0,0
889,2022-02-22 11:00,-1.9,328.7,2.1,0,1031.8,1033.9,32.8,0,0
889,2022-02-22 12:00,-1.3,251.9,2.4,0,1031.3,1033.4,33.2,0,0
889,2022-02-22 13:00,-.2,263.3,2.7,0,1030.3,1032.4,35.3,0,0
889,2022-02-22 14:00,.2,254.6,3.2,0,1029.5,1031.6,37.1,0,0
889,2022-02-22 15:00,.6,245.2,3.5,0,1029.1,1031.2,36.9,0,0
889,2022-02-22 16:00,.7,250.7,2.9,0,1028.9,1031,36,0,0
889,2022-02-22 17:00,.6,251.9,2.8,0,1028.9,1031,43.7,0,0
889,2022-02-22 18:00,-1.4,253.8,3.1,0,1029,1031.1,47.2,0,0
889,2022-02-22 19:00,-2.2,247.2,3.1,0,1029.8,1031.9,39.4,0,0
889,2022-02-22 20:00,-3.6,269.8,2.2,0,1030.3,1032.4,38.3,0,0
889,2022-02-22 21:00,-5,300.2,2.1,0,1030.8,1032.9,41.5,0,0
889,2022-02-22 22:00,-5.7,329.3,1.6,0,1031.4,1033.5,43.5,0,0
889,2022-02-22 23:00,-6,286.8,1,0,1031.5,1033.6,43.4,0,0
889,2022-02-23 00:00,-6.3,263.5,1.5,0,1032.1,1034.2,41.2,0,0
889,2022-02-23 01:00,-6.2,270.4,.9,0,1032.4,1034.5,42.5,0,0
889,2022-02-23 02:00,-8.6,241,.6,0,1032.2,1034.4,52.7,0,0
889,2022-02-23 03:00,-7.8,255.3,.8,0,1032.1,1034.3,52.8,0,0
889,2022-02-23 04:00,-9.4,214.6,.5,0,1032.2,1034.4,58.7,0,0
889,2022-02-23 05:00,-8.7,0,.4,0,1031.9,1034.1,53.5,0,0
889,2022-02-23 06:00,-7.5,272.1,.7,0,1031.8,1033.9,48.6,0,0
889,2022-02-23 07:00,-8.4,233,.8,0,1032.3,1034.5,49,0,0
889,2022-02-23 08:00,-7.7,261,1,0,1032.5,1034.7,49.1,0,0
889,2022-02-23 09:00,-6,260.8,1.8,0,1033.6,1035.7,40.2,0,0
889,2022-02-23 10:00,-5.2,259.3,1.7,0,1033.4,1035.5,37.4,0,0
889,2022-02-23 11:00,-4.2,347.8,1.9,0,1033.1,1035.2,35.1,0,0
889,2022-02-23 12:00,-2.5,330,1.5,0,1032.7,1034.8,30.8,0,0
889,2022-02-23 13:00,-2.2,338.2,2.3,0,1031.6,1033.7,29,0,0
889,2022-02-23 14:00,-1.2,329.7,2,0,1030.7,1032.8,27.7,0,0
889,2022-02-23 15:00,-1.1,288.7,2.1,0,1030,1032.1,29.3,0,0
889,2022-02-23 16:00,-.5,255.6,2.5,0,1029.6,1031.7,32.1,0,0
889,2022-02-23 17:00,-.3,286.2,2,0,1029.3,1031.4,25.4,0,0
889,2022-02-23 18:00,-1.5,295.6,1.9,0,1029.4,1031.5,26.7,0,0
889,2022-02-23 19:00,-2.2,266.9,2.2,0,1030,1032.1,28.1,0,0
889,2022-02-23 20:00,-2.6,350,1.6,0,1030.6,1032.7,29.5,0,0
889,2022-02-23 21:00,-3,325.4,1.7,0,1030.9,1033,33,0,0
889,2022-02-23 22:00,-3.6,281.1,2.4,0,1031.1,1033.2,32.3,0,0
889,2022-02-23 23:00,-4.3,294,1.1,0,1031,1033.1,35.7,0,0
889,2022-02-24 00:00,-5.8,246.6,.7,0,1030.9,1033,42.5,0,0
889,2022-02-24 01:00,-7.2,0,.4,0,1030.7,1032.8,51,0,0
889,2022-02-24 02:00,-6.3,267.8,.8,0,1030.8,1032.9,48.8,0,0
889,2022-02-24 03:00,-8.1,248.1,.7,0,1030.5,1032.7,53.7,0,0
889,2022-02-24 04:00,-9.7,227.7,.7,0,1030.5,1032.7,62.7,0,0
889,2022-02-24 05:00,-10,225,.6,0,1030.4,1032.6,64.5,0,0
889,2022-02-24 06:00,-10.2,229.9,.8,0,1030.6,1032.8,65.8,0,0
889,2022-02-24 07:00,-10.6,226.9,.7,0,1030.6,1032.8,68.7,0,0
889,2022-02-24 08:00,-9.2,0,.3,0,1030.8,1033,65.6,0,0
889,2022-02-24 09:00,-3.7,188.8,.8,0,1031.3,1033.4,47.1,0,0
889,2022-02-24 10:00,-1.2,358.5,1,0,1031.3,1033.4,37.2,0,0
889,2022-02-24 11:00,.1,4.3,1.5,0,1031,1033.1,31.6,0,0
889,2022-02-24 12:00,2.3,309,1.5,0,1030.5,1032.6,33.6,0,0
889,2022-02-24 13:00,2.7,342.1,1.8,0,1029.4,1031.5,36.1,0,0
889,2022-02-24 14:00,3.3,258.3,2.8,0,1028.3,1030.4,34.9,0,0
889,2022-02-24 15:00,3.8,270.1,2.2,0,1028,1030,37.6,0,0
889,2022-02-24 16:00,3.7,277.4,2.2,0,1027.8,1029.8,40.6,0,0
889,2022-02-24 17:00,2.8,258.1,2.6,0,1027.5,1029.6,46.7,0,0
889,2022-02-24 18:00,1.4,244.2,1.7,0,1027.4,1029.5,54.5,0,0
889,2022-02-24 19:00,.5,226.1,1.3,0,1027.4,1029.5,60.9,0,0
889,2022-02-24 20:00,-2.3,0,.4,0,1027.3,1029.4,70.1,0,0
889,2022-02-24 21:00,-2.9,218.2,.5,0,1027.2,1029.3,75.6,0,0
889,2022-02-24 22:00,-3.6,231.8,.5,0,1027.3,1029.4,83,0,0
889,2022-02-24 23:00,-4.1,0,.1,0,1026.9,1029,90.7,0,0
889,2022-02-25 00:00,-4.5,229.8,.5,0,1026.6,1028.7,94.4,0,0
889,2022-02-25 01:00,-4.5,220.5,.5,0,1026.7,1028.8,96.4,0,0
889,2022-02-25 02:00,-4.6,241.3,.6,0,1026.6,1028.7,97.8,0,0
889,2022-02-25 03:00,-5.5,0,.4,0,1026.6,1028.7,97.7,0,0
889,2022-02-25 04:00,-5.4,236.5,.5,0,1026.2,1028.3,99.1,0,0
889,2022-02-25 05:00,-5.6,0,.4,0,1026.3,1028.4,98.9,0,0
889,2022-02-25 06:00,-5.7,230.9,.5,0,1026.6,1028.7,99.3,0,0
889,2022-02-25 07:00,-5.7,240,.9,0,1026.9,1029,99.8,0,0
889,2022-02-25 08:00,-4.9,0,.4,0,1027.2,1029.3,99.9,0,0
889,2022-02-25 09:00,-.9,0,.4,0,1027.4,1029.5,95,0,0
889,2022-02-25 10:00,2.4,15.6,.8,0,1027.1,1029.2,75.5,0,0
889,2022-02-25 11:00,4.6,26.4,.9,0,1026.8,1028.8,64.6,0,0
889,2022-02-25 12:00,7.1,210.4,1.3,0,1026.1,1028.1,57.7,0,0
889,2022-02-25 13:00,8.5,246.3,2.4,0,1025.1,1027.1,55.1,0,0
889,2022-02-25 14:00,8.6,241.6,3.1,0,1024.1,1026.1,57.4,0,0
889,2022-02-25 15:00,8.7,230.6,2.7,0,1023.4,1025.4,59.4,0,0
889,2022-02-25 16:00,8.4,238.7,2.5,0,1023.2,1025.2,62.5,0,0
889,2022-02-25 17:00,7.9,240.2,2.2,0,1022.8,1024.8,68.1,0,0
889,2022-02-25 18:00,7,238.5,1.8,0,1022.8,1024.8,73.8,0,0
889,2022-02-25 19:00,6.9,226.1,1.7,0,1022.9,1024.9,78.3,0,0
889,2022-02-25 20:00,5.9,214,1.5,0,1023,1025,80.5,0,0
889,2022-02-25 21:00,5.9,237.2,1.5,0,1023,1025,88.3,0,0
889,2022-02-25 22:00,6.2,213.9,1.9,0,1023,1025,84.9,0,0
889,2022-02-25 23:00,6.2,181.7,.7,0,1022.6,1024.6,86.9,0,0
889,2022-02-26 00:00,6.3,218.6,1.2,0,1022,1024,88.3,0,0
889,2022-02-26 01:00,6.1,225.5,2.2,0,1021.8,1023.8,89.4,0,0
889,2022-02-26 02:00,5.8,211.8,1,0,1021.2,1023.2,90.3,0,0
889,2022-02-26 03:00,5.1,227.1,1,0,1020.5,1022.5,91.1,0,0
889,2022-02-26 04:00,5.1,199.7,1.6,0,1019.6,1021.6,89.4,0,0
889,2022-02-26 05:00,5.3,192.3,1.8,0,1019.3,1021.3,88.3,0,0
889,2022-02-26 06:00,4.7,220.5,2.2,0,1019.2,1021.2,88.4,0,0
889,2022-02-26 07:00,3.4,203.7,1,0,1019.5,1021.5,92.3,0,0
889,2022-02-26 08:00,5.1,217.5,1.6,0,1019.5,1021.5,87.5,0,0
889,2022-02-26 09:00,6.1,205.1,2,0,1019.3,1021.3,83.3,0,0
889,2022-02-26 10:00,7.6,211.3,2.4,0,1018.4,1020.4,76,0,0
889,2022-02-26 11:00,8.7,219.9,3.6,0,1017.7,1019.7,69.8,0,0
889,2022-02-26 12:00,9.7,221.5,3.9,0,1016.5,1018.5,65,0,0
889,2022-02-26 13:00,10.4,226.6,2.6,0,1015.6,1017.6,62.2,0,0
889,2022-02-26 14:00,10,221.5,3.6,0,1014.2,1016.2,63.2,0,0
889,2022-02-26 15:00,9.4,219.7,2.6,0,1013.3,1015.3,66,0,0
889,2022-02-26 16:00,9.5,206.5,3.2,0,1012.3,1014.3,65.9,0,0
889,2022-02-26 17:00,9,231.1,3.2,0,1011.4,1013.4,67.9,0,0
889,2022-02-26 18:00,8.5,229.8,2.8,0,1010.8,1012.8,74.1,0,0
889,2022-02-26 19:00,7.2,243.6,3.4,1,1010.7,1012.7,91.9,0,0
889,2022-02-26 20:00,6.5,250.6,3.9,.5,1011.2,1013.2,93,0,0
889,2022-02-26 21:00,5.1,258.5,3,0,1012.5,1014.5,88.2,0,0
889,2022-02-26 22:00,3.5,245.9,1.5,0,1014.5,1016.5,83.8,0,0
889,2022-02-26 23:00,3,262.4,2.7,0,1015.2,1017.2,67.2,0,0
889,2022-02-27 00:00,2.4,241.7,1.7,0,1015.7,1017.7,64.8,0,0
889,2022-02-27 01:00,2.7,252.4,1.8,0,1016.4,1018.4,56.3,0,0
889,2022-02-27 02:00,2.5,268.2,1.4,0,1017.2,1019.2,51.1,0,0
889,2022-02-27 03:00,.2,243.7,1.5,0,1018,1020.1,60.7,0,0
889,2022-02-27 04:00,-1.1,232.7,.9,0,1018.1,1020.2,66.1,0,0
889,2022-02-27 05:00,-2.5,222.9,.8,0,1018.7,1020.8,74.1,0,0
889,2022-02-27 06:00,-2.5,0,.4,0,1019.6,1021.7,75.8,0,0
889,2022-02-27 07:00,-3.9,0,.4,0,1020.1,1022.2,87.9,0,0
889,2022-02-27 08:00,-2.9,0,.2,0,1020.7,1022.8,86.6,0,0
889,2022-02-27 09:00,2.5,211.1,1.1,0,1021.3,1023.3,59.8,0,0
889,2022-02-27 10:00,5.2,233.1,1.9,0,1021.5,1023.5,43.7,0,0
889,2022-02-27 11:00,6.5,236.2,2.5,0,1021.3,1023.3,46.8,0,0
889,2022-02-27 12:00,8.1,227.8,3.5,0,1021,1023,33.3,0,0
889,2022-02-27 13:00,8.7,240.9,3.8,0,1020.5,1022.5,37.5,0,0
889,2022-02-27 14:00,9.2,261.5,3.1,0,1019.8,1021.8,42.3,0,0
889,2022-02-27 15:00,9.5,247.1,3.7,0,1019.4,1021.4,40.8,0,0
889,2022-02-27 16:00,9,238.3,4.9,0,1019.1,1021.1,44.6,0,0
889,2022-02-27 17:00,8.5,225.5,3.6,0,1019.2,1021.2,50.8,0,0
889,2022-02-27 18:00,7.1,241.1,2.8,0,1019.2,1021.2,56.7,0,0
889,2022-02-27 19:00,5.6,227.2,1.6,0,1019.6,1021.6,64.8,0,0
889,2022-02-27 20:00,4.9,217.9,1.5,0,1020,1022,70,0,0
889,2022-02-27 21:00,4.7,227.1,1.7,0,1020.3,1022.3,74.2,0,0
889,2022-02-27 22:00,4.7,224.7,1.1,0,1020.8,1022.8,78.1,0,0
889,2022-02-27 23:00,1.9,0,.4,0,1020.8,1022.9,90.4,0,0
889,2022-02-28 00:00,3,241.2,1.2,0,1020.8,1022.8,95.1,0,0
889,2022-02-28 01:00,1.4,232.7,.5,0,1021,1023.1,95.4,0,0
889,2022-02-28 02:00,.8,211.6,.5,0,1021.3,1023.4,97.7,0,0
889,2022-02-28 03:00,3,218.3,1.2,0,1021.2,1023.2,95.6,0,0
889,2022-02-28 04:00,0,0,.4,0,1021.1,1023.2,99.9,0,0
889,2022-02-28 05:00,1.7,0,.1,0,1021,1023.1,99.9,0,0
889,2022-02-28 06:00,1.8,237.2,.6,0,1021.3,1023.4,99.9,0,0
889,2022-02-28 07:00,1.3,271.6,.5,0,1021.8,1023.9,99.9,0,0
889,2022-02-28 08:00,3.1,185.9,.5,0,1022.5,1024.5,98.7,0,0
889,2022-02-28 09:00,5.7,197.9,.9,0,1022.2,1024.2,75.9,0,0
889,2022-02-28 10:00,6.8,59.4,.7,0,1022.3,1024.3,71.9,0,0
889,2022-02-28 11:00,8.1,222.7,1.1,0,1021.8,1023.8,64.1,0,0
889,2022-02-28 12:00,9.3,26.1,1,0,1021.1,1023.1,59.3,0,0
889,2022-02-28 13:00,10,359.5,1.4,0,1020,1022,52.5,0,0
889,2022-02-28 14:00,10.5,347.3,1.1,0,1019.1,1021.1,49.1,0,0
889,2022-02-28 15:00,10.9,4.2,1,0,1018.3,1020.3,44,0,0
889,2022-02-28 16:00,11.7,355.8,.9,0,1017.2,1019.2,39.2,0,0
889,2022-02-28 17:00,12.1,295.8,.9,0,1016.2,1018.2,37.5,0,0
889,2022-02-28 18:00,9.2,233.5,.5,0,1016.6,1018.6,41.2,0,0
889,2022-02-28 19:00,6.5,0,.4,0,1016.6,1018.6,49.9,0,0
889,2022-02-28 20:00,4.5,227.9,.6,0,1016.2,1018.2,57.7,0,0
889,2022-02-28 21:00,4.7,229.5,.9,0,1015.5,1017.5,56.8,0,0
889,2022-02-28 22:00,3.6,233.3,.8,0,1015.4,1017.4,56.6,0,0
889,2022-02-28 23:00,6.6,189.2,.5,0,1015.3,1017.3,57,0,0
889,2022-03-01 00:00,5.1,0,.3,0,1014.8,1016.8,69,0,0
889,2022-03-01 01:00,5.2,0,.2,0,1014.1,1016.1,72.4,0,0
889,2022-03-01 02:00,6.9,237.4,.7,0,1013.9,1015.9,70.9,0,0
889,2022-03-01 03:00,6.1,158.5,.8,.5,1013.2,1015.2,94.4,0,0
889,2022-03-01 04:00,5.1,0,.3,.5,1012.7,1014.7,99.9,0,0
889,2022-03-01 05:00,4.9,0,.4,1,1012.3,1014.3,99.9,0,0
889,2022-03-01 06:00,4.7,224.4,.5,.5,1012,1014,99.9,0,0
889,2022-03-01 07:00,4.9,0,.3,.5,1011.9,1013.9,99.9,0,0
889,2022-03-01 08:00,5.1,0,.2,0,1012.3,1014.3,99.9,0,0
889,2022-03-01 09:00,6.5,0,.4,0,1011.7,1013.7,99.9,0,0
889,2022-03-01 10:00,7.1,152.3,.5,0,1012,1014,99.9,0,0
889,2022-03-01 11:00,7.6,252.3,2,0,1012.1,1014.1,98.1,0,0
889,2022-03-01 12:00,7.9,254.2,1.3,0,1012.3,1014.3,94.4,0,0
889,2022-03-01 13:00,8.4,252.6,2.1,0,1012,1014,86.9,0,0
889,2022-03-01 14:00,8.6,285.4,1.4,0,1011.3,1013.3,83.7,0,0
889,2022-03-01 15:00,9.3,253.4,1.3,0,1011.1,1013.1,75.7,0,0
889,2022-03-01 16:00,9.7,258.6,1.6,0,1011.6,1013.6,64.9,0,0
889,2022-03-01 17:00,8.8,278.6,2.4,0,1012.1,1014.1,55.1,0,0
889,2022-03-01 18:00,7.6,277.7,2,0,1012.7,1014.7,52.8,0,0
889,2022-03-01 19:00,5.9,238.6,2.4,0,1013.5,1015.5,64.8,0,0
889,2022-03-01 20:00,5.4,245.3,2.2,0,1014.1,1016.1,62.7,0,0
889,2022-03-01 21:00,4.2,283.1,1.5,0,1015.3,1017.3,60.7,0,0
889,2022-03-01 22:00,2.9,280.3,1.7,0,1016.3,1018.3,53.7,0,0
889,2022-03-01 23:00,2,270,1.7,0,1016.5,1018.5,52,0,0
889,2022-03-02 00:00,1.1,252.5,1.1,0,1016.6,1018.7,51.8,0,0
889,2022-03-02 01:00,-1.6,235.5,1.3,0,1016.2,1018.3,68.4,0,0
889,2022-03-02 02:00,-.9,221.3,1,0,1016.8,1018.9,61.2,0,0
889,2022-03-02 03:00,-2.6,0,.4,0,1016.6,1018.7,72.8,0,0
889,2022-03-02 04:00,-3.6,226.4,.5,0,1016.2,1018.3,81.8,0,0
889,2022-03-02 05:00,-3.4,0,.4,0,1016.4,1018.5,87.8,0,0
889,2022-03-02 06:00,-4.1,219.9,.5,0,1016.7,1018.8,91.6,0,0
889,2022-03-02 07:00,-4.4,230.8,.6,0,1017,1019.1,92.4,0,0
889,2022-03-02 08:00,-3.3,0,.1,0,1017.3,1019.4,90.5,0,0
889,2022-03-02 09:00,2.3,203.7,.9,0,1017.8,1019.8,62.2,0,0
889,2022-03-02 10:00,4.5,269.3,1.1,0,1017.8,1019.8,47.6,0,0
889,2022-03-02 11:00,6,55.4,.9,0,1017.2,1019.2,39.2,0,0
889,2022-03-02 12:00,7,255.8,2,0,1016.9,1018.9,35.1,0,0
889,2022-03-02 13:00,8.1,237.8,3.3,0,1016.3,1018.3,31.9,0,0
889,2022-03-02 14:00,8.5,218.9,3.8,0,1015.6,1017.6,31.8,0,0
889,2022-03-02 15:00,8,238.4,4.3,0,1015.1,1017.1,37.9,0,0
889,2022-03-02 16:00,8.1,233,4,0,1014.9,1016.9,45.6,0,0
889,2022-03-02 17:00,7.7,263.4,2.5,0,1014.6,1016.6,49.7,0,0
889,2022-03-02 18:00,6.1,222.8,3,0,1014.7,1016.7,59.5,0,0
889,2022-03-02 19:00,5.3,235.3,2.2,0,1015.2,1017.2,66.6,0,0
889,2022-03-02 20:00,4.6,230.5,2,0,1015.2,1017.2,70.8,0,0
889,2022-03-02 21:00,3.3,0,.4,0,1015.3,1017.3,75.8,0,0
889,2022-03-02 22:00,1.5,222.7,.7,0,1015.6,1017.6,82.4,0,0
889,2022-03-02 23:00,2.8,241.9,1,0,1015.8,1017.8,85,0,0
889,2022-03-03 00:00,2.2,218,.5,0,1015.8,1017.8,92.8,0,0
889,2022-03-03 01:00,4.1,213.6,1.2,0,1015.6,1017.6,87.5,0,0
889,2022-03-03 02:00,3.7,231.8,1.5,0,1015.8,1017.8,93.6,0,0
889,2022-03-03 03:00,2.7,240.2,.7,0,1015.5,1017.5,94.1,0,0
889,2022-03-03 04:00,2.7,247.5,1.2,0,1015.5,1017.5,95.9,0,0
889,2022-03-03 05:00,-.4,215.9,.7,0,1015.6,1017.7,99.9,0,0
889,2022-03-03 06:00,-1.2,219.7,.6,0,1015.9,1018,99.9,0,0
889,2022-03-03 07:00,-2,224.1,.5,0,1016.2,1018.3,99.9,0,0
889,2022-03-03 08:00,-.3,0,.2,0,1016.7,1018.8,99.9,0,0
889,2022-03-03 09:00,4.2,0,.2,0,1017.6,1019.6,91.3,0,0
889,2022-03-03 10:00,6.5,19.7,1.6,0,1017.8,1019.8,47.7,0,0
889,2022-03-03 11:00,7.8,3.1,1.5,0,1017.6,1019.6,36.9,0,0
889,2022-03-03 12:00,9,9.5,1.5,0,1017.2,1019.2,37.1,0,0
889,2022-03-03 13:00,11,225.6,2.1,0,1016.7,1018.7,29.7,0,0
889,2022-03-03 14:00,11.8,264.1,2.3,0,1016,1018,28.3,0,0
889,2022-03-03 15:00,12.5,254.1,2.3,0,1015.7,1017.7,24.9,0,0
889,2022-03-03 16:00,12,260.3,2.5,0,1015.8,1017.8,24.3,0,0
889,2022-03-03 17:00,11.1,272.4,2.1,0,1015.6,1017.6,24.6,0,0
889,2022-03-03 18:00,9.4,247,1.4,0,1015.3,1017.3,27.3,0,0
889,2022-03-03 19:00,6.2,235.5,1.4,0,1015.9,1017.9,36.9,0,0
889,2022-03-03 20:00,4,233.8,.9,0,1016.1,1018.1,45.1,0,0
889,2022-03-03 21:00,2.5,0,.4,0,1015.9,1017.9,51.9,0,0
889,2022-03-03 22:00,1.4,0,.3,0,1016,1018,54,0,0
889,2022-03-03 23:00,1,0,.3,0,1016,1018,56.1,0,0
889,2022-03-04 00:00,.5,234.1,.7,0,1015.8,1017.9,61.7,0,0
889,2022-03-04 01:00,.1,0,.4,0,1015.7,1017.8,68.6,0,0
889,2022-03-04 02:00,-.5,228.1,.7,0,1015.8,1017.9,75.7,0,0
889,2022-03-04 03:00,-.9,234.8,.8,0,1015.4,1017.5,78.7,0,0
889,2022-03-04 04:00,-1.2,233.5,.9,0,1014.6,1016.7,83.6,0,0
889,2022-03-04 05:00,-1.5,233.3,.8,0,1014.6,1016.7,84.9,0,0
889,2022-03-04 06:00,-2,0,.4,0,1014.5,1016.6,83.3,0,0
889,2022-03-04 07:00,-1.7,0,.3,0,1014.3,1016.4,83.1,0,0
889,2022-03-04 08:00,.1,226.3,.7,0,1014.1,1016.2,79.7,0,0
889,2022-03-04 09:00,6.2,22.7,1,0,1013.5,1015.5,56.3,0,0
889,2022-03-04 10:00,8.7,167.1,1.1,0,1012.4,1014.4,64.2,0,0
889,2022-03-04 11:00,10.6,91.3,1.6,0,1010.8,1012.8,63.8,0,0
889,2022-03-04 12:00,12.6,237.3,3.2,0,1009.7,1011.6,53,0,0
889,2022-03-04 13:00,14.4,199.2,2.9,0,1008,1009.9,46.6,0,0
889,2022-03-04 14:00,15.9,223.4,3.2,0,1006.1,1008,39.7,0,0
889,2022-03-04 15:00,13.6,221.5,4.7,0,1006.1,1008,35.6,0,0
889,2022-03-04 16:00,13.4,220.9,3.7,0,1004.8,1006.7,34.5,0,0
889,2022-03-04 17:00,12.6,213.6,4.4,0,1004.7,1006.6,47.1,0,0
889,2022-03-04 18:00,12,220,4.1,0,1005.1,1007,56,0,0
889,2022-03-04 19:00,10.7,229.6,4.3,0,1005.4,1007.4,68.3,0,0
889,2022-03-04 20:00,10.1,228.8,3.7,0,1005.9,1007.9,74.6,0,0
889,2022-03-04 21:00,9,219.6,4.2,0,1006.3,1008.3,74,0,0
889,2022-03-04 22:00,7.9,220.8,3.3,0,1006.8,1008.8,74,0,0
889,2022-03-04 23:00,6.7,239.5,2.9,0,1007.6,1009.6,75.1,0,0
889,2022-03-05 00:00,5.9,234.8,2.5,0,1008.2,1010.2,77.3,0,0
889,2022-03-05 01:00,6.1,256.3,1.7,0,1008.9,1010.9,70.3,0,0
889,2022-03-05 02:00,5,247.8,2.4,0,1009.8,1011.8,55,0,0
889,2022-03-05 03:00,4.2,263.3,2.4,0,1010.1,1012.1,45,0,0
889,2022-03-05 04:00,3.8,244,2.7,0,1010.2,1012.2,48.4,0,0
889,2022-03-05 05:00,2.8,248.6,2.8,0,1010.9,1012.9,56.9,0,0
889,2022-03-05 06:00,1.7,246.6,3.1,0,1011.6,1013.6,47.6,0,0
889,2022-03-05 07:00,1.3,247.9,3,0,1012.4,1014.4,42.5,0,0
889,2022-03-05 08:00,1.4,251.7,2.6,0,1013.8,1015.8,30.7,0,0
889,2022-03-05 09:00,2.4,257.7,3.2,0,1014.6,1016.6,26.4,0,0
889,2022-03-05 10:00,3.4,275.9,3,0,1014.7,1016.7,22.5,0,0
889,2022-03-05 11:00,4.4,241.2,3.8,0,1014.6,1016.6,24.5,0,0
889,2022-03-05 12:00,4.8,292.9,2.9,0,1014.7,1016.7,23.1,0,0
889,2022-03-05 13:00,5.8,261.4,3.4,0,1014.2,1016.2,23.6,0,0
889,2022-03-05 14:00,6.5,258.8,4.3,0,1013.5,1015.5,26.8,0,0
889,2022-03-05 15:00,6.4,246.1,4.8,0,1013.5,1015.5,24.6,0,0
889,2022-03-05 16:00,6.5,264.9,3.8,0,1013.6,1015.6,25.7,0,0
889,2022-03-05 17:00,6.4,259.7,3.1,0,1013.9,1015.9,27.7,0,0
889,2022-03-05 18:00,4.8,305.7,2,0,1014.8,1016.8,31.5,0,0
889,2022-03-05 19:00,3.6,276.2,2.3,0,1015.9,1017.9,34,0,0
889,2022-03-05 20:00,2.6,289.6,2.5,0,1016.6,1018.6,34.7,0,0
889,2022-03-05 21:00,1.9,311.9,2,0,1017.3,1019.3,36.7,0,0
889,2022-03-05 22:00,1.5,252.2,1.3,0,1017.9,1019.9,37.1,0,0
889,2022-03-05 23:00,1.2,250.2,2.1,0,1018.3,1020.4,35.9,0,0
889,2022-03-06 00:00,1.1,254.3,1.2,0,1018.2,1020.3,38.4,0,0
889,2022-03-06 01:00,.6,245.2,1.9,0,1018.3,1020.4,43.2,0,0
889,2022-03-06 02:00,.7,244.5,1.4,0,1018.6,1020.7,42.9,0,0
889,2022-03-06 03:00,-.9,232.6,.8,0,1018.8,1020.9,45.5,0,0
889,2022-03-06 04:00,.7,275.5,1.7,0,1018.9,1021,39.5,0,0
889,2022-03-06 05:00,0,253.3,1,0,1019.4,1021.5,42.2,0,0
889,2022-03-06 06:00,-.4,271,1.1,0,1020.3,1022.4,40.9,0,0
889,2022-03-06 07:00,-1.3,233.5,1.3,0,1020.6,1022.7,43.2,0,0
889,2022-03-06 08:00,0,240.4,.9,0,1021.2,1023.3,36.9,0,0
889,2022-03-06 09:00,1.8,291.2,1.4,0,1022,1024.1,30.7,0,0
889,2022-03-06 10:00,2.5,271.3,2.3,0,1022.2,1024.2,28.4,0,0
889,2022-03-06 11:00,3.2,339.4,2.3,0,1021.8,1023.8,25.1,0,0
889,2022-03-06 12:00,4.7,335.6,2.1,0,1021.8,1023.8,23.6,0,0
889,2022-03-06 13:00,5.7,339.5,1.7,0,1020.9,1022.9,23.3,0,0
889,2022-03-06 14:00,5.9,338.8,2.4,0,1019.9,1021.9,20.5,0,0
889,2022-03-06 15:00,7,351.9,2,0,1018.9,1020.9,20.1,0,0
889,2022-03-06 16:00,7.2,338.3,1.8,0,1018.6,1020.6,19.8,0,0
889,2022-03-06 17:00,6.7,275.7,1.6,0,1018.4,1020.4,20.4,0,0
889,2022-03-06 18:00,4.2,231.8,3.2,0,1018.9,1020.9,37.1,0,0
889,2022-03-06 19:00,3,234.5,2.6,0,1019.7,1021.7,41.3,0,0
889,2022-03-06 20:00,2.4,228.8,2.3,0,1020.7,1022.7,51.4,0,0
889,2022-03-06 21:00,.5,233.5,.7,0,1020.5,1022.6,59,0,0
889,2022-03-06 22:00,-.7,229.5,.5,0,1020.8,1022.9,65.9,0,0
889,2022-03-06 23:00,-1.5,228.4,.7,0,1020.7,1022.8,64.4,0,0
889,2022-03-07 00:00,-2.4,228.2,.9,0,1020.4,1022.5,66.5,0,0
889,2022-03-07 01:00,-2.4,226.6,.7,0,1020.6,1022.7,69.4,0,0
889,2022-03-07 02:00,-3,235.1,.7,0,1020.5,1022.6,71.1,0,0
889,2022-03-07 03:00,-3.2,208.6,.5,0,1020,1022.1,71.7,0,0
889,2022-03-07 04:00,-3.6,225.4,.5,0,1019.8,1021.9,71.1,0,0
889,2022-03-07 05:00,-3.6,229.2,.8,0,1019.7,1021.8,74.4,0,0
889,2022-03-07 06:00,-4,224.8,.8,0,1020,1022.1,76.6,0,0
889,2022-03-07 07:00,-4,228.5,.8,0,1020.3,1022.4,77.4,0,0
889,2022-03-07 08:00,-2.2,0,.4,0,1020.6,1022.7,72.1,0,0
889,2022-03-07 09:00,1.9,95.1,.8,0,1020.8,1022.9,54.3,0,0
889,2022-03-07 10:00,3.3,15.7,1.1,0,1020.7,1022.7,51.5,0,0
889,2022-03-07 11:00,5.8,13.4,1,0,1020.2,1022.2,41.9,0,0
889,2022-03-07 12:00,6.5,352.8,1.6,0,1019.8,1021.8,38.7,0,0
889,2022-03-07 13:00,8.1,2.9,1.5,0,1018.9,1020.9,31.9,0,0
889,2022-03-07 14:00,8.6,238.6,1.9,0,1018.1,1020.1,25.2,0,0
889,2022-03-07 15:00,8.9,356.8,1.8,0,1017.4,1019.4,26.2,0,0
889,2022-03-07 16:00,8.2,318.3,1,0,1017.3,1019.3,30.5,0,0
889,2022-03-07 17:00,7.3,337.3,1.8,0,1017.5,1019.5,37.7,0,0
889,2022-03-07 18:00,6.9,263.3,1.4,0,1017.5,1019.5,41.4,0,0
889,2022-03-07 19:00,4.4,224.3,.8,0,1018.2,1020.2,47.4,0,0
889,2022-03-07 20:00,2.9,210.9,.7,0,1018.4,1020.4,48.9,0,0
889,2022-03-07 21:00,2,237.2,1,0,1018.3,1020.3,50,0,0
889,2022-03-07 22:00,1.4,0,.4,0,1018.5,1020.6,49.2,0,0
889,2022-03-07 23:00,.6,0,.3,0,1018.2,1020.3,51.2,0,0
889,2022-03-08 00:00,.3,0,.2,0,1018.1,1020.2,48.4,0,0
889,2022-03-08 01:00,.2,223.1,.8,0,1018.4,1020.5,54.2,0,0
889,2022-03-08 02:00,-.7,218.9,.5,0,1018.3,1020.4,54.6,0,0
889,2022-03-08 03:00,-.9,0,.3,0,1018.1,1020.2,56.2,0,0
889,2022-03-08 04:00,-.5,236.6,1,0,1017.9,1020,61.4,0,0
889,2022-03-08 05:00,.5,219.9,.5,0,1017.8,1019.9,60.7,0,0
889,2022-03-08 06:00,.7,0,.4,0,1018,1020.1,65.8,0,0
889,2022-03-08 07:00,1.3,227.4,.6,0,1017.9,1020,64.5,0,0
889,2022-03-08 08:00,2.7,0,.1,0,1018.1,1020.1,63,0,0
889,2022-03-08 09:00,5.2,34.5,.5,0,1018.3,1020.3,47.7,0,0
889,2022-03-08 10:00,6.9,67,1,0,1018.2,1020.2,53.4,0,0
889,2022-03-08 11:00,8.6,1.7,1.7,0,1018.2,1020.2,49.9,0,0
889,2022-03-08 12:00,9.3,88.3,1.1,0,1018,1020,50.2,0,0
889,2022-03-08 13:00,11.2,279.3,1.3,0,1017.2,1019.2,47.4,0,0
889,2022-03-08 14:00,12,247.5,1.9,0,1016.3,1018.3,46.3,0,0
889,2022-03-08 15:00,12.1,243.9,2.4,0,1016.1,1018.1,46.2,0,0
889,2022-03-08 16:00,11.6,271.3,2,0,1016.5,1018.5,45.8,0,0
889,2022-03-08 17:00,11,286.9,2.2,0,1016.5,1018.5,51.8,0,0
889,2022-03-08 18:00,9.2,335.4,1.3,0,1016.6,1018.6,62.4,0,0
889,2022-03-08 19:00,6,0,.4,0,1016.6,1018.6,71.4,0,0
889,2022-03-08 20:00,4.4,0,.2,0,1017.3,1019.3,76.4,0,0
889,2022-03-08 21:00,3.9,0,.4,0,1017.7,1019.7,83.1,0,0
889,2022-03-08 22:00,2.7,222.9,.5,0,1018.1,1020.1,91.2,0,0
889,2022-03-08 23:00,1.6,229.8,.6,0,1018,1020,95,0,0
889,2022-03-09 00:00,1.4,217.7,.5,0,1018,1020.1,97.3,0,0
889,2022-03-09 01:00,.9,230.4,.8,0,1018.7,1020.8,99,0,0
889,2022-03-09 02:00,.8,204.4,.6,0,1018.9,1021,99.7,0,0
889,2022-03-09 03:00,.7,198.5,.5,0,1018.7,1020.8,99.9,0,0
889,2022-03-09 04:00,1,183.6,.6,0,1018.9,1021,99.9,0,0
889,2022-03-09 05:00,2.1,0,.1,0,1019.1,1021.1,99.9,0,0
889,2022-03-09 06:00,2.8,0,.4,0,1020,1022,99.9,0,0
889,2022-03-09 07:00,2.9,0,.4,0,1020.2,1022.2,99.8,0,0
889,2022-03-09 08:00,4.5,320.8,.7,0,1021.4,1023.4,94.8,0,0
889,2022-03-09 09:00,5.3,44.5,.6,0,1021.1,1023.1,90.8,0,0
889,2022-03-09 10:00,7,17,1.3,0,1021.9,1023.9,81,0,0
889,2022-03-09 11:00,8.6,10.1,2,0,1022,1024,75.6,0,0
889,2022-03-09 12:00,10.7,4.7,1.4,0,1021.5,1023.5,62,0,0
889,2022-03-09 13:00,12.1,8.8,1.6,0,1020.9,1022.9,51.2,0,0
889,2022-03-09 14:00,13.1,358.5,2.2,0,1020.1,1022.1,49.9,0,0
889,2022-03-09 15:00,14.2,355.6,1.7,0,1019.7,1021.6,43.1,0,0
889,2022-03-09 16:00,14.1,283.5,1.3,0,1019.5,1021.5,46,0,0
889,2022-03-09 17:00,13.6,238.9,2,0,1019.6,1021.6,49,0,0
889,2022-03-09 18:00,12,232.8,2.2,0,1019.7,1021.7,54.6,0,0
889,2022-03-09 19:00,8.6,0,.3,0,1019.6,1021.6,64.9,0,0
889,2022-03-09 20:00,5.9,0,.4,0,1020.3,1022.3,71.4,0,0
889,2022-03-09 21:00,4.8,231.4,.6,0,1020.5,1022.5,78.4,0,0
889,2022-03-09 22:00,4,217.5,.5,0,1021,1023,87.7,0,0
889,2022-03-09 23:00,3,221.2,.8,0,1020.5,1022.5,93.4,0,0
889,2022-03-10 00:00,2.7,217.5,.6,0,1020.1,1022.1,96,0,0
889,2022-03-10 01:00,2.5,229.1,.7,0,1020.1,1022.1,94.3,0,0
889,2022-03-10 02:00,2.4,218.8,.6,0,1020.3,1022.3,89.9,0,0
889,2022-03-10 03:00,2.1,0,.4,0,1019.8,1021.8,86.3,0,0
889,2022-03-10 04:00,3.2,230,.7,0,1019.7,1021.7,86.5,0,0
889,2022-03-10 05:00,3.6,0,.3,0,1019.8,1021.8,83.6,0,0
889,2022-03-10 06:00,2.8,216.4,.5,0,1020,1022,92.2,0,0
889,2022-03-10 07:00,1.9,0,.4,0,1020.1,1022.2,91.3,0,0
889,2022-03-10 08:00,3.9,220.6,.5,0,1020.7,1022.7,87.5,0,0
889,2022-03-10 09:00,8,71.3,.6,0,1020.7,1022.7,64.5,0,0
889,2022-03-10 10:00,10,13,1.5,0,1020.4,1022.4,56.3,0,0
889,2022-03-10 11:00,11.6,11.9,1.3,0,1020.1,1022.1,42.8,0,0
889,2022-03-10 12:00,15.2,246.5,2.7,0,1019.9,1021.9,21.4,0,0
889,2022-03-10 13:00,16.3,239.5,2.4,0,1019.2,1021.1,20.3,0,0
889,2022-03-10 14:00,16.2,247.7,2.8,0,1018.5,1020.4,19.8,0,0
889,2022-03-10 15:00,16.1,255.7,2.6,0,1018,1019.9,21.6,0,0
889,2022-03-10 16:00,15.9,228.5,3.1,0,1017.7,1019.6,20.7,0,0
889,2022-03-10 17:00,14.4,259.3,2,0,1017.5,1019.4,31.7,0,0
889,2022-03-10 18:00,13.1,234.8,1.6,0,1017.6,1019.6,31.4,0,0
889,2022-03-10 19:00,9.7,0,.4,0,1017.8,1019.8,40.9,0,0
889,2022-03-10 20:00,7.1,224.6,.8,0,1018,1020,54.5,0,0
889,2022-03-10 21:00,5.7,0,.4,0,1018.1,1020.1,60.8,0,0
889,2022-03-10 22:00,4.7,0,.4,0,1018,1020,66.5,0,0
889,2022-03-10 23:00,4.1,248.4,.6,0,1017.9,1019.9,70.5,0,0
889,2022-03-11 00:00,3.7,254.1,.6,0,1018,1020,76.7,0,0
889,2022-03-11 01:00,3.2,239.9,.5,0,1017.6,1019.6,82.3,0,0
889,2022-03-11 02:00,3.1,241,.5,0,1017.6,1019.6,80.3,0,0
889,2022-03-11 03:00,3.7,230,.6,0,1017.3,1019.3,75.3,0,0
889,2022-03-11 04:00,4.1,0,.1,0,1017.5,1019.5,70.8,0,0
889,2022-03-11 05:00,5,0,.2,0,1017.6,1019.6,72.4,0,0
889,2022-03-11 06:00,2.9,0,.3,0,1017.5,1019.5,75.4,0,0
889,2022-03-11 07:00,3.1,225.8,.6,0,1017.5,1019.5,75.9,0,0
889,2022-03-11 08:00,6.5,231.1,.5,0,1017.7,1019.7,67.9,0,0
889,2022-03-11 09:00,8.2,29,1.1,0,1018.3,1020.3,58.8,0,0
889,2022-03-11 10:00,9.4,0,.3,0,1018.8,1020.8,54.2,0,0
889,2022-03-11 11:00,10.7,23,1.3,0,1018.6,1020.6,52.8,0,0
889,2022-03-11 12:00,14.6,18.4,.8,0,1018,1019.9,48.3,0,0
889,2022-03-11 13:00,16.3,6.2,1.5,0,1016.6,1018.5,54.7,0,0
889,2022-03-11 14:00,17.4,4.6,1.4,0,1015.6,1017.5,54.4,0,0
889,2022-03-11 15:00,17.5,3.3,1.7,0,1014.8,1016.7,52.3,0,0
889,2022-03-11 16:00,18.2,2.7,1.4,0,1014.5,1016.4,50.9,0,0
889,2022-03-11 17:00,17.2,332.9,1.5,0,1014.6,1016.5,53,0,0
889,2022-03-11 18:00,16.4,273.7,.8,0,1015,1016.9,56.5,0,0
889,2022-03-11 19:00,13.9,240.2,.8,0,1015.3,1017.2,64.3,0,0
889,2022-03-11 20:00,10.8,221.2,.5,0,1015.6,1017.6,75.4,0,0
889,2022-03-11 21:00,12.9,280.9,1.2,0,1016,1018,67.5,0,0
889,2022-03-11 22:00,9.5,0,.4,0,1016.1,1018.1,79.8,0,0
889,2022-03-11 23:00,7.6,229,1.1,0,1016.2,1018.2,90.2,0,0
889,2022-03-12 00:00,6.6,235.8,.6,0,1016.3,1018.3,93.9,0,0
889,2022-03-12 01:00,5.9,0,.2,0,1016.4,1018.4,95.1,0,0
889,2022-03-12 02:00,5.4,0,.3,0,1016.3,1018.3,99.1,0,0
889,2022-03-12 03:00,5.4,211.6,.5,0,1016.1,1018.1,99.9,0,0
889,2022-03-12 04:00,4.5,0,.4,0,1015.8,1017.8,99.9,0,0
889,2022-03-12 05:00,3.8,236.7,.6,0,1015.6,1017.6,99.9,0,0
889,2022-03-12 06:00,4.3,0,.3,0,1015.7,1017.7,99.9,0,0
889,2022-03-12 07:00,4.1,0,.4,0,1016.2,1018.2,99.9,0,0
889,2022-03-12 08:00,7,0,.4,0,1016.9,1018.9,98,0,0
889,2022-03-12 09:00,10.4,37.3,.9,0,1016.4,1018.4,70.8,0,0
889,2022-03-12 10:00,12,13.8,1.3,0,1015.7,1017.7,66.2,0,0
889,2022-03-12 11:00,13.7,21.9,1.3,0,1015.4,1017.3,58.7,0,0
889,2022-03-12 12:00,17.4,35.4,1.1,0,1013.9,1015.8,53.7,0,0
889,2022-03-12 13:00,19.2,222.6,2.1,0,1013.4,1015.3,55.2,0,0
889,2022-03-12 14:00,19.6,230.9,2.7,0,1012.2,1014.1,53.7,0,0
889,2022-03-12 15:00,19.8,229.1,2.9,0,1011.4,1013.3,53.7,0,0
889,2022-03-12 16:00,19.3,243.4,3.3,0,1011.3,1013.2,57.6,0,0
889,2022-03-12 17:00,18.4,233.9,2.4,0,1011.5,1013.4,67.3,0,0
889,2022-03-12 18:00,17.1,234.2,3,0,1010.9,1012.8,76.3,0,0
889,2022-03-12 19:00,16,236.7,2.2,0,1010.7,1012.6,90.1,0,0
889,2022-03-12 20:00,14.7,218.4,2.5,0,1011.1,1013,96.4,0,0
889,2022-03-12 21:00,14,236.5,1.4,2,1010.5,1012.4,99.9,0,0
889,2022-03-12 22:00,15.2,215.5,2.4,0,1009.9,1011.8,91.9,0,0
889,2022-03-12 23:00,15.6,226.6,2.1,0,1009.4,1011.3,78.2,0,0
889,2022-03-13 00:00,13.5,259.4,.5,.5,1009.7,1011.6,99.2,0,0
889,2022-03-13 01:00,11.2,282.7,1.8,4,1010.5,1012.5,99.9,0,0
889,2022-03-13 02:00,11.1,218.5,.7,7,1010.4,1012.4,99.9,0,0
889,2022-03-13 03:00,11.9,118.2,.6,10.5,1009.3,1011.3,99.9,0,0
889,2022-03-13 04:00,13.8,213,2.3,2.5,1008,1009.9,99.9,0,0
889,2022-03-13 05:00,13.8,244.5,1.8,2,1008.4,1010.3,99.9,0,0
889,2022-03-13 06:00,13.3,250.2,1.2,.5,1008.2,1010.1,99.9,0,0
889,2022-03-13 07:00,13,237.3,1.1,1,1008.4,1010.3,99.9,0,0
889,2022-03-13 08:00,12.8,0,.1,.5,1008.6,1010.5,99.9,0,0
889,2022-03-13 09:00,12.7,267,.7,0,1008.6,1010.5,99.9,0,0
889,2022-03-13 10:00,12.6,258.4,1,0,1008.6,1010.5,99.9,0,0
889,2022-03-13 11:00,12.5,252.2,1.5,0,1008.6,1010.5,99.9,0,0
889,2022-03-13 12:00,12.1,257.5,1.2,0,1008.7,1010.6,99.9,0,0
889,2022-03-13 13:00,12.2,285.3,.6,0,1008.2,1010.1,99.9,0,0
889,2022-03-13 14:00,12.6,266.9,.9,0,1007.9,1009.8,99.9,0,0
889,2022-03-13 15:00,13.2,263.5,.6,0,1008.2,1010.1,97.4,0,0
889,2022-03-13 16:00,12.8,8,.8,0,1007.9,1009.8,99.9,0,0
889,2022-03-13 17:00,13,257.4,.7,0,1009,1010.9,99.8,0,0
889,2022-03-13 18:00,13.2,0,.3,0,1009.3,1011.2,96.6,0,0
889,2022-03-13 19:00,12.5,0,.4,0,1010.1,1012,99.9,0,0
889,2022-03-13 20:00,11.9,0,.3,0,1010.9,1012.9,99.9,0,0
889,2022-03-13 21:00,10.7,0,.4,0,1011,1013,99.9,0,0
889,2022-03-13 22:00,10.8,0,.3,0,1011.8,1013.8,99.9,0,0
889,2022-03-13 23:00,11.3,0,.4,0,1011.9,1013.9,99.9,0,0
889,2022-03-14 00:00,11.3,0,.2,0,1011.7,1013.7,99.9,0,0
889,2022-03-14 01:00,10.8,0,.3,0,1011.3,1013.3,99.9,0,0
889,2022-03-14 02:00,10.9,66.4,.6,0,1011.5,1013.5,99.9,0,0
889,2022-03-14 03:00,11,26.2,.8,0,1011.7,1013.7,96.3,0,0
889,2022-03-14 04:00,10.7,0,.4,0,1011.6,1013.6,94.6,0,0
889,2022-03-14 05:00,10.4,0,.4,0,1011.2,1013.2,90.5,0,0
889,2022-03-14 06:00,8.6,0,.2,0,1010.6,1012.6,98.4,0,0
889,2022-03-14 07:00,9.4,207.9,.6,0,1010.3,1012.3,99.4,0,0
889,2022-03-14 08:00,10.6,95.2,1.4,0,1010,1012,89.6,0,0
889,2022-03-14 09:00,11.1,31.9,.7,0,1010.7,1012.7,87.3,0,0
889,2022-03-14 10:00,12.7,91.5,.7,0,1009.4,1011.3,86.9,0,0
889,2022-03-14 11:00,13.4,115.8,.7,0,1007.8,1009.7,88.3,0,0
889,2022-03-14 12:00,15.3,231.2,2.5,0,1007.8,1009.7,83.9,0,0
889,2022-03-14 13:00,10.1,242.5,3.9,1.5,1007.8,1009.8,99.9,0,0
889,2022-03-14 14:00,8.4,237.7,3.2,4.5,1007.9,1009.9,99.9,0,0
889,2022-03-14 15:00,8.1,232.2,2.4,1,1008,1010,99.9,0,0
889,2022-03-14 16:00,8.3,235.6,3.2,.5,1007.5,1009.5,99.9,0,0
889,2022-03-14 17:00,8,244.1,2.1,0,1007.8,1009.8,99.9,0,0
889,2022-03-14 18:00,7.9,238.9,3,0,1008.4,1010.4,99.9,0,0
889,2022-03-14 19:00,8.2,246.1,1.9,0,1008.9,1010.9,97,0,0
889,2022-03-14 20:00,7.6,244.5,2.5,0,1009.6,1011.6,96.3,0,0
889,2022-03-14 21:00,7.2,240.6,2.6,0,1010.1,1012.1,88.5,0,0
889,2022-03-14 22:00,7.1,237.7,2.1,0,1011.1,1013.1,88.4,0,0
889,2022-03-14 23:00,6.8,237.6,2.7,0,1011.4,1013.4,84.7,0,0
889,2022-03-15 00:00,5.9,229.4,2.3,0,1011.7,1013.7,89.3,0,0
889,2022-03-15 01:00,5.7,227.7,2,0,1012.9,1014.9,88.8,0,0
889,2022-03-15 02:00,5.3,228.9,1.5,0,1012.8,1014.8,88.8,0,0
889,2022-03-15 03:00,2.6,0,.4,0,1012.4,1014.4,99.9,0,0
889,2022-03-15 04:00,1.7,209.9,.7,0,1012.7,1014.7,99.9,0,0
889,2022-03-15 05:00,3.1,249.1,1.8,0,1013.8,1015.8,99.9,0,0
889,2022-03-15 06:00,1.1,221.4,.5,0,1013.6,1015.6,99.9,0,0
889,2022-03-15 07:00,1,225.4,.7,0,1014.2,1016.2,99.9,0,0
889,2022-03-15 08:00,3,178.9,.5,0,1014.5,1016.5,99.9,0,0
889,2022-03-15 09:00,5.8,186.9,.8,0,1014.6,1016.6,84.4,0,0
889,2022-03-15 10:00,6.5,82.7,1.1,0,1014.8,1016.8,78.5,0,0
889,2022-03-15 11:00,8.4,143.1,1.3,0,1014.1,1016.1,71.6,0,0
889,2022-03-15 12:00,9.8,86.9,.9,0,1013.5,1015.5,68.1,0,0
889,2022-03-15 13:00,11,312.1,1.7,0,1013.6,1015.6,63,0,0
889,2022-03-15 14:00,11.7,258.8,1.4,0,1012.8,1014.8,57.5,0,0
889,2022-03-15 15:00,13.2,225.6,1,0,1012,1013.9,50.1,0,0
889,2022-03-15 16:00,13,10.9,1.2,0,1011.3,1013.2,51.2,0,0
889,2022-03-15 17:00,13.9,0,.4,0,1010.1,1012,47.8,0,0
889,2022-03-15 18:00,13.2,260.4,.7,0,1010.4,1012.3,53.8,0,0
889,2022-03-15 19:00,11.2,226.4,1.7,0,1010.6,1012.6,63.9,0,0
889,2022-03-15 20:00,9.1,169.2,.8,0,1010.7,1012.7,74.1,0,0
889,2022-03-15 21:00,9.4,242,1.5,0,1011.8,1013.8,65.9,0,0
889,2022-03-15 22:00,7,285.6,.7,0,1012.8,1014.8,76.8,0,0
889,2022-03-15 23:00,4.6,0,.4,0,1013.1,1015.1,94.9,0,0
889,2022-03-16 00:00,3.6,241.1,.5,0,1013.1,1015.1,98.3,0,0
889,2022-03-16 01:00,3.4,225.9,.6,0,1012.6,1014.6,99.6,0,0
889,2022-03-16 02:00,3.3,227.6,.6,0,1012.8,1014.8,99.9,0,0
889,2022-03-16 03:00,2.9,0,.4,0,1012.5,1014.5,99.9,0,0
889,2022-03-16 04:00,2.8,225.2,.7,0,1012.5,1014.5,99.9,0,0
889,2022-03-16 05:00,2.8,0,.2,0,1013.3,1015.3,99.9,0,0
889,2022-03-16 06:00,2.1,222.8,.6,0,1013.7,1015.7,99.9,0,0
889,2022-03-16 07:00,2.6,227.7,.6,0,1014,1016,99.9,0,0
889,2022-03-16 08:00,4,0,.3,0,1014.8,1016.8,99.9,0,0
889,2022-03-16 09:00,7.8,204.8,.5,0,1015.4,1017.4,78.1,0,0
889,2022-03-16 10:00,10,153.3,.7,0,1016,1018,60.4,0,0
889,2022-03-16 11:00,11.7,11.6,.7,0,1015.1,1017.1,49.7,0,0
889,2022-03-16 12:00,13.9,13.8,1.4,0,1015.1,1017,41.7,0,0
889,2022-03-16 13:00,14.7,337.5,1.8,0,1014.9,1016.8,41,0,0
889,2022-03-16 14:00,15.8,254.2,1.8,0,1014,1015.9,40.4,0,0
889,2022-03-16 15:00,16.8,296.4,1.7,0,1013.9,1015.8,41.1,0,0
889,2022-03-16 16:00,16.6,296.8,1.8,0,1014.2,1016.1,40.1,0,0
889,2022-03-16 17:00,16,284.3,2,0,1014.7,1016.6,43,0,0
889,2022-03-16 18:00,15.1,267.6,1.1,0,1015.1,1017,48,0,0
889,2022-03-16 19:00,14.4,266.8,1.4,0,1015.5,1017.4,51.8,0,0
889,2022-03-16 20:00,13.9,273.1,1.2,0,1016.2,1018.1,55.9,0,0
889,2022-03-16 21:00,11.3,0,.4,0,1016.9,1018.9,70.1,0,0
889,2022-03-16 22:00,11,227.9,.5,0,1017.9,1019.9,73.5,0,0
889,2022-03-16 23:00,10.9,230.9,.6,0,1017.9,1019.9,73.8,0,0
889,2022-03-17 00:00,9.9,237,1.1,0,1017.8,1019.8,74.4,0,0
889,2022-03-17 01:00,10.9,270.3,1,0,1017.9,1019.9,70,0,0
889,2022-03-17 02:00,10.3,294.6,.7,0,1018.6,1020.6,70,0,0
889,2022-03-17 03:00,9.1,0,.2,0,1018.5,1020.5,74.5,0,0
889,2022-03-17 04:00,9.3,238.6,1.2,0,1018.7,1020.7,68.9,0,0
889,2022-03-17 05:00,9,238.1,.6,0,1018.4,1020.4,68.2,0,0
889,2022-03-17 06:00,8.1,0,0,0,1018.7,1020.7,74.7,0,0
889,2022-03-17 07:00,8.1,0,.2,0,1018.5,1020.5,74.6,0,0
889,2022-03-17 08:00,9.6,21.2,.6,0,1018.8,1020.8,67.2,0,0
889,2022-03-17 09:00,10.2,21.6,1.1,0,1019.3,1021.3,64.7,0,0
889,2022-03-17 10:00,11.1,24.9,1.1,0,1019.1,1021.1,60.8,0,0
889,2022-03-17 11:00,12.1,24.7,1.6,0,1019.1,1021.1,58.6,0,0
889,2022-03-17 12:00,13.8,21.3,1.7,0,1018.4,1020.4,52.6,0,0
889,2022-03-17 13:00,14.7,22.5,1.6,0,1017.5,1019.4,51.8,0,0
889,2022-03-17 14:00,15.6,340.3,1.2,0,1016.5,1018.4,46.3,0,0
889,2022-03-17 15:00,15.4,71.7,1.1,0,1015.7,1017.6,43.8,0,0
889,2022-03-17 16:00,15.7,121,1.1,0,1015.8,1017.7,47,0,0
889,2022-03-17 17:00,15.3,242.1,1,0,1015.3,1017.2,49,0,0
889,2022-03-17 18:00,14.9,342.4,.6,0,1015.2,1017.1,51.6,0,0
889,2022-03-17 19:00,13.4,45.5,1.6,0,1015.5,1017.4,62.5,0,0
889,2022-03-17 20:00,12.2,57.3,1.6,0,1015.9,1017.9,63,0,0
889,2022-03-17 21:00,10.8,58.2,1.3,0,1015.6,1017.6,65.9,0,0
889,2022-03-17 22:00,9.7,46.4,1,0,1016.1,1018.1,68.2,0,0
889,2022-03-17 23:00,8.4,35.2,.7,.5,1016.3,1018.3,78,0,0
889,2022-03-18 00:00,8.7,88.5,1.8,0,1016.1,1018.1,71.7,0,0
889,2022-03-18 01:00,8.2,94.2,1.7,0,1015.2,1017.2,74.1,0,0
889,2022-03-18 02:00,8.2,91.4,1.7,0,1014.4,1016.4,72.2,0,0
889,2022-03-18 03:00,8.2,89.4,1.3,0,1013.6,1015.6,70.7,0,0
889,2022-03-18 04:00,8.1,81.2,1.2,0,1012.7,1014.7,68.4,0,0
889,2022-03-18 05:00,8.2,55,1.2,0,1012.2,1014.2,66.3,0,0
889,2022-03-18 06:00,8.2,90.2,2,0,1011.4,1013.4,65.2,0,0
889,2022-03-18 07:00,8.1,73.6,1.1,0,1011.3,1013.3,65.8,0,0
889,2022-03-18 08:00,8,46.5,1.1,0,1011.9,1013.9,67.4,0,0
889,2022-03-18 09:00,8.5,100.6,.9,0,1011.8,1013.8,63.7,0,0
889,2022-03-18 10:00,9.8,31,1.6,0,1011.2,1013.2,57.7,0,0
889,2022-03-18 11:00,9.7,49,1.4,0,1010.8,1012.8,55.4,0,0
889,2022-03-18 12:00,10.4,97.9,2,0,1009.8,1011.8,54.3,0,0
889,2022-03-18 13:00,10.8,40,1.3,0,1009.7,1011.7,53.1,0,0
889,2022-03-18 14:00,10.1,34.9,1.3,0,1009.1,1011.1,55.8,0,0
889,2022-03-18 15:00,10.1,64.7,1.6,0,1007.7,1009.7,53.3,0,0
889,2022-03-18 16:00,9.9,78,1.3,0,1007.5,1009.5,51.4,0,0
889,2022-03-18 17:00,9.5,19.2,1.2,0,1007.6,1009.6,54.5,0,0
889,2022-03-18 18:00,9,27.3,1.1,0,1007.8,1009.8,54.4,0,0
889,2022-03-18 19:00,8,60.7,1.3,0,1006.9,1008.9,55.5,0,0
889,2022-03-18 20:00,7.7,97,.9,0,1007.9,1009.9,56.3,0,0
889,2022-03-18 21:00,7.2,74.4,1,0,1007.6,1009.6,57.4,0,0
889,2022-03-18 22:00,7.3,84.3,.8,0,1007.7,1009.7,58.2,0,0
889,2022-03-18 23:00,7.3,89.3,1,0,1007.3,1009.3,57.6,0,0
889,2022-03-19 00:00,6.8,91.8,1.1,0,1006.8,1008.8,59.4,0,0
889,2022-03-19 01:00,6.8,81.2,1.4,0,1005.6,1007.6,58.4,0,0
889,2022-03-19 02:00,6.7,83.4,1.1,0,1005.4,1007.4,58.9,0,0
889,2022-03-19 03:00,5,60,1.1,0,1005.5,1007.5,77.7,0,0
889,2022-03-19 04:00,3.8,81.7,.8,1.5,1004.7,1006.7,96.2,0,0
889,2022-03-19 05:00,3,103.6,1.2,1.5,1004,1006,99.9,0,0
889,2022-03-19 06:00,2.3,101.5,.9,2.5,1003.6,1005.6,99.9,0,0
889,2022-03-19 07:00,2.2,89.2,1.4,1,1003.4,1005.4,99.9,0,0
889,2022-03-19 08:00,2.7,44.3,1.1,1.5,1003.4,1005.4,99.9,0,0
889,2022-03-19 09:00,2.9,131.6,.8,.5,1003.7,1005.7,99.9,0,0
889,2022-03-19 10:00,2.9,46,1,1,1004.2,1006.2,99.9,0,0
889,2022-03-19 11:00,3.1,57.7,1.1,1,1004.8,1006.8,99.9,0,0
889,2022-03-19 12:00,3.7,101.1,.6,1,1005.8,1007.8,99.9,0,0
889,2022-03-19 13:00,5,77.4,1.3,0,1005.9,1007.9,99.9,0,0
889,2022-03-19 14:00,5.7,98.5,1,0,1006.5,1008.5,91.3,0,0
889,2022-03-19 15:00,6.3,22.7,1.4,0,1007.3,1009.3,84,0,0
889,2022-03-19 16:00,6.6,48.7,.7,0,1008.4,1010.4,79.7,0,0
889,2022-03-19 17:00,6.1,155.4,.6,0,1009.2,1011.2,83.5,0,0
889,2022-03-19 18:00,6.3,0,.4,0,1010.1,1012.1,85.2,0,0
889,2022-03-19 19:00,5.2,224.3,.7,0,1011.2,1013.2,94,0,0
889,2022-03-19 20:00,5.1,0,.3,0,1011.1,1013.1,98.1,0,0
889,2022-03-19 21:00,4.9,183.4,.5,0,1011.8,1013.8,99.5,0,0
889,2022-03-19 22:00,3.9,217.9,.6,0,1012.2,1014.2,99.9,0,0
889,2022-03-19 23:00,3.3,229.9,.8,0,1013,1015,99.9,0,0
889,2022-03-20 00:00,1.8,209.6,.8,0,1013.8,1015.8,99.9,0,0
889,2022-03-20 01:00,3.3,227.9,.7,0,1014.6,1016.6,99.9,0,0
889,2022-03-20 02:00,3.8,0,.1,0,1015,1017,99.9,0,0
889,2022-03-20 03:00,4.2,0,.2,0,1015.4,1017.4,99.9,0,0
889,2022-03-20 04:00,4.1,218.2,1,0,1015.5,1017.5,99.9,0,0
889,2022-03-20 05:00,4.1,0,.3,0,1015.4,1017.4,97.9,0,0
889,2022-03-20 06:00,4.3,153.7,.6,0,1015.2,1017.2,99.3,0,0
889,2022-03-20 07:00,4.8,259.6,1.1,0,1016.5,1018.5,95.4,0,0
889,2022-03-20 08:00,5.3,217.8,.9,0,1017,1019,91,0,0
889,2022-03-20 09:00,5.8,218.2,2.1,0,1017.7,1019.7,86.3,0,0
889,2022-03-20 10:00,6.2,249.5,2.3,0,1017.7,1019.7,82.3,0,0
889,2022-03-20 11:00,7.5,233.5,2.3,0,1017.7,1019.7,69.9,0,0
889,2022-03-20 12:00,8.6,228.3,2.5,0,1016.6,1018.6,57.8,0,0
889,2022-03-20 13:00,7.8,277.2,1.8,0,1016.2,1018.2,58.7,0,0
889,2022-03-20 14:00,9.2,238.4,2.7,0,1015.6,1017.6,51,0,0
889,2022-03-20 15:00,8.6,251.3,2.7,0,1015.9,1017.9,48.1,0,0
889,2022-03-20 16:00,9.1,242.3,3,0,1016.2,1018.2,44.9,0,0
889,2022-03-20 17:00,8.6,237.4,3.4,0,1015.8,1017.8,47.4,0,0
889,2022-03-20 18:00,7.2,231.6,3.1,0,1016.1,1018.1,49.1,0,0
889,2022-03-20 19:00,5.9,227.7,2.6,0,1017.3,1019.3,58.1,0,0
889,2022-03-20 20:00,4.7,213.4,3.3,0,1018.6,1020.6,60.9,0,0
889,2022-03-20 21:00,4.3,217.1,2.7,0,1019.6,1021.6,63.6,0,0
889,2022-03-20 22:00,3.6,236,1.6,0,1019.9,1021.9,69.2,0,0
889,2022-03-20 23:00,3.4,283.4,1.2,0,1020.6,1022.6,60.1,0,0
889,2022-03-21 00:00,3,256.4,1.5,0,1021.1,1023.1,56,0,0
889,2022-03-21 01:00,.8,235.6,1.2,0,1021.8,1023.9,69.1,0,0
889,2022-03-21 02:00,0,214.7,.5,0,1022.6,1024.7,74.8,0,0
889,2022-03-21 03:00,-1,226,1,0,1022.7,1024.8,81,0,0
889,2022-03-21 04:00,-.7,214,.6,0,1022.4,1024.5,84.2,0,0
889,2022-03-21 05:00,-1.7,0,.4,0,1022.5,1024.6,90.1,0,0
889,2022-03-21 06:00,-2,233.6,.8,0,1023,1025.1,91.4,0,0
889,2022-03-21 07:00,-1.7,228.7,.8,0,1023.8,1025.9,92.6,0,0
889,2022-03-21 08:00,.2,0,.3,0,1024.4,1026.5,82.6,0,0
889,2022-03-21 09:00,4.7,62.6,.7,0,1023.6,1025.6,49.7,0,0
889,2022-03-21 10:00,5.7,18.2,2.2,0,1023.4,1025.4,51.5,0,0
889,2022-03-21 11:00,8.7,45.9,1.1,0,1024.1,1026.1,42.9,0,0
889,2022-03-21 12:00,8.6,16.1,1.5,0,1023.4,1025.4,37.9,0,0
889,2022-03-21 13:00,9.7,21,1.1,0,1022.4,1024.4,34.1,0,0
889,2022-03-21 14:00,10.4,.4,1.9,0,1021.8,1023.8,31.3,0,0
889,2022-03-21 15:00,10.2,303,1.8,0,1021,1023,33.1,0,0
889,2022-03-21 16:00,9.6,255.3,2.1,0,1021.2,1023.2,33.3,0,0
889,2022-03-21 17:00,8.9,275.8,1.8,0,1021.2,1023.2,37.7,0,0
889,2022-03-21 18:00,8.2,308,1.5,0,1021,1023,30.8,0,0
889,2022-03-21 19:00,7.5,283.2,1.4,0,1020.8,1022.8,42.5,0,0
889,2022-03-21 20:00,7.2,292.5,1.2,0,1021.1,1023.1,39.4,0,0
889,2022-03-21 21:00,7,242.6,.8,0,1022.1,1024.1,34.7,0,0
889,2022-03-21 22:00,6.4,273.2,1.1,0,1022.1,1024.1,46.7,0,0
889,2022-03-21 23:00,6.1,283,1.1,0,1022.3,1024.3,46.6,0,0
889,2022-03-22 00:00,4.3,253.9,.9,0,1021.7,1023.7,58.3,0,0
889,2022-03-22 01:00,4.3,243.6,.8,0,1021.5,1023.5,60.6,0,0
889,2022-03-22 02:00,3.1,239,.5,0,1021.6,1023.6,66.6,0,0
889,2022-03-22 03:00,1.3,219.3,.5,0,1021.3,1023.4,74.8,0,0
889,2022-03-22 04:00,.3,231.5,.5,0,1021,1023.1,77.2,0,0
889,2022-03-22 05:00,.2,219.8,.6,0,1021.5,1023.6,77.1,0,0
889,2022-03-22 06:00,.2,212.3,.5,0,1021.8,1023.9,73.4,0,0
889,2022-03-22 07:00,-.5,0,.3,0,1021.9,1024,75.7,0,0
889,2022-03-22 08:00,3.2,0,.3,0,1022.1,1024.1,61.5,0,0
889,2022-03-22 09:00,5.9,306,1.3,0,1022.7,1024.7,49.6,0,0
889,2022-03-22 10:00,8.2,324.2,1,0,1022.4,1024.4,47.5,0,0
889,2022-03-22 11:00,9.3,226.7,1.6,0,1022.6,1024.6,48.5,0,0
889,2022-03-22 12:00,9.8,350.4,1.3,0,1022.3,1024.3,42.8,0,0
889,2022-03-22 13:00,11,36.5,1.5,0,1021.1,1023.1,40.2,0,0
889,2022-03-22 14:00,12.6,19.5,1.2,0,1019.7,1021.7,32.4,0,0
889,2022-03-22 15:00,13.5,267.9,.8,0,1019,1021,30.5,0,0
889,2022-03-22 16:00,13,6.9,1.6,0,1018.9,1020.9,26.1,0,0
889,2022-03-22 17:00,13.8,304.5,1,0,1018.1,1020.1,25.4,0,0
889,2022-03-22 18:00,11.1,241,3.2,0,1017.6,1019.6,47,0,0
889,2022-03-22 19:00,9.7,243.7,3.2,0,1019.1,1021.1,52.7,0,0
889,2022-03-22 20:00,8.6,244.1,2.3,0,1019.5,1021.5,57.3,0,0
889,2022-03-22 21:00,7.7,236.2,1.7,0,1019.7,1021.7,57.6,0,0
889,2022-03-22 22:00,4.9,0,.4,0,1019.2,1021.2,70,0,0
889,2022-03-22 23:00,5.1,220.6,.7,0,1018.7,1020.7,67.4,0,0
889,2022-03-23 00:00,4.7,230.7,.5,0,1018.6,1020.6,69,0,0
889,2022-03-23 01:00,4,205.8,.8,0,1017.9,1019.9,73.1,0,0
889,2022-03-23 02:00,4.4,227.4,.8,0,1018.4,1020.4,73.3,0,0
889,2022-03-23 03:00,4.2,235.7,.7,0,1018,1020,75.4,0,0
889,2022-03-23 04:00,5.5,0,.3,0,1017.5,1019.5,66.6,0,0
889,2022-03-23 05:00,4.4,0,.3,0,1017.5,1019.5,74.4,0,0
889,2022-03-23 06:00,3.9,278.6,.5,0,1017.6,1019.6,79.6,0,0
889,2022-03-23 07:00,4.8,210.4,1,0,1017.7,1019.7,77.5,0,0
889,2022-03-23 08:00,6.1,189.9,.8,0,1017.4,1019.4,70,0,0
889,2022-03-23 09:00,6.8,213.2,1.2,0,1017.1,1019.1,70.9,0,0
889,2022-03-23 10:00,7.3,235.8,1.6,0,1016.9,1018.9,68.2,0,0
889,2022-03-23 11:00,8,241.5,2.3,0,1016.9,1018.9,50.7,0,0
889,2022-03-23 12:00,8.2,240.9,2.3,0,1016.9,1018.9,50,0,0
889,2022-03-23 13:00,7.6,230.2,2.8,0,1016.6,1018.6,47.5,0,0
889,2022-03-23 14:00,8.1,233,2.9,0,1016.1,1018.1,42.4,0,0
889,2022-03-23 15:00,8.1,250.2,1.9,0,1015.4,1017.4,43.4,0,0
889,2022-03-23 16:00,8.6,220.8,2.8,0,1015.5,1017.5,50.7,0,0
889,2022-03-23 17:00,8,233.2,2.7,0,1015.3,1017.3,49.1,0,0
889,2022-03-23 18:00,7.6,260.7,1.7,0,1015.1,1017.1,52.2,0,0
889,2022-03-23 19:00,7.2,211.4,1.2,0,1015.1,1017.1,58,0,0
889,2022-03-23 20:00,7.1,203.8,1.4,0,1015.5,1017.5,56.9,0,0
889,2022-03-23 21:00,6.9,215,1.2,0,1015.7,1017.7,55.5,0,0
889,2022-03-23 22:00,6.9,207.7,1.2,0,1015.7,1017.7,52,0,0
889,2022-03-23 23:00,6,207.6,.9,0,1016,1018,55.4,0,0
889,2022-03-24 00:00,6.3,204.8,.6,0,1016,1018,56.5,0,0
889,2022-03-24 01:00,5.7,232.8,1,0,1016.6,1018.6,63.8,0,0
889,2022-03-24 02:00,3.3,0,.4,0,1016.8,1018.8,76,0,0
889,2022-03-24 03:00,2.3,0,.3,0,1016.3,1018.3,88.7,0,0
889,2022-03-24 04:00,1.9,226.8,.5,0,1016,1018,95.4,0,0
889,2022-03-24 05:00,1.9,219.7,.6,0,1016,1018,94.8,0,0
889,2022-03-24 06:00,4,218.7,.5,0,1016.7,1018.7,92.6,0,0
889,2022-03-24 07:00,6.1,163.4,.6,0,1017,1019,77.6,0,0
889,2022-03-24 08:00,6.6,59.6,.9,0,1017.1,1019.1,76.1,0,0
889,2022-03-24 09:00,7.3,74.9,.9,0,1017.8,1019.8,73.4,0,0
889,2022-03-24 10:00,7.8,99.6,.8,0,1018.5,1020.5,72.9,0,0
889,2022-03-24 11:00,8.5,138.8,.7,0,1018.8,1020.8,70.3,0,0
889,2022-03-24 12:00,9.1,92.3,.8,0,1019.2,1021.2,69.9,0,0
889,2022-03-24 13:00,9.9,220.1,.8,0,1019,1021,68.3,0,0
889,2022-03-24 14:00,12.8,231.9,1.5,0,1017.9,1019.9,62.1,0,0
889,2022-03-24 15:00,12.5,235.1,1.8,0,1017.9,1019.9,62.6,0,0
889,2022-03-24 16:00,13.2,218.9,1.6,0,1016.9,1018.9,61.2,0,0
889,2022-03-24 17:00,13.8,218,1.5,0,1016.5,1018.4,61.8,0,0
889,2022-03-24 18:00,13.3,219.8,1.5,0,1017.2,1019.2,63.2,0,0
889,2022-03-24 19:00,12.2,240.5,2,0,1018.6,1020.6,70.4,0,0
889,2022-03-24 20:00,9.6,227.2,.9,0,1018.6,1020.6,80.1,0,0
889,2022-03-24 21:00,8.3,235.9,.7,0,1018.9,1020.9,88.5,0,0
889,2022-03-24 22:00,7.6,222.2,.5,0,1019.8,1021.8,91.5,0,0
889,2022-03-24 23:00,7.5,0,.3,0,1019.7,1021.7,91.5,0,0
889,2022-03-25 00:00,7.4,227,.8,0,1019.8,1021.8,93.1,0,0
889,2022-03-25 01:00,7.2,227.5,.5,0,1018.9,1020.9,93.4,0,0
889,2022-03-25 02:00,5.3,231.9,.7,0,1019.2,1021.2,96.9,0,0
889,2022-03-25 03:00,5.2,0,.4,0,1019.4,1021.4,99.6,0,0
889,2022-03-25 04:00,5,224.1,.5,0,1018.1,1020.1,99.9,0,0
889,2022-03-25 05:00,4.5,232.4,.6,0,1018.4,1020.4,99.9,0,0
889,2022-03-25 06:00,4.4,240.7,.5,0,1018.7,1020.7,99.9,0,0
889,2022-03-25 07:00,4.4,243.6,.6,0,1018.4,1020.4,99.9,0,0
889,2022-03-25 08:00,7.5,0,.2,0,1018.4,1020.4,95.4,0,0
889,2022-03-25 09:00,10.5,17.1,.7,0,1018.4,1020.4,74.2,0,0
889,2022-03-25 10:00,12.1,22.4,1.6,0,1018.2,1020.2,67.4,0,0
889,2022-03-25 11:00,14.7,54.9,1,0,1016.8,1018.7,54.1,0,0
889,2022-03-25 12:00,15.9,72.9,1.4,0,1015.8,1017.7,49.2,0,0
889,2022-03-25 13:00,16.7,354.3,1.1,0,1015.1,1017,48.6,0,0
889,2022-03-25 14:00,17.8,214.1,1.5,0,1014.5,1016.4,49.7,0,0
889,2022-03-25 15:00,18.5,43.9,1,0,1012.9,1014.8,48.6,0,0
889,2022-03-25 16:00,18.5,108,.7,0,1011.9,1013.8,48.7,0,0
889,2022-03-25 17:00,18.8,314.3,.9,0,1011,1012.9,49.7,0,0
889,2022-03-25 18:00,18.4,54.6,.8,0,1010.1,1012,48.4,0,0
889,2022-03-25 19:00,17.5,36.7,.7,0,1010,1011.9,49.2,0,0
889,2022-03-25 20:00,14.9,89.9,1.4,0,1009.4,1011.3,66.9,0,0
889,2022-03-25 21:00,13.2,82.5,1.3,2,1008.9,1010.8,75.6,0,0
889,2022-03-25 22:00,12,98.7,1.4,2,1007,1008.9,99.9,0,0
889,2022-03-25 23:00,11.9,53.7,.6,2,1003.8,1005.7,99.9,0,0
889,2022-03-26 00:00,12.6,65.9,1,1.5,1001.5,1003.4,99.9,0,0
889,2022-03-26 01:00,13.3,47,1.8,2.5,999.5,1001.4,99.9,0,0
889,2022-03-26 02:00,13.5,31.9,2.6,1.5,997.8,999.7,99.9,0,0
889,2022-03-26 03:00,13.6,5.2,1.4,1.5,996.1,998,99.9,0,0
889,2022-03-26 04:00,13.7,12.8,.9,1.5,994.7,996.6,99.9,0,0
889,2022-03-26 05:00,13.2,12.9,.6,2,993.7,995.6,99.9,0,0
889,2022-03-26 06:00,13.4,204.1,.5,3,993.5,995.4,99.9,0,0
889,2022-03-26 07:00,13.3,236.1,2.8,1,993.8,995.7,99.9,0,0
889,2022-03-26 08:00,11.3,228.8,3.2,0,995.2,997.1,99.9,0,0
889,2022-03-26 09:00,10.5,245.1,2,.5,995.5,997.4,99.9,0,0
889,2022-03-26 10:00,10.3,255.9,1.8,1,997.7,999.6,99.9,0,0
889,2022-03-26 11:00,11.2,273.4,1,0,996.9,998.8,95.6,0,0
889,2022-03-26 12:00,11.6,305.6,1.4,0,999.2,1001.1,90.8,0,0
889,2022-03-26 13:00,11.8,290,2.1,0,1000.3,1002.2,91.2,0,0
889,2022-03-26 14:00,12.5,300.2,1.7,0,1000.5,1002.4,89.6,0,0
889,2022-03-26 15:00,14.3,260.5,1.4,0,1001.2,1003.1,77.3,0,0
889,2022-03-26 16:00,14.9,3.9,.7,0,1002.3,1004.2,75.4,0,0
889,2022-03-26 17:00,15.8,295,1.8,0,1002.8,1004.7,67.2,0,0
889,2022-03-26 18:00,13.7,225.3,3.8,0,1003.8,1005.7,77.9,0,0
889,2022-03-26 19:00,12.6,226.2,2,0,1004.6,1006.5,79.7,0,0
889,2022-03-26 20:00,11.9,215.8,2.3,0,1005.9,1007.8,79.4,0,0
889,2022-03-26 21:00,10.7,197.4,1.1,0,1007.1,1009.1,79.4,0,0
889,2022-03-26 22:00,8.4,237,.6,0,1008.3,1010.3,94.7,0,0
889,2022-03-26 23:00,7.7,211.5,.6,0,1009.4,1011.4,92.2,0,0
889,2022-03-27 00:00,8.1,238.3,1.1,0,1010,1012,78.8,0,0
889,2022-03-27 01:00,6.3,216.1,.7,0,1010.6,1012.6,87.6,0,0
889,2022-03-27 02:00,5.3,225.9,1,0,1010.9,1012.9,88.3,0,0
889,2022-03-27 03:00,4.9,217.3,.8,0,1011.1,1013.1,87.2,0,0
889,2022-03-27 04:00,3.6,220.2,.7,0,1011.1,1013.1,97.8,0,0
889,2022-03-27 05:00,2.9,240.7,.6,0,1011.5,1013.5,99.9,0,0
889,2022-03-27 06:00,2.7,0,.4,0,1012,1014,99.9,0,0
889,2022-03-27 07:00,3.2,0,.4,0,1012.3,1014.3,99.9,0,0
889,2022-03-27 08:00,7,0,.3,0,1012.3,1014.3,78.9,0,0
889,2022-03-27 09:00,9.4,223,1.1,0,1012.6,1014.6,63.1,0,0
889,2022-03-27 10:00,10,262.6,2.2,0,1013.1,1015.1,65.4,0,0
889,2022-03-27 11:00,11.4,334.9,2.1,0,1013.3,1015.3,49.8,0,0
889,2022-03-27 12:00,12.3,331.6,2,0,1012.8,1014.8,44.5,0,0
889,2022-03-27 13:00,12.7,328.2,2.6,0,1013,1015,45.4,0,0
889,2022-03-27 14:00,13.7,300.5,2.4,0,1012.5,1014.4,44.9,0,0
889,2022-03-27 15:00,12.6,333.1,2.9,0,1012.5,1014.5,36.3,0,0
889,2022-03-27 16:00,13,273.3,3.4,0,1013,1014.9,26,0,0
889,2022-03-27 17:00,10.7,313.3,3.2,0,1013.8,1015.8,25.9,0,0
889,2022-03-27 18:00,9.7,287.1,2.6,0,1014.6,1016.6,27.4,0,0
889,2022-03-27 19:00,8.7,290.2,2.2,0,1016,1018,30.3,0,0
889,2022-03-27 20:00,8.3,306.4,2.6,0,1017.8,1019.8,31.9,0,0
889,2022-03-27 21:00,8,284.5,1.7,0,1019,1021,33.1,0,0
889,2022-03-27 22:00,7.7,280,1.6,0,1019.9,1021.9,31.9,0,0
889,2022-03-27 23:00,7.2,277,1.3,0,1020.3,1022.3,32,0,0
889,2022-03-28 00:00,4.1,0,.4,0,1020.9,1022.9,44.2,0,0
889,2022-03-28 01:00,3,221.4,.8,0,1021.3,1023.3,50.5,0,0
889,2022-03-28 02:00,1.4,233.6,.8,0,1021.7,1023.8,63.2,0,0
889,2022-03-28 03:00,.7,240.3,.7,0,1021.9,1024,67,0,0
889,2022-03-28 04:00,.1,245.4,.5,0,1022.2,1024.3,67.7,0,0
889,2022-03-28 05:00,-.2,233.9,.7,0,1022.7,1024.8,69.6,0,0
889,2022-03-28 06:00,-.7,239.7,.8,0,1023.3,1025.4,74,0,0
889,2022-03-28 07:00,-.3,0,.4,0,1024.3,1026.4,75.6,0,0
889,2022-03-28 08:00,3.8,0,.2,0,1025.2,1027.2,63.1,0,0
889,2022-03-28 09:00,7.6,20.7,1.6,0,1025.7,1027.7,39.6,0,0
889,2022-03-28 10:00,9.3,359.9,1.2,0,1025.9,1027.9,35.6,0,0
889,2022-03-28 11:00,10.5,21.1,1.7,0,1025.6,1027.6,23.2,0,0
889,2022-03-28 12:00,11.9,19.5,1.9,0,1025.1,1027.1,19.6,0,0
889,2022-03-28 13:00,13,12.9,2,0,1024.5,1026.5,20.8,0,0
889,2022-03-28 14:00,13.8,357.4,1.5,0,1023.8,1025.8,19.1,0,0
889,2022-03-28 15:00,15.2,6.9,1.3,0,1023.1,1025.1,18.3,0,0
889,2022-03-28 16:00,14.4,341.5,1.8,0,1022.6,1024.6,21,0,0
889,2022-03-28 17:00,14.7,320,1.4,0,1022.7,1024.7,21.5,0,0
889,2022-03-28 18:00,13.1,266.5,1.5,0,1023.2,1025.2,27.8,0,0
889,2022-03-28 19:00,11.4,246.9,1.6,0,1023.8,1025.8,31.7,0,0
889,2022-03-28 20:00,7.9,0,.4,0,1024.3,1026.3,42.9,0,0
889,2022-03-28 21:00,5.8,225.3,.7,0,1025.1,1027.1,46.6,0,0
889,2022-03-28 22:00,4.8,215.9,.6,0,1025.5,1027.5,52.6,0,0
889,2022-03-28 23:00,4.6,223.4,.6,0,1025.6,1027.6,58.6,0,0
889,2022-03-29 00:00,3.6,235.6,.7,0,1025.4,1027.4,56.9,0,0
889,2022-03-29 01:00,2.7,240.4,.7,0,1025.5,1027.6,64.7,0,0
889,2022-03-29 02:00,2.3,231.1,.8,0,1025.3,1027.4,67,0,0
889,2022-03-29 03:00,1.9,230.2,.7,0,1024.2,1026.3,69.6,0,0
889,2022-03-29 04:00,2.1,203.3,.5,0,1023.7,1025.8,67.7,0,0
889,2022-03-29 05:00,1.3,0,.4,0,1023.9,1026,70.2,0,0
889,2022-03-29 06:00,1.2,232.4,.5,0,1024.1,1026.2,72.8,0,0
889,2022-03-29 07:00,1.9,0,.4,0,1025.1,1027.2,76.9,0,0
889,2022-03-29 08:00,6.3,0,.4,0,1025.3,1027.3,56.7,0,0
889,2022-03-29 09:00,9.9,25.7,.9,0,1025.2,1027.2,49.4,0,0
889,2022-03-29 10:00,12.3,253.6,1.8,0,1024.9,1026.9,48.1,0,0
889,2022-03-29 11:00,13.8,243.6,2.3,0,1024.6,1026.6,46.6,0,0
889,2022-03-29 12:00,14.8,274,1.8,0,1023.7,1025.7,42.7,0,0
889,2022-03-29 13:00,15.2,306.1,2.5,0,1023.3,1025.3,40.9,0,0
889,2022-03-29 14:00,16.1,287.7,2.4,0,1023,1024.9,38.1,0,0
889,2022-03-29 15:00,15.7,265.7,2.4,0,1022.3,1024.2,43.5,0,0
889,2022-03-29 16:00,15.1,246.2,2.7,0,1021.8,1023.8,42.9,0,0
889,2022-03-29 17:00,15.3,260.8,2.2,0,1021.2,1023.2,46.3,0,0
889,2022-03-29 18:00,14.6,221.5,1.9,0,1020.9,1022.8,48.8,0,0
889,2022-03-29 19:00,11.7,224.2,.7,0,1021,1023,58.4,0,0
889,2022-03-29 20:00,9.7,0,.3,0,1020.5,1022.5,66.7,0,0
889,2022-03-29 21:00,8.6,232.9,.6,0,1020.8,1022.8,72,0,0
889,2022-03-29 22:00,8,0,.3,0,1021.1,1023.1,75.2,0,0
889,2022-03-29 23:00,7,235.8,.7,0,1020.8,1022.8,83.3,0,0
889,2022-03-30 00:00,6.9,205.3,.6,0,1020.9,1022.9,87.6,0,0
889,2022-03-30 01:00,6,226.9,.8,0,1020.6,1022.6,91.4,0,0
889,2022-03-30 02:00,5.5,221.9,.6,0,1020.9,1022.9,93.2,0,0
889,2022-03-30 03:00,5.2,228.4,.5,0,1021,1023,96.1,0,0
889,2022-03-30 04:00,4.8,228.8,.8,0,1020.5,1022.5,98.2,0,0
889,2022-03-30 05:00,4.6,0,.4,0,1020.2,1022.2,99.9,0,0
889,2022-03-30 06:00,5,0,.3,0,1019.8,1021.8,96.2,0,0
889,2022-03-30 07:00,4.3,217,.7,0,1020.4,1022.4,99.4,0,0
889,2022-03-30 08:00,10,57.5,.5,0,1020.4,1022.4,76.1,0,0
889,2022-03-30 09:00,11.3,20.7,1.2,0,1020.7,1022.7,72.5,0,0
889,2022-03-30 10:00,13.9,18.6,1.3,0,1019.9,1021.9,62.7,0,0
889,2022-03-30 11:00,15.2,4.9,2.1,0,1019.4,1021.3,54.9,0,0
889,2022-03-30 12:00,15.2,35,1.3,0,1018.6,1020.5,54.3,0,0
889,2022-03-30 13:00,15.1,198.2,1.8,0,1018.4,1020.3,62.9,0,0
889,2022-03-30 14:00,13.7,226.3,1.3,0,1018.2,1020.2,76.1,0,0
889,2022-03-30 15:00,13.8,353.2,1,0,1017.6,1019.5,77.2,0,0
889,2022-03-30 16:00,13.8,100.2,.5,0,1016.8,1018.7,77.2,0,0
889,2022-03-30 17:00,14.2,12.6,.8,0,1015.8,1017.7,76.1,0,0
889,2022-03-30 18:00,13.4,0,.3,0,1016.9,1018.9,83.1,0,0
889,2022-03-30 19:00,13.3,286.6,.8,0,1017.2,1019.2,90.1,0,0
889,2022-03-30 20:00,12.7,298.7,.8,0,1017.5,1019.5,89.2,0,0
889,2022-03-30 21:00,12.6,339.8,.7,0,1018.1,1020.1,90.3,0,0
889,2022-03-30 22:00,12.2,266.5,1.3,0,1018.6,1020.6,93.7,0,0
889,2022-03-30 23:00,11.9,283.6,1,0,1019,1021,93.5,0,0
889,2022-03-31 00:00,11.6,247.9,1,0,1019.3,1021.3,92,0,0
889,2022-03-31 01:00,11.4,270,.8,0,1019.3,1021.3,91.4,0,0
889,2022-03-31 02:00,11.2,284,1.5,0,1019.3,1021.3,90.7,0,0
889,2022-03-31 03:00,10.9,280.5,1.1,0,1019.2,1021.2,90.4,0,0
889,2022-03-31 04:00,10.6,288.5,1.3,0,1019.7,1021.7,91,0,0
889,2022-03-31 05:00,10,278.5,1.6,0,1020.2,1022.2,80.4,0,0
889,2022-03-31 06:00,10,260.7,1.7,0,1020.9,1022.9,80.7,0,0
889,2022-03-31 07:00,9.9,279.3,.9,0,1021.4,1023.4,80.1,0,0
889,2022-03-31 08:00,10.5,283.9,.8,0,1022.1,1024.1,78.4,0,0
889,2022-03-31 09:00,11.7,8.2,.6,0,1022.5,1024.5,74.3,0,0
889,2022-03-31 10:00,12.3,247.7,1.1,0,1022.8,1024.8,71.1,0,0
889,2022-03-31 11:00,13.3,334.3,.7,0,1022.5,1024.5,61.7,0,0
889,2022-03-31 12:00,13.9,263.7,1.5,0,1022.1,1024.1,60.2,0,0
889,2022-03-31 13:00,16,257.9,1.7,0,1021.8,1023.7,54.3,0,0
889,2022-03-31 14:00,15.1,320.6,1.7,0,1021.2,1023.2,52.7,0,0
889,2022-03-31 15:00,15.5,315.8,1.6,0,1021,1022.9,48.6,0,0
889,2022-03-31 16:00,15.4,291.7,2,0,1021,1023,46.1,0,0
889,2022-03-31 17:00,14.7,332.2,2.3,0,1021.5,1023.4,46.9,0,0
889,2022-03-31 18:00,14.2,275.9,1.5,0,1021.8,1023.8,44.5,0,0
889,2022-03-31 19:00,13.2,15.1,1.3,0,1022.2,1024.2,47,0,0
889,2022-03-31 20:00,12.5,351.9,.8,0,1023.3,1025.3,47.5,0,0
889,2022-03-31 21:00,11.5,349.5,.8,0,1024.3,1026.3,50.3,0,0
889,2022-03-31 22:00,10.7,53.4,1.4,0,1025.4,1027.4,58,0,0
889,2022-03-31 23:00,7.6,207,.6,0,1025.7,1027.7,71.2,0,0
889,2022-04-01 00:00,5.9,225.8,.7,0,1026.1,1028.1,77.8,0,0
889,2022-04-01 01:00,5.7,212.8,.7,0,1026.6,1028.6,83.1,0,0
889,2022-04-01 02:00,5.3,231.1,.8,0,1026.5,1028.5,82.3,0,0
889,2022-04-01 03:00,4.2,228.5,.7,0,1026.6,1028.6,90.3,0,0
889,2022-04-01 04:00,3.9,228.3,.6,0,1027.1,1029.1,91.7,0,0
889,2022-04-01 05:00,3.3,231.8,.8,0,1027.2,1029.3,92.4,0,0
889,2022-04-01 06:00,3.1,232,.8,0,1027.5,1029.6,94.3,0,0
889,2022-04-01 07:00,5.6,0,.4,0,1028.1,1030.1,85.4,0,0
889,2022-04-01 08:00,8,31.6,1,0,1028.7,1030.7,65.6,0,0
889,2022-04-01 09:00,9.3,19.1,1.8,0,1029.2,1031.2,58.7,0,0
889,2022-04-01 10:00,10.4,20.9,1.9,0,1029.1,1031.1,54.1,0,0
889,2022-04-01 11:00,12.5,20.1,1.2,0,1028.9,1030.9,49.5,0,0
889,2022-04-01 12:00,13.2,25,1.4,0,1028.1,1030.1,40,0,0
889,2022-04-01 13:00,14.4,297.6,1.6,0,1027.4,1029.4,30.6,0,0
889,2022-04-01 14:00,15,7.4,2.4,0,1026.7,1028.7,28.4,0,0
889,2022-04-01 15:00,13.8,281.4,1.8,0,1026.4,1028.4,40.8,0,0
889,2022-04-01 16:00,14.6,238.7,2.6,0,1025.7,1027.7,39.1,0,0
889,2022-04-01 17:00,14,299.5,1.9,0,1025.2,1027.2,36,0,0
889,2022-04-01 18:00,12.9,238.4,3,0,1025.2,1027.2,31.7,0,0
889,2022-04-01 19:00,11.1,249.8,2,0,1025.8,1027.8,40.6,0,0
889,2022-04-01 20:00,10,262.4,1.5,0,1026.7,1028.7,44.1,0,0
889,2022-04-01 21:00,8,0,.4,0,1026.7,1028.7,42.4,0,0
889,2022-04-01 22:00,5.6,0,.4,0,1026.8,1028.8,58.4,0,0
889,2022-04-01 23:00,4.5,223.5,.5,0,1026.8,1028.8,60.4,0,0
889,2022-04-02 00:00,3.9,217.9,.5,0,1026.9,1028.9,61.4,0,0
889,2022-04-02 01:00,3.5,0,.3,0,1027,1029,65.2,0,0
889,2022-04-02 02:00,2.9,217.8,.7,0,1026.9,1029,69.1,0,0
889,2022-04-02 03:00,2.7,222.9,.6,0,1026.6,1028.7,73.2,0,0
889,2022-04-02 04:00,2,230.6,.7,0,1026.4,1028.5,77.9,0,0
889,2022-04-02 05:00,1.8,215.5,.6,0,1026.2,1028.3,82.1,0,0
889,2022-04-02 06:00,1.2,0,.2,0,1026.4,1028.5,91.3,0,0
889,2022-04-02 07:00,1.6,0,.4,0,1026.9,1029,95.3,0,0
889,2022-04-02 08:00,6.1,180.7,.8,0,1027,1029,77.5,0,0
889,2022-04-02 09:00,8.9,109.6,.5,0,1027.2,1029.2,63.7,0,0
889,2022-04-02 10:00,9.9,19.5,1,0,1027,1029,53.8,0,0
889,2022-04-02 11:00,11.8,18.2,1.8,0,1026.9,1028.9,47.1,0,0
889,2022-04-02 12:00,13.5,297.4,1.7,0,1025.9,1027.9,36.4,0,0
889,2022-04-02 13:00,13.6,268.5,2,0,1025.2,1027.2,33.2,0,0
889,2022-04-02 14:00,14.5,273.2,2.3,0,1024.4,1026.4,36,0,0
889,2022-04-02 15:00,14.1,254.5,2.6,0,1023.9,1025.9,30.6,0,0
889,2022-04-02 16:00,13.5,232.9,2.3,0,1023.9,1025.9,35.7,0,0
889,2022-04-02 17:00,12.4,240.4,2.9,0,1024,1026,37.3,0,0
889,2022-04-02 18:00,11,228.2,2.6,0,1024.2,1026.2,35.5,0,0
889,2022-04-02 19:00,9.7,234.5,2.8,0,1024.5,1026.5,38,0,0
889,2022-04-02 20:00,8,180.5,1.2,0,1025,1027,53.8,0,0
889,2022-04-02 21:00,7.2,213.4,1.1,0,1025.5,1027.5,64.6,0,0
889,2022-04-02 22:00,5.1,220.4,.7,0,1025.8,1027.8,75.4,0,0
889,2022-04-02 23:00,4.7,0,.4,0,1026,1028,80.5,0,0
889,2022-04-03 00:00,3.7,218.6,.6,0,1026.2,1028.2,89.9,0,0
889,2022-04-03 01:00,3,233.4,.9,0,1026.3,1028.4,94.2,0,0
889,2022-04-03 02:00,2.8,218.4,.7,0,1026.2,1028.3,95.8,0,0
889,2022-04-03 03:00,2.3,223.3,.7,0,1026,1028.1,96.5,0,0
889,2022-04-03 04:00,2.2,225.3,.5,0,1026,1028.1,97.4,0,0
889,2022-04-03 05:00,1.8,205.3,.5,0,1026.1,1028.2,96.7,0,0
889,2022-04-03 06:00,1.5,0,.4,0,1026.4,1028.5,98.6,0,0
889,2022-04-03 07:00,2,231,.9,0,1027,1029.1,96.9,0,0
889,2022-04-03 08:00,6.6,0,.2,0,1027.4,1029.4,78.4,0,0
889,2022-04-03 09:00,8.8,12.9,1.3,0,1027.6,1029.6,68.8,0,0
889,2022-04-03 10:00,10.8,15,1.1,0,1027.8,1029.8,51.3,0,0
889,2022-04-03 11:00,12.5,20.2,1.4,0,1027.8,1029.8,42.6,0,0
889,2022-04-03 12:00,13.7,10.1,2.1,0,1027.2,1029.2,40.8,0,0
889,2022-04-03 13:00,15,.1,2,0,1026.6,1028.6,29.5,0,0
889,2022-04-03 14:00,16.6,9,1.9,0,1025.7,1027.6,29.4,0,0
889,2022-04-03 15:00,16.7,351.8,1.8,0,1024.9,1026.8,26.8,0,0
889,2022-04-03 16:00,17.1,341.6,1.5,0,1024.4,1026.3,29,0,0
889,2022-04-03 17:00,16.6,345.6,1.4,0,1024.4,1026.3,31.9,0,0
889,2022-04-03 18:00,15.1,249.6,2.4,0,1024.6,1026.6,33.9,0,0
889,2022-04-03 19:00,13.1,260.6,1.6,0,1025.1,1027.1,36.8,0,0
889,2022-04-03 20:00,11.3,264.7,2,0,1026,1028,49.9,0,0
889,2022-04-03 21:00,10.2,243.9,1.5,0,1026.6,1028.6,56.7,0,0
889,2022-04-03 22:00,7.3,223.4,.7,0,1026.8,1028.8,68.2,0,0
889,2022-04-03 23:00,6.2,219.1,.7,0,1026.8,1028.8,74.7,0,0
889,2022-04-04 00:00,5.6,231,.5,0,1026.9,1028.9,79.1,0,0
889,2022-04-04 01:00,4.7,245.3,.7,0,1026.9,1028.9,83.7,0,0
889,2022-04-04 02:00,4.4,231.8,.8,0,1026.8,1028.8,89.1,0,0
889,2022-04-04 03:00,4,231.3,.8,0,1026.9,1028.9,91.2,0,0
889,2022-04-04 04:00,3.6,0,.3,0,1027.1,1029.1,91.8,0,0
889,2022-04-04 05:00,3,236.1,.9,0,1027.2,1029.3,95.4,0,0
889,2022-04-04 06:00,2.9,219,.5,0,1027.4,1029.5,97.2,0,0
889,2022-04-04 07:00,3.3,0,.3,0,1027.9,1030,95.9,0,0
889,2022-04-04 08:00,7.5,0,0,0,1027.9,1029.9,81.9,0,0
889,2022-04-04 09:00,11.2,92.1,.6,0,1027.8,1029.8,62,0,0
889,2022-04-04 10:00,13.3,36.5,.9,0,1027.7,1029.7,50.8,0,0
889,2022-04-04 11:00,14.1,285.9,2,0,1027.7,1029.7,33,0,0
889,2022-04-04 12:00,15.7,335,1.3,0,1027,1029,32.6,0,0
889,2022-04-04 13:00,16.9,226.2,2.2,0,1026.5,1028.4,25.5,0,0
889,2022-04-04 14:00,17.1,253.6,2.9,0,1026.1,1028,24.9,0,0
889,2022-04-04 15:00,16,270.7,2.8,0,1025.8,1027.8,27.1,0,0
889,2022-04-04 16:00,16,240.4,2.3,0,1025.1,1027.1,29.4,0,0
889,2022-04-04 17:00,15.6,263.8,2.2,0,1024.8,1026.8,36.7,0,0
889,2022-04-04 18:00,14.3,239.5,2.3,0,1024.4,1026.4,33.8,0,0
889,2022-04-04 19:00,12.8,268.6,1.9,0,1024.4,1026.4,27.5,0,0
889,2022-04-04 20:00,10.4,228.3,1.3,0,1024.5,1026.5,39.8,0,0
889,2022-04-04 21:00,8.1,212.8,.8,0,1024.8,1026.8,48.4,0,0
889,2022-04-04 22:00,6.6,203.9,.5,0,1024.5,1026.5,54.1,0,0
889,2022-04-04 23:00,5.7,0,.4,0,1024.5,1026.5,57.7,0,0
889,2022-04-05 00:00,4.9,0,.3,0,1024.9,1026.9,61.6,0,0
889,2022-04-05 01:00,4.1,239,.7,0,1024.4,1026.4,66.8,0,0
889,2022-04-05 02:00,3.7,231.5,.8,0,1023.7,1025.7,68.3,0,0
889,2022-04-05 03:00,3.3,212.7,.5,0,1023.1,1025.1,69.6,0,0
889,2022-04-05 04:00,2.9,0,.3,0,1022.7,1024.7,71,0,0
889,2022-04-05 05:00,3,207.6,.7,0,1022.4,1024.4,72.7,0,0
889,2022-04-05 06:00,2.6,227.3,.6,0,1023.1,1025.1,74.7,0,0
889,2022-04-05 07:00,3.6,0,.4,0,1023.2,1025.2,71.3,0,0
889,2022-04-05 08:00,8.2,0,.2,0,1022.9,1024.9,53.7,0,0
889,2022-04-05 09:00,10.9,0,.4,0,1022.3,1024.3,41.6,0,0
889,2022-04-05 10:00,12.3,271.7,.7,0,1021.8,1023.8,36.5,0,0
889,2022-04-05 11:00,14.6,226,2.1,0,1021.4,1023.3,31.3,0,0
889,2022-04-05 12:00,15.2,244.9,2.3,0,1020.8,1022.8,29.7,0,0
889,2022-04-05 13:00,15.8,247.9,2.4,0,1020.2,1022.1,27.9,0,0
889,2022-04-05 14:00,16,233.1,2.8,0,1019.6,1021.5,29,0,0
889,2022-04-05 15:00,16.5,221.8,3.3,0,1019,1020.9,28.1,0,0
889,2022-04-05 16:00,16.2,232.1,2.2,0,1018.2,1020.1,27.3,0,0
889,2022-04-05 17:00,14.9,239.7,2.9,0,1018.4,1020.3,25.3,0,0
889,2022-04-05 18:00,13.9,262,1.7,0,1018.3,1020.2,27.2,0,0
889,2022-04-05 19:00,12.1,212.4,1.4,0,1018.8,1020.8,29.6,0,0
889,2022-04-05 20:00,12.4,210.4,1.1,0,1018.9,1020.9,26,0,0
889,2022-04-05 21:00,10.7,213.4,.7,0,1019.4,1021.4,34.2,0,0
889,2022-04-05 22:00,9.1,183.2,.5,0,1019.8,1021.8,42.2,0,0
889,2022-04-05 23:00,10.8,215.9,1.9,0,1020.1,1022.1,39.6,0,0
889,2022-04-06 00:00,10.3,224.4,1.4,0,1020.1,1022.1,47.9,0,0
889,2022-04-06 01:00,9.9,236.8,2,0,1020.7,1022.7,55.6,0,0
889,2022-04-06 02:00,9.7,225,1.1,0,1020.5,1022.5,61.6,0,0
889,2022-04-06 03:00,6.8,0,.4,0,1020.4,1022.4,73.5,0,0
889,2022-04-06 04:00,5.9,225.6,.8,0,1020.2,1022.2,82.2,0,0
889,2022-04-06 05:00,5.7,0,.3,0,1020.2,1022.2,91.4,0,0
889,2022-04-06 06:00,6,230.6,.8,0,1020.7,1022.7,93.2,0,0
889,2022-04-06 07:00,7.2,,,0,1021,1023,92.3,0,0
889,2022-04-06 08:00,9.9,227.4,1.2,0,1021.6,1023.6,77.8,0,0
889,2022-04-06 09:00,11.1,14.5,1.5,0,1021.5,1023.5,73.8,0,0
889,2022-04-06 10:00,12.1,10.7,1.8,0,1021.6,1023.6,63.9,0,0
889,2022-04-06 11:00,13.3,,,0,1021.7,1023.7,56.9,0,0
889,2022-04-06 12:00,14.8,2.7,2,0,1020.8,1022.7,47.5,0,0
889,2022-04-06 13:00,15.4,4.3,2.6,0,1020.2,1022.1,42,0,0
889,2022-04-06 14:00,17.7,340.6,1.4,0,1019.6,1021.5,29.4,0,0
889,2022-04-06 15:00,17.5,336.3,2.1,0,1018.6,1020.5,29.8,0,0
889,2022-04-06 16:00,17.3,336.8,1.9,0,1018,1019.9,27.4,0,0
889,2022-04-06 17:00,16.6,342.8,2,0,1017.7,1019.6,28.4,0,0
889,2022-04-06 18:00,15.8,286,1.3,0,1017.5,1019.4,29.7,0,0
889,2022-04-06 19:00,13.8,259.2,2,0,1017.7,1019.6,33.7,0,0
889,2022-04-06 20:00,12.9,249.4,1.1,0,1017.9,1019.9,35.7,0,0
889,2022-04-06 21:00,11.9,191.5,1.2,0,1018.1,1020.1,41.7,0,0
889,2022-04-06 22:00,9.5,0,.3,0,1018.1,1020.1,52.1,0,0
889,2022-04-06 23:00,9.7,224.8,.7,0,1017.9,1019.9,51.4,0,0
889,2022-04-07 00:00,9.5,229,.5,0,1017.9,1019.9,54.8,0,0
889,2022-04-07 01:00,11.4,249.5,.8,0,1017.4,1019.4,43.2,0,0
889,2022-04-07 02:00,11.4,295.6,.9,0,1017.3,1019.3,42.7,0,0
889,2022-04-07 03:00,11,335.4,.8,0,1017,1019,41.9,0,0
889,2022-04-07 04:00,10.7,303.8,1.2,0,1016.6,1018.6,43.1,0,0
889,2022-04-07 05:00,10.3,245,1.1,0,1016.3,1018.3,47.1,0,0
889,2022-04-07 06:00,10,0,.4,0,1016.1,1018.1,49.7,0,0
889,2022-04-07 07:00,9.4,0,.3,0,1016.2,1018.2,57,0,0
889,2022-04-07 08:00,11.2,251.6,.7,0,1016.5,1018.5,50.1,0,0
889,2022-04-07 09:00,11.9,254.7,1.5,0,1016.5,1018.5,44.4,0,0
889,2022-04-07 10:00,13.8,265,1.8,0,1016.3,1018.2,38.2,0,0
889,2022-04-07 11:00,15.3,321,1.5,0,1016.1,1018,36.1,0,0
889,2022-04-07 12:00,15.3,277.6,3.6,0,1015.6,1017.5,28,0,0
889,2022-04-07 13:00,15.3,265.5,3.9,0,1015.1,1017,32.9,0,0
889,2022-04-07 14:00,16.1,259.3,2.8,0,1014.6,1016.5,29.2,0,0
889,2022-04-07 15:00,15.1,251.6,3.5,0,1014.4,1016.3,33.9,0,0
889,2022-04-07 16:00,15,230.7,3,0,1014.4,1016.3,31,0,0
889,2022-04-07 17:00,13.8,258.4,2.8,0,1015.1,1017,22.7,0,0
889,2022-04-07 18:00,12.5,249.6,2.3,0,1015.8,1017.8,21.7,0,0
889,2022-04-07 19:00,10.7,229.6,3.2,0,1016.5,1018.5,29.9,0,0
889,2022-04-07 20:00,9.7,216.5,2.1,0,1017.5,1019.5,46.6,0,0
889,2022-04-07 21:00,9.2,263.7,.9,0,1017.7,1019.7,51.7,0,0
889,2022-04-07 22:00,8.6,234.2,1.4,0,1018.4,1020.4,59.7,0,0
889,2022-04-07 23:00,6.7,236.2,.8,0,1018.8,1020.8,70.3,0,0
889,2022-04-08 00:00,5.9,230.9,.5,0,1018.9,1020.9,76.7,0,0
889,2022-04-08 01:00,5.6,0,.4,0,1018.9,1020.9,83.5,0,0
889,2022-04-08 02:00,4.7,226.9,.8,0,1019,1021,91.5,0,0
889,2022-04-08 03:00,4.1,229.8,.8,0,1018.9,1020.9,93.6,0,0
889,2022-04-08 04:00,3.9,221.1,.8,0,1019.3,1021.3,96.8,0,0
889,2022-04-08 05:00,3.4,227.9,.6,0,1019.3,1021.3,97.7,0,0
889,2022-04-08 06:00,3.4,0,.1,0,1019.7,1021.7,98.7,0,0
889,2022-04-08 07:00,4.2,0,.4,0,1019.7,1021.7,98.4,0,0
889,2022-04-08 08:00,8.8,69.3,1.2,0,1020,1022,68.3,0,0
889,2022-04-08 09:00,11.2,34.1,.6,0,1020.3,1022.3,56.7,0,0
889,2022-04-08 10:00,13,14.4,1.4,0,1020.4,1022.4,50.2,0,0
889,2022-04-08 11:00,15.1,13.4,1.5,0,1019.9,1021.9,42,0,0
889,2022-04-08 12:00,17.2,55,1.1,0,1019,1020.9,33.5,0,0
889,2022-04-08 13:00,19.4,241.4,1.7,0,1018.2,1020.1,28.5,0,0
889,2022-04-08 14:00,19,244.8,3.2,0,1017.2,1019.1,29.4,0,0
889,2022-04-08 15:00,20.9,219.9,3.2,0,1016,1017.9,29.2,0,0
889,2022-04-08 16:00,20.5,235.3,3.1,0,1015.1,1017,30.7,0,0
889,2022-04-08 17:00,20.1,256.4,2.5,0,1014.7,1016.6,32,0,0
889,2022-04-08 18:00,19.1,247.4,2.2,0,1014.7,1016.6,31.6,0,0
889,2022-04-08 19:00,16.8,240.9,1.3,0,1014.6,1016.5,36.8,0,0
889,2022-04-08 20:00,13.4,232.3,1,0,1014.7,1016.6,49.3,0,0
889,2022-04-08 21:00,11.7,226.2,.5,0,1015.3,1017.3,56.8,0,0
889,2022-04-08 22:00,10.5,0,.4,0,1015.1,1017.1,61.9,0,0
889,2022-04-08 23:00,10.3,231.2,.5,0,1014.7,1016.7,61.8,0,0
889,2022-04-09 00:00,10.2,0,.4,0,1014.3,1016.3,62.5,0,0
889,2022-04-09 01:00,10.1,188.6,.5,0,1014,1016,60.8,0,0
889,2022-04-09 02:00,10.2,0,.4,0,1013.7,1015.7,58.7,0,0
889,2022-04-09 03:00,10.6,0,.3,0,1013.5,1015.5,57.3,0,0
889,2022-04-09 04:00,10.9,204.8,.5,0,1013.5,1015.5,54.5,0,0
889,2022-04-09 05:00,11.7,0,.4,0,1013.4,1015.4,52.3,0,0
889,2022-04-09 06:00,10.4,0,.2,0,1013.3,1015.3,57.7,0,0
889,2022-04-09 07:00,12.9,0,.4,0,1013.9,1015.9,51.4,0,0
889,2022-04-09 08:00,15.2,250.6,1.2,0,1013.7,1015.6,48.5,0,0
889,2022-04-09 09:00,17.6,207.5,1.3,0,1014.2,1016.1,43.7,0,0
889,2022-04-09 10:00,19.3,208.2,2.7,0,1014,1015.9,43.3,0,0
889,2022-04-09 11:00,20.5,235.3,1.8,0,1013.4,1015.3,41.4,0,0
889,2022-04-09 12:00,22.7,239.4,4.2,0,1012.4,1014.3,40.8,0,0
889,2022-04-09 13:00,23.3,254.8,3.7,0,1012.3,1014.2,37.8,0,0
889,2022-04-09 14:00,24.7,229.8,2.8,0,1011.8,1013.7,35.9,0,0
889,2022-04-09 15:00,24.6,228.8,2.8,0,1011.6,1013.5,35.4,0,0
889,2022-04-09 16:00,23.5,240.1,4,0,1011.6,1013.5,38.4,0,0
889,2022-04-09 17:00,22.6,223.1,3.6,0,1011.8,1013.7,40.1,0,0
889,2022-04-09 18:00,21.4,217.5,2.1,0,1012.1,1014,41.4,0,0
889,2022-04-09 19:00,20,214.8,2.3,0,1012.5,1014.4,44.1,0,0
889,2022-04-09 20:00,18.8,213.9,1.3,0,1013,1014.9,46.1,0,0
889,2022-04-09 21:00,16.5,218.1,.6,0,1013.9,1015.8,54.1,0,0
889,2022-04-09 22:00,18,193.3,1.6,0,1014.3,1016.2,47.6,0,0
889,2022-04-09 23:00,14.4,0,.2,0,1014.2,1016.1,60.5,0,0
889,2022-04-10 00:00,12.4,219.1,.7,0,1014.4,1016.4,68,0,0
889,2022-04-10 01:00,12.5,230.8,.6,0,1014.3,1016.3,67.7,0,0
889,2022-04-10 02:00,10.7,239.8,.5,0,1013.9,1015.9,73.2,0,0
889,2022-04-10 03:00,10.5,0,.3,0,1013.8,1015.8,73,0,0
889,2022-04-10 04:00,10.4,218.3,.5,0,1014.4,1016.4,72.2,0,0
889,2022-04-10 05:00,10,0,.3,0,1014.5,1016.5,75.5,0,0
889,2022-04-10 06:00,9.8,233.4,.5,0,1015.1,1017.1,78.5,0,0
889,2022-04-10 07:00,10.9,0,.3,0,1016,1018,78,0,0
889,2022-04-10 08:00,15.1,0,.1,0,1016.3,1018.2,68.3,0,0
889,2022-04-10 09:00,17.5,23.8,1.4,0,1016.3,1018.2,52.5,0,0
889,2022-04-10 10:00,20.2,27.3,1.1,0,1016.4,1018.3,41.7,0,0
889,2022-04-10 11:00,22.8,250.4,.8,0,1016.4,1018.3,33.1,0,0
889,2022-04-10 12:00,23.2,260.5,2.3,0,1015.6,1017.5,32.4,0,0
889,2022-04-10 13:00,24.4,237.7,2.1,0,1014.6,1016.5,28.2,0,0
889,2022-04-10 14:00,24.4,253.7,2.2,0,1013.9,1015.8,29.5,0,0
889,2022-04-10 15:00,25.5,275.5,1.6,0,1013.2,1015.1,29.2,0,0
889,2022-04-10 16:00,24.7,275.7,2.2,0,1012.8,1014.7,32.9,0,0
889,2022-04-10 17:00,23.4,253.8,3,0,1012.9,1014.8,35.8,0,0
889,2022-04-10 18:00,21.1,250.5,3.5,0,1013.3,1015.2,39,0,0
889,2022-04-10 19:00,19.3,254.4,2.9,0,1014,1015.9,50,0,0
889,2022-04-10 20:00,18.1,248.4,1.4,0,1014.6,1016.5,56.4,0,0
889,2022-04-10 21:00,15.1,220,.5,0,1015.5,1017.4,67.2,0,0
889,2022-04-10 22:00,13.9,0,.4,0,1015.2,1017.1,72.1,0,0
889,2022-04-10 23:00,13.4,209.7,.5,0,1014.7,1016.6,74.6,0,0
889,2022-04-11 00:00,13,0,.4,0,1014.7,1016.7,77,0,0
889,2022-04-11 01:00,12.8,0,.3,0,1014.4,1016.4,78.7,0,0
889,2022-04-11 02:00,12.5,230.6,.6,0,1014.2,1016.2,83.2,0,0
889,2022-04-11 03:00,12.8,224,.5,0,1013.9,1015.9,84.4,0,0
889,2022-04-11 04:00,12.4,0,.4,0,1014.1,1016.1,88.9,0,0
889,2022-04-11 05:00,12.3,0,.4,0,1014,1016,90.8,0,0
889,2022-04-11 06:00,11.5,0,.4,0,1014,1016,91.9,0,0
889,2022-04-11 07:00,12.9,0,.3,0,1014.2,1016.2,89.7,0,0
889,2022-04-11 08:00,17,19,1,0,1014.3,1016.2,68.1,0,0
889,2022-04-11 09:00,20.1,86.8,.9,0,1013.7,1015.6,54.5,0,0
889,2022-04-11 10:00,21.1,21.1,1.3,0,1013.2,1015.1,53.6,0,0
889,2022-04-11 11:00,23.4,15.1,1.5,0,1012.7,1014.6,50.9,0,0
889,2022-04-11 12:00,24.3,59.7,1,0,1011.5,1013.4,48.2,0,0
889,2022-04-11 13:00,25.4,2.4,1.5,0,1010.5,1012.4,43.6,0,0
889,2022-04-11 14:00,26.3,244.2,1.8,0,1009.5,1011.3,42.4,0,0
889,2022-04-11 15:00,27.4,217.8,1.5,0,1008.8,1010.6,40.3,0,0
889,2022-04-11 16:00,26.5,247.2,2.1,0,1008.3,1010.1,45.6,0,0
889,2022-04-11 17:00,25.5,259.5,2.1,0,1008.4,1010.3,50.9,0,0
889,2022-04-11 18:00,24.2,235.8,2.2,0,1008.2,1010,55.2,0,0
889,2022-04-11 19:00,22.6,249.5,1.6,0,1008.7,1010.6,61.8,0,0
889,2022-04-11 20:00,20.6,231.6,1.1,0,1008.9,1010.8,65.1,0,0
889,2022-04-11 21:00,17.3,0,.1,0,1009.9,1011.8,78.7,0,0
889,2022-04-11 22:00,16.9,244.5,1.1,0,1010.2,1012.1,90.4,0,0
889,2022-04-11 23:00,16.1,212.5,.5,0,1010.4,1012.3,96.9,0,0
889,2022-04-12 00:00,16.2,0,.3,0,1010.4,1012.3,99.3,0,0
889,2022-04-12 01:00,18,222.1,1,0,1010.2,1012.1,96.3,0,0
889,2022-04-12 02:00,18.2,236.5,1.7,0,1009.7,1011.6,95,0,0
889,2022-04-12 03:00,17.9,0,.1,0,1009.8,1011.7,96.1,0,0
889,2022-04-12 04:00,18,240.7,1,0,1010,1011.9,95.5,0,0
889,2022-04-12 05:00,17.7,0,.1,0,1010.2,1012.1,97.3,0,0
889,2022-04-12 06:00,17.2,0,.2,0,1010.3,1012.2,99.1,0,0
889,2022-04-12 07:00,18.4,243,.9,0,1010.1,1012,91,0,0
889,2022-04-12 08:00,19,266.6,.7,0,1009.9,1011.8,88.3,0,0
889,2022-04-12 09:00,19.3,222.8,1.3,0,1009.5,1011.4,86.8,0,0
889,2022-04-12 10:00,20.9,248.2,1.7,0,1010.4,1012.3,71.2,0,0
889,2022-04-12 11:00,21.6,219.3,2.3,0,1010.5,1012.4,68.2,0,0
889,2022-04-12 12:00,23.3,232,2.6,0,1009.5,1011.4,61.4,0,0
889,2022-04-12 13:00,24.1,226.4,2.9,0,1008,1009.8,56.2,0,0
889,2022-04-12 14:00,25.1,197.3,1.7,0,1007.1,1009,55,0,0
889,2022-04-12 15:00,25.9,231.9,2.6,0,1006.5,1008.3,51.9,0,0
889,2022-04-12 16:00,24.8,251.6,2.3,0,1005.9,1007.7,56.4,0,0
889,2022-04-12 17:00,22.6,269.2,2.9,0,1006.8,1008.7,64.5,0,0
889,2022-04-12 18:00,18.9,258.2,2.8,0,1008.1,1010,85.7,0,0
889,2022-04-12 19:00,15.7,330.5,2,0,1008.8,1010.7,96.5,0,0
889,2022-04-12 20:00,17,239.1,1.6,0,1009.4,1011.3,90.7,0,0
889,2022-04-12 21:00,16.7,209,.7,0,1009.1,1011,95,0,0
889,2022-04-12 22:00,16.3,240.2,.5,0,1009.1,1011,99.9,0,0
889,2022-04-12 23:00,15.5,248.1,1.8,0,1009.6,1011.5,98.7,0,0
889,2022-04-13 00:00,15.2,242.2,1.2,.5,1009.6,1011.5,98.7,0,0
889,2022-04-13 01:00,15,0,.4,0,1009.5,1011.4,99.9,0,0
889,2022-04-13 02:00,14.9,0,.4,.5,1009.5,1011.4,99.9,0,0
889,2022-04-13 03:00,14.8,0,.2,2,1009.7,1011.6,99.9,0,0
889,2022-04-13 04:00,14.6,0,.2,.5,1009.8,1011.7,99.9,0,0
889,2022-04-13 05:00,14.5,157.2,.5,.5,1009.7,1011.6,99.9,0,0
889,2022-04-13 06:00,13.9,37.2,.9,0,1009.7,1011.6,99.9,0,0
889,2022-04-13 07:00,13,37.6,1.1,0,1010.4,1012.3,98.9,0,0
889,2022-04-13 08:00,12.7,46.3,1.3,0,1011.5,1013.4,90.9,0,0
889,2022-04-13 09:00,12.6,102.7,1.7,0,1012.4,1014.4,83.1,0,0
889,2022-04-13 10:00,12.5,77.5,1.4,0,1013.3,1015.3,80.6,0,0
889,2022-04-13 11:00,11.9,84.4,1.5,0,1013.9,1015.9,79.4,0,0
889,2022-04-13 12:00,11.9,86.2,2,0,1014.2,1016.2,74.9,0,0
889,2022-04-13 13:00,11.6,49.9,2.1,0,1014.3,1016.3,72.1,0,0
889,2022-04-13 14:00,11.4,79.2,2.5,0,1014,1016,69.6,0,0
889,2022-04-13 15:00,10.9,89.6,2.5,0,1013.7,1015.7,73.2,0,0
889,2022-04-13 16:00,11.6,80.8,2.1,0,1013,1015,68.8,0,0
889,2022-04-13 17:00,11.9,84.3,2.3,0,1013.3,1015.3,63.4,0,0
889,2022-04-13 18:00,12.1,71.5,1.5,0,1013.5,1015.5,63,0,0
889,2022-04-13 19:00,12.2,95.1,1.7,0,1013.7,1015.7,62.3,0,0
889,2022-04-13 20:00,12.1,96.5,1.8,0,1014.9,1016.9,62.3,0,0
889,2022-04-13 21:00,11.7,89.3,2.7,0,1015.6,1017.6,63.9,0,0
889,2022-04-13 22:00,11.6,94.2,2.9,0,1015.8,1017.8,60.8,0,0
889,2022-04-13 23:00,11.9,95.2,1.7,0,1015.6,1017.6,53.5,0,0
889,2022-04-14 00:00,,,,0,,,,0,0
889,2022-04-14 01:00,12.1,78.8,1.8,0,1015.9,1017.9,53.6,0,0
889,2022-04-14 02:00,12.2,92.7,1.9,0,1015.3,1017.3,52.9,0,0
889,2022-04-14 03:00,12.1,98.2,1.4,0,1015.2,1017.2,53.2,0,0
889,2022-04-14 04:00,12,87.2,1.4,0,1015.5,1017.5,51.7,0,0
889,2022-04-14 05:00,11.5,101.1,1.5,0,1015.3,1017.3,54.7,0,0
889,2022-04-14 06:00,11,93.5,2.2,0,1015.7,1017.7,61.4,0,0
889,2022-04-14 07:00,11.3,97.1,1.2,0,1016.5,1018.5,60.7,0,0
889,2022-04-14 08:00,11.7,90.6,2.4,0,1016.6,1018.6,59.9,0,0
889,2022-04-14 09:00,11.6,64.2,1.9,0,1017,1019,66.9,0,0
889,2022-04-14 10:00,12,51.4,1.4,0,1017.9,1019.9,64.6,0,0
889,2022-04-14 11:00,12.8,39.3,1.7,0,1017.8,1019.8,61.9,0,0
889,2022-04-14 12:00,13.9,33.2,1.7,0,1017.2,1019.1,56.6,0,0
889,2022-04-14 13:00,15.1,54.3,1.9,0,1016.4,1018.3,53.9,0,0
889,2022-04-14 14:00,14.4,22.7,2.1,0,1016.4,1018.3,56,0,0
889,2022-04-14 15:00,14.6,70.3,1.5,0,1015.8,1017.7,53.6,0,0
889,2022-04-14 16:00,14.5,91.3,1.9,0,1016.3,1018.2,51.7,0,0
889,2022-04-14 17:00,14.9,78.7,1.3,0,1016.1,1018,49.7,0,0
889,2022-04-14 18:00,14.8,82.9,1,0,1016.7,1018.6,49.5,0,0
889,2022-04-14 19:00,12.8,122,.7,0,1016.8,1018.8,60,0,0
889,2022-04-14 20:00,12.2,105.2,.9,0,1017.1,1019.1,61.2,0,0
889,2022-04-14 21:00,11.9,108.1,.6,0,1018,1020,62.8,0,0
889,2022-04-14 22:00,12.9,95.6,1.1,0,1018.7,1020.7,52.4,0,0
889,2022-04-14 23:00,12,54.7,1.2,0,1018.4,1020.4,52.9,0,0
889,2022-04-15 00:00,11.8,33.7,.9,0,1018.9,1020.9,56.2,0,0
889,2022-04-15 01:00,11,73.4,1,0,1018.6,1020.6,55.1,0,0
889,2022-04-15 02:00,10.4,101.5,1,0,1018,1020,54.9,0,0
889,2022-04-15 03:00,9.7,79.1,.9,0,1018,1020,57.1,0,0
889,2022-04-15 04:00,6.6,0,.3,0,1017.6,1019.6,73,0,0
889,2022-04-15 05:00,8.4,92.5,1,0,1017.5,1019.5,59.6,0,0
889,2022-04-15 06:00,6.5,226.9,.5,0,1017.9,1019.9,68.9,0,0
889,2022-04-15 07:00,8.6,0,.3,0,1018.1,1020.1,63.6,0,0
889,2022-04-15 08:00,11,31.7,1,0,1018.2,1020.2,54.2,0,0
889,2022-04-15 09:00,12.9,83.4,1,0,1017.7,1019.7,48.5,0,0
889,2022-04-15 10:00,13.7,8.4,1.4,0,1017.6,1019.6,45.9,0,0
889,2022-04-15 11:00,14.9,11.9,1.6,0,1017.5,1019.4,39.5,0,0
889,2022-04-15 12:00,16.8,347.6,1.9,0,1016.5,1018.4,36.5,0,0
889,2022-04-15 13:00,17.5,334.6,1.9,0,1015.9,1017.8,30.6,0,0
889,2022-04-15 14:00,18.1,342.5,2.3,0,1014.8,1016.7,32.5,0,0
889,2022-04-15 15:00,18.4,309.7,1.8,0,1013.7,1015.6,32.9,0,0
889,2022-04-15 16:00,18.8,280.8,2,0,1012.6,1014.5,36.3,0,0
889,2022-04-15 17:00,17.6,239.2,3.8,0,1012.6,1014.5,38.2,0,0
889,2022-04-15 18:00,16.3,258.3,2.4,0,1013.2,1015.1,40.3,0,0
889,2022-04-15 19:00,15.1,246.1,1.9,0,1013.6,1015.5,47.1,0,0
889,2022-04-15 20:00,14.4,247.1,1.2,0,1014.6,1016.5,52.9,0,0
889,2022-04-15 21:00,14.4,9.5,1.8,0,1015.8,1017.7,45.4,0,0
889,2022-04-15 22:00,13.1,68,.6,0,1016.2,1018.2,49.8,0,0
889,2022-04-15 23:00,9.6,228.9,.8,0,1016.4,1018.4,66.4,0,0
889,2022-04-16 00:00,8.6,231.4,.6,0,1016.8,1018.8,70.8,0,0
889,2022-04-16 01:00,7.9,227.6,.6,0,1017,1019,71.3,0,0
889,2022-04-16 02:00,7.1,234.9,.6,0,1016.9,1018.9,75.9,0,0
889,2022-04-16 03:00,6.6,232.4,.6,0,1016.8,1018.8,78.2,0,0
889,2022-04-16 04:00,5.8,224,.7,0,1016.7,1018.7,83.9,0,0
889,2022-04-16 05:00,5.4,224.8,.6,0,1016.6,1018.6,88.5,0,0
889,2022-04-16 06:00,5,226.6,.7,0,1016.9,1018.9,91.4,0,0
889,2022-04-16 07:00,6.9,228.3,.5,0,1017.4,1019.4,87.5,0,0
889,2022-04-16 08:00,11.2,0,.2,0,1017.6,1019.6,62.9,0,0
889,2022-04-16 09:00,13.4,54.8,.8,0,1017.5,1019.5,50.6,0,0
889,2022-04-16 10:00,15.1,234.7,1.9,0,1017.7,1019.6,45.2,0,0
889,2022-04-16 11:00,16.5,14.7,1.9,0,1017.3,1019.2,41.5,0,0
889,2022-04-16 12:00,18,336.7,1.9,0,1016.6,1018.5,37.2,0,0
889,2022-04-16 13:00,18.1,317.5,1.6,0,1015.8,1017.7,28.5,0,0
889,2022-04-16 14:00,19.3,330.4,1.4,0,1015,1016.9,28.7,0,0
889,2022-04-16 15:00,19.7,270.6,2,0,1014.2,1016.1,26.1,0,0
889,2022-04-16 16:00,18.7,243.6,3.4,0,1014,1015.9,19.5,0,0
889,2022-04-16 17:00,18.4,249.8,2.6,0,1014,1015.9,23.1,0,0
889,2022-04-16 18:00,16.3,237.6,3.4,0,1014.3,1016.2,20.2,0,0
889,2022-04-16 19:00,14.6,236.1,2.3,0,1014.4,1016.3,26.1,0,0
889,2022-04-16 20:00,12.6,230.2,1.7,0,1014.9,1016.9,41.3,0,0
889,2022-04-16 21:00,11.2,219.6,1.1,0,1015.8,1017.8,53.7,0,0
889,2022-04-16 22:00,10.6,230.7,.9,0,1016,1018,63.9,0,0
889,2022-04-16 23:00,9.7,234.2,.8,0,1016.2,1018.2,70.1,0,0
889,2022-04-17 00:00,9.4,222.6,1.6,0,1016.4,1018.4,75.5,0,0
889,2022-04-17 01:00,7,0,.3,0,1016.6,1018.6,90.2,0,0
889,2022-04-17 02:00,7,219.4,.6,0,1016.5,1018.5,93.3,0,0
889,2022-04-17 03:00,5.2,220.6,.5,0,1016.5,1018.5,98.9,0,0
889,2022-04-17 04:00,5.1,202.3,.5,0,1016.4,1018.4,99.9,0,0
889,2022-04-17 05:00,4.7,219.6,.7,0,1016.5,1018.5,99.9,0,0
889,2022-04-17 06:00,4.5,218.9,.7,0,1016.6,1018.6,99.9,0,0
889,2022-04-17 07:00,6,0,.4,0,1017,1019,99.9,0,0
889,2022-04-17 08:00,10,138.1,.6,0,1017.5,1019.5,76.4,0,0
889,2022-04-17 09:00,12.3,178.7,.7,0,1017.7,1019.7,62.2,0,0
889,2022-04-17 10:00,13.7,9.9,1.5,0,1018.1,1020.1,54.4,0,0
889,2022-04-17 11:00,16,22.7,1.6,0,1017.8,1019.7,45.2,0,0
889,2022-04-17 12:00,18.2,356.2,1.4,0,1017.1,1019,35.2,0,0
889,2022-04-17 13:00,19.4,229.5,2,0,1016.5,1018.4,30.6,0,0
889,2022-04-17 14:00,21.5,306.5,1.2,0,1015.7,1017.6,25.5,0,0
889,2022-04-17 15:00,20.9,239.6,2.9,0,1015.5,1017.4,35.4,0,0
889,2022-04-17 16:00,19.4,237.4,3.7,0,1015.4,1017.3,27.4,0,0
889,2022-04-17 17:00,19.5,236.8,2.6,0,1015.5,1017.4,26.6,0,0
889,2022-04-17 18:00,18.3,238.1,2,0,1015.2,1017.1,29.7,0,0
889,2022-04-17 19:00,16.4,228.3,2,0,1015.5,1017.4,30.2,0,0
889,2022-04-17 20:00,14.7,255.7,1.1,0,1015.8,1017.7,43.3,0,0
889,2022-04-17 21:00,11.9,0,.1,0,1016.3,1018.3,55.6,0,0
889,2022-04-17 22:00,11.9,263.2,.8,0,1016.9,1018.9,58.1,0,0
889,2022-04-17 23:00,12.5,255.2,1.3,0,1017.2,1019.2,59.1,0,0
889,2022-04-18 00:00,11.7,234,.7,0,1017.5,1019.5,63,0,0
889,2022-04-18 01:00,10.6,0,.1,0,1017.9,1019.9,69.5,0,0
889,2022-04-18 02:00,10.1,0,.4,0,1017.5,1019.5,71.8,0,0
889,2022-04-18 03:00,9.9,227.7,.6,0,1017.1,1019.1,72,0,0
889,2022-04-18 04:00,9.9,227.7,.5,0,1016.7,1018.7,74.1,0,0
889,2022-04-18 05:00,10,0,.3,0,1016.8,1018.8,74.9,0,0
889,2022-04-18 06:00,10.1,215,.7,0,1016.6,1018.6,74.7,0,0
889,2022-04-18 07:00,10.8,0,.4,0,1016.6,1018.6,72,0,0
889,2022-04-18 08:00,13,195.2,.5,0,1017,1019,56.7,0,0
889,2022-04-18 09:00,14.8,266,.5,0,1017.2,1019.1,47.4,0,0
889,2022-04-18 10:00,15.9,250.7,.7,0,1017,1018.9,43.6,0,0
889,2022-04-18 11:00,17.8,215.8,1.1,0,1016.9,1018.8,36.9,0,0
889,2022-04-18 12:00,19,219.6,2.3,0,1016.6,1018.5,34.8,0,0
889,2022-04-18 13:00,20.3,255,2.5,0,1015.7,1017.6,26.3,0,0
889,2022-04-18 14:00,21.7,229,2.8,0,1014.9,1016.8,24.7,0,0
889,2022-04-18 15:00,20.8,243,3.4,0,1014.9,1016.8,26,0,0
889,2022-04-18 16:00,19.4,247.5,3.6,0,1015,1016.9,26,0,0
889,2022-04-18 17:00,19.2,255.2,2.7,0,1014.9,1016.8,27.4,0,0
889,2022-04-18 18:00,18.8,240.6,2.7,0,1014.7,1016.6,23.8,0,0
889,2022-04-18 19:00,16.4,243.8,1.9,0,1014.7,1016.6,35.7,0,0
889,2022-04-18 20:00,15.1,231.4,2.7,0,1015.4,1017.3,40,0,0
889,2022-04-18 21:00,12.6,0,.4,0,1016.2,1018.2,51.8,0,0
889,2022-04-18 22:00,10.9,0,.2,0,1016.4,1018.4,61,0,0
889,2022-04-18 23:00,9.5,0,.4,0,1016.6,1018.6,66.8,0,0
889,2022-04-19 00:00,9.3,202.1,.5,0,1016.7,1018.7,67.5,0,0
889,2022-04-19 01:00,8.5,0,.4,0,1016.9,1018.9,73.3,0,0
889,2022-04-19 02:00,7.9,218.9,.5,0,1016.7,1018.7,76.7,0,0
889,2022-04-19 03:00,7.5,0,.3,0,1016.5,1018.5,84.8,0,0
889,2022-04-19 04:00,6.9,217.7,.6,0,1016.2,1018.2,90,0,0
889,2022-04-19 05:00,6.9,219.3,.6,0,1015.9,1017.9,91.2,0,0
889,2022-04-19 06:00,6.4,228.3,.8,0,1016.1,1018.1,95,0,0
889,2022-04-19 07:00,8.2,0,.4,0,1016.4,1018.4,90.5,0,0
889,2022-04-19 08:00,12.2,0,.1,0,1016.8,1018.8,69.8,0,0
889,2022-04-19 09:00,14.4,0,.4,0,1016.9,1018.8,53.4,0,0
889,2022-04-19 10:00,16.5,62.2,.7,0,1016.7,1018.6,46.8,0,0
889,2022-04-19 11:00,18.6,18.1,1.9,0,1016.5,1018.4,44.6,0,0
889,2022-04-19 12:00,20.3,310.2,1.5,0,1015.9,1017.8,37.6,0,0
889,2022-04-19 13:00,21.6,264.1,2.4,0,1015.5,1017.4,30.1,0,0
889,2022-04-19 14:00,21.2,234.6,3,0,1015.1,1017,31.8,0,0
889,2022-04-19 15:00,21,243.4,3.4,0,1014.7,1016.6,34.6,0,0
889,2022-04-19 16:00,20.8,236.1,3.2,0,1014.5,1016.4,36.6,0,0
889,2022-04-19 17:00,19.4,255.8,2.8,0,1014.4,1016.3,33.5,0,0
889,2022-04-19 18:00,18.4,225.6,2.7,0,1014.3,1016.2,43.2,0,0
889,2022-04-19 19:00,16.2,216.5,2.1,0,1014.4,1016.3,47.1,0,0
889,2022-04-19 20:00,14.5,251,1.3,0,1015,1016.9,52.6,0,0
889,2022-04-19 21:00,12.6,0,.3,0,1015.5,1017.5,55.4,0,0
889,2022-04-19 22:00,10.3,0,.4,0,1016,1018,67.8,0,0
889,2022-04-19 23:00,9.3,228,.6,0,1016.1,1018.1,71.9,0,0
889,2022-04-20 00:00,8.7,228.1,.6,0,1016.5,1018.5,76.1,0,0
889,2022-04-20 01:00,8,215.2,.5,0,1016.3,1018.3,78.4,0,0
889,2022-04-20 02:00,8,0,.4,0,1016,1018,80.5,0,0
889,2022-04-20 03:00,7.5,211.9,.5,0,1015.8,1017.8,86.4,0,0
889,2022-04-20 04:00,6.9,226,.6,0,1015.6,1017.6,90,0,0
889,2022-04-20 05:00,6.4,229.7,.7,0,1015.5,1017.5,92.5,0,0
889,2022-04-20 06:00,6.4,225.9,.7,0,1015.8,1017.8,93,0,0
889,2022-04-20 07:00,8.8,0,.4,0,1016.1,1018.1,86.6,0,0
889,2022-04-20 08:00,13.1,126.1,.5,0,1016.4,1018.4,56.2,0,0
889,2022-04-20 09:00,16,91.1,1.1,0,1016.2,1018.1,46,0,0
889,2022-04-20 10:00,17.3,.1,1.1,0,1015.8,1017.7,42.3,0,0
889,2022-04-20 11:00,19.8,351.7,1.2,0,1015.5,1017.4,33.7,0,0
889,2022-04-20 12:00,20.9,261.6,2.1,0,1014.6,1016.5,29.3,0,0
889,2022-04-20 13:00,21.3,240.8,2.9,0,1014.1,1016,32.2,0,0
889,2022-04-20 14:00,21.4,280.4,2.9,0,1013.6,1015.5,27.9,0,0
889,2022-04-20 15:00,21.5,251.5,2.7,0,1012.9,1014.8,29.2,0,0
889,2022-04-20 16:00,21.2,244.3,3.1,0,1012.3,1014.2,25.9,0,0
889,2022-04-20 17:00,21,237.3,3.2,0,1012.2,1014.1,20.4,0,0
889,2022-04-20 18:00,19.6,250.6,2.6,0,1012.2,1014.1,33.2,0,0
889,2022-04-20 19:00,17.4,253.3,1.6,0,1012.2,1014.1,43.4,0,0
889,2022-04-20 20:00,16.1,256.8,1.4,0,1012.5,1014.4,41.6,0,0
889,2022-04-20 21:00,13.9,220.9,.7,0,1013.3,1015.2,54.4,0,0
889,2022-04-20 22:00,11.2,0,.2,0,1013.6,1015.6,67.4,0,0
889,2022-04-20 23:00,10.1,226,.6,0,1013.6,1015.6,71.7,0,0
889,2022-04-21 00:00,9.5,219.3,.5,0,1013.6,1015.6,73.2,0,0
889,2022-04-21 01:00,9,228.7,.7,0,1013.5,1015.5,70.5,0,0
889,2022-04-21 02:00,8.1,222.6,.5,0,1013.1,1015.1,71.3,0,0
889,2022-04-21 03:00,7.9,218.7,.5,0,1012.4,1014.4,71.8,0,0
889,2022-04-21 04:00,7.3,232.3,.5,0,1012.1,1014.1,74.8,0,0
889,2022-04-21 05:00,7.2,232.4,.6,0,1011.8,1013.8,75.6,0,0
889,2022-04-21 06:00,7.1,233.8,.8,0,1011.6,1013.6,78.3,0,0
889,2022-04-21 07:00,9.5,0,0,0,1011.5,1013.5,73.4,0,0
889,2022-04-21 08:00,14.3,92.8,.5,0,1011.5,1013.4,53.2,0,0
889,2022-04-21 09:00,16.1,32.9,.7,0,1011.6,1013.5,51,0,0
889,2022-04-21 10:00,19,334.9,1,0,1011.1,1013,30.9,0,0
889,2022-04-21 11:00,20.3,257.5,1.3,0,1011,1012.9,22.4,0,0
889,2022-04-21 12:00,21.4,225.8,1.9,0,1010.3,1012.2,22.7,0,0
889,2022-04-21 13:00,21.8,240.8,2.7,0,1010,1011.9,26.6,0,0
889,2022-04-21 14:00,22.3,241.2,3.4,0,1009,1010.9,24,0,0
889,2022-04-21 15:00,22.6,225.2,3.6,0,1008.6,1010.5,21,0,0
889,2022-04-21 16:00,21.2,234.3,3.1,0,1008.4,1010.3,21.9,0,0
889,2022-04-21 17:00,19.9,255.1,3.3,0,1008.5,1010.4,48.6,0,0
889,2022-04-21 18:00,18.7,219.3,3.3,0,1008.7,1010.6,53.4,0,0
889,2022-04-21 19:00,,,,0,,,,0,0
889,2022-04-21 20:00,16.4,206.3,1.7,0,1009,1010.9,56.3,0,0
889,2022-04-21 21:00,16.5,225.6,1.7,0,1009.6,1011.5,55.7,0,0
889,2022-04-21 22:00,14.6,0,.4,0,1009.5,1011.4,64.1,0,0
889,2022-04-21 23:00,13.3,230.7,.7,0,1009.6,1011.5,69.3,0,0
889,2022-04-22 00:00,12.4,202.9,.6,0,1009.8,1011.7,73.1,0,0
889,2022-04-22 01:00,13.6,213.3,.8,0,1009.7,1011.6,65.2,0,0
889,2022-04-22 02:00,15.6,215.2,1.6,0,1009.3,1011.2,53.8,0,0
889,2022-04-22 03:00,15.1,227.4,1.7,0,1009.4,1011.3,57.5,0,0
889,2022-04-22 04:00,15,234.5,1.9,0,1009,1010.9,59.9,0,0
889,2022-04-22 05:00,15,171.8,.9,0,1008.8,1010.7,64.1,0,0
889,2022-04-22 06:00,15.1,208.5,1.8,0,1008.8,1010.7,64,0,0
889,2022-04-22 07:00,15.3,201.6,2.2,0,1008.7,1010.6,66.4,0,0
889,2022-04-22 08:00,16.3,223,2.4,0,1008.2,1010.1,64.8,0,0
889,2022-04-22 09:00,17.2,224.6,2.7,0,1008,1009.9,62.9,0,0
889,2022-04-22 10:00,17.7,237.6,3.3,0,1008.6,1010.5,63.2,0,0
889,2022-04-22 11:00,17.3,235.4,2.8,0,1008.8,1010.7,67.5,0,0
889,2022-04-22 12:00,17.9,242.3,2.4,0,1008.2,1010.1,68.8,0,0
889,2022-04-22 13:00,17.4,253.6,2.8,0,1008.1,1010,73.3,0,0
889,2022-04-22 14:00,16.3,240.3,3.3,0,1008.3,1010.2,81.1,0,0
889,2022-04-22 15:00,16.3,259.9,2.5,0,1007.8,1009.7,82.3,0,0
889,2022-04-22 16:00,15.7,247.8,2.2,0,1007.6,1009.5,89.1,0,0
889,2022-04-22 17:00,15.2,252.2,1.6,0,1007.9,1009.8,92.1,0,0
889,2022-04-22 18:00,14.4,237.4,1.5,0,1008.4,1010.3,98.1,0,0
889,2022-04-22 19:00,14.5,236.3,1.1,0,1008.6,1010.5,97.7,0,0
889,2022-04-22 20:00,14.9,249.6,1.1,0,1009,1010.9,93.9,0,0
889,2022-04-22 21:00,14.7,239.6,1.6,0,1009.9,1011.8,93.1,0,0
889,2022-04-22 22:00,14.4,212.7,1.9,0,1010.7,1012.6,93.1,0,0
889,2022-04-22 23:00,13.8,257.1,1.5,0,1010.8,1012.7,94.9,0,0
889,2022-04-23 00:00,12.9,248.2,1.1,0,1011.4,1013.3,93.4,0,0
889,2022-04-23 01:00,12.9,236.3,1.5,0,1011.8,1013.7,91.1,0,0
889,2022-04-23 02:00,12.5,226.6,1.1,0,1011.6,1013.6,91.2,0,0
889,2022-04-23 03:00,11.3,221.6,.7,0,1011.9,1013.9,98.6,0,0
889,2022-04-23 04:00,9.4,0,.2,0,1012,1014,99.9,0,0
889,2022-04-23 05:00,8.4,0,.4,0,1012.1,1014.1,99.9,0,0
889,2022-04-23 06:00,8.7,216.4,.6,0,1012.1,1014.1,99.9,0,0
889,2022-04-23 07:00,10.1,0,.3,0,1012.4,1014.4,99.9,0,0
889,2022-04-23 08:00,13.3,0,.3,0,1012.9,1014.8,87.9,0,0
889,2022-04-23 09:00,14.6,23.5,.7,0,1013.5,1015.4,79.4,0,0
889,2022-04-23 10:00,16.1,19.3,1.5,0,1013.3,1015.2,71.8,0,0
889,2022-04-23 11:00,17.9,32.5,1.8,0,1012.7,1014.6,62.9,0,0
889,2022-04-23 12:00,19.4,22.5,1.3,0,1012.1,1014,52.7,0,0
889,2022-04-23 13:00,21.7,10.2,1.8,0,1010.9,1012.8,45.6,0,0
889,2022-04-23 14:00,23,18,1.9,0,1009.7,1011.6,36.2,0,0
889,2022-04-23 15:00,24.2,19.9,1.9,0,1008.5,1010.3,27.2,0,0
889,2022-04-23 16:00,24.8,27.8,1.3,0,1007.6,1009.4,24.5,0,0
889,2022-04-23 17:00,24.6,14,1,0,1007.5,1009.3,21.3,0,0
889,2022-04-23 18:00,23.5,278,.7,0,1007.7,1009.6,29.7,0,0
889,2022-04-23 19:00,19.8,228.4,.9,0,1008,1009.9,38.1,0,0
889,2022-04-23 20:00,17.4,229.2,.9,0,1008.3,1010.2,58.5,0,0
889,2022-04-23 21:00,15.1,222.2,.8,0,1008.7,1010.6,70.3,0,0
889,2022-04-23 22:00,13.9,224.5,.5,0,1009.1,1011,75.1,0,0
889,2022-04-23 23:00,13.5,0,.4,0,1009.2,1011.1,75.1,0,0
889,2022-04-24 00:00,13.2,218.4,.6,0,1009.7,1011.6,74.7,0,0
889,2022-04-24 01:00,17,226.1,1.9,0,1009.9,1011.8,59.2,0,0
889,2022-04-24 02:00,15.3,0,.3,0,1010,1011.9,67.2,0,0
889,2022-04-24 03:00,14,0,.2,0,1010.1,1012,74.5,0,0
889,2022-04-24 04:00,15.8,248.3,1.2,0,1010.3,1012.2,79,0,0
889,2022-04-24 05:00,15.5,252.8,1.2,0,1010.3,1012.2,85,0,0
889,2022-04-24 06:00,14.8,0,0,0,1010.6,1012.5,97.4,0,0
889,2022-04-24 07:00,15,0,.2,0,1010.9,1012.8,98,0,0
889,2022-04-24 08:00,16.2,0,.2,0,1010.6,1012.5,93.8,0,0
889,2022-04-24 09:00,17.5,0,.4,0,1010.6,1012.5,87.9,0,0
889,2022-04-24 10:00,18.6,18.3,1.1,0,1010.2,1012.1,79.8,0,0
889,2022-04-24 11:00,20.3,355.7,1.1,0,1010,1011.9,72.4,0,0
889,2022-04-24 12:00,22.2,237.4,2.1,0,1009.3,1011.2,58.1,0,0
889,2022-04-24 13:00,23.3,270.2,2.2,0,1008.5,1010.4,53.2,0,0
889,2022-04-24 14:00,23.8,285.9,1.6,0,1007.9,1009.8,52.5,0,0
889,2022-04-24 15:00,24.3,278.3,2.2,0,1008,1009.8,48.4,0,0
889,2022-04-24 16:00,23.9,246.3,2.2,0,1007.6,1009.5,48.1,0,0
889,2022-04-24 17:00,23.3,230.4,2.9,0,1008,1009.9,49.6,0,0
889,2022-04-24 18:00,21.4,238.9,2.4,0,1008.5,1010.4,65.2,0,0
889,2022-04-24 19:00,18.5,219.6,2,0,1009,1010.9,75.6,0,0
889,2022-04-24 20:00,16.6,232.6,2.3,0,1009.5,1011.4,89.7,0,0
889,2022-04-24 21:00,17.1,234.2,1.3,0,1010.3,1012.2,93.3,0,0
889,2022-04-24 22:00,17.3,256.1,.8,0,1011,1012.9,94.4,0,0
889,2022-04-24 23:00,17.2,227,1.3,0,1010.9,1012.8,97.6,0,0
889,2022-04-25 00:00,17.3,192.6,1,0,1010.8,1012.7,97.4,0,0
889,2022-04-25 01:00,17.2,0,.2,0,1011.2,1013.1,99.9,0,0
889,2022-04-25 02:00,17,0,.1,0,1011,1012.9,99.9,0,0
889,2022-04-25 03:00,17,0,0,0,1011.1,1013,99.9,0,0
889,2022-04-25 04:00,16.9,0,.1,0,1011.1,1013,99.9,0,0
889,2022-04-25 05:00,16.7,0,0,0,1011.2,1013.1,99.9,0,0
889,2022-04-25 06:00,16.8,0,.3,0,1011.7,1013.6,99.9,0,0
889,2022-04-25 07:00,17.2,0,0,0,1012.1,1014,99.9,0,0
889,2022-04-25 08:00,18.1,0,.3,0,1012.1,1014,99.9,0,0
889,2022-04-25 09:00,18.8,0,.3,0,1012,1013.9,96.8,0,0
889,2022-04-25 10:00,19.5,27,.6,0,1011.9,1013.8,90.5,0,0
889,2022-04-25 11:00,20.8,65.8,.8,0,1012,1013.9,82.3,0,0
889,2022-04-25 12:00,21.7,53.8,.8,0,1011.3,1013.2,73.2,0,0
889,2022-04-25 13:00,22.6,10.6,1.6,0,1010.7,1012.6,68.1,0,0
889,2022-04-25 14:00,23.2,16.8,1.3,0,1009.5,1011.4,66.3,0,0
889,2022-04-25 15:00,23.3,20.4,1.3,0,1008.4,1010.3,67.1,0,0
889,2022-04-25 16:00,23.8,33.2,.7,0,1007.5,1009.4,63.4,0,0
889,2022-04-25 17:00,23,0,.1,0,1007.3,1009.2,71.6,0,0
889,2022-04-25 18:00,21.4,0,0,0,1006.9,1008.8,81.8,0,0
889,2022-04-25 19:00,20.1,233.3,.7,0,1006.4,1008.3,85.7,0,0
889,2022-04-25 20:00,19.4,224.7,.5,0,1006.7,1008.6,88.7,0,0
889,2022-04-25 21:00,19.5,186.4,.8,0,1007.1,1009,89.8,0,0
889,2022-04-25 22:00,19.2,0,.3,0,1006.3,1008.2,92.3,0,0
889,2022-04-25 23:00,19.1,0,.2,0,1005.3,1007.2,97.8,0,0
889,2022-04-26 00:00,18,0,.4,0,1004.6,1006.5,99.9,0,0
889,2022-04-26 01:00,17.9,0,.2,0,1004,1005.9,99.9,0,0
889,2022-04-26 02:00,17.7,0,.3,.5,1003.4,1005.3,99.9,0,0
889,2022-04-26 03:00,16.8,98.5,.5,1,1002.8,1004.7,99.9,0,0
889,2022-04-26 04:00,16.4,0,.3,1,1002.3,1004.2,99.9,0,0
889,2022-04-26 05:00,16.1,0,.2,0,1001.5,1003.4,99.9,0,0
889,2022-04-26 06:00,16.1,113.1,1,0,1000.8,1002.7,99.9,0,0
889,2022-04-26 07:00,16.2,107.1,.9,0,1000.3,1002.2,99.9,0,0
889,2022-04-26 08:00,18.2,45.8,.8,0,1000.3,1002.2,88.9,0,0
889,2022-04-26 09:00,20.7,81.3,.9,0,1000.2,1002.1,73.7,0,0
889,2022-04-26 10:00,22.1,329.3,1.2,0,999.5,1001.4,65,0,0
889,2022-04-26 11:00,23.9,294.7,1,0,1000.2,1002,54.9,0,0
889,2022-04-26 12:00,25.7,229.4,1.5,0,999.4,1001.2,47.5,0,0
889,2022-04-26 13:00,27.5,263.2,1.7,0,998.6,1000.4,43.5,0,0
889,2022-04-26 14:00,28,262.9,2.3,0,998.4,1000.2,41.2,0,0
889,2022-04-26 15:00,28,247.8,2.4,0,998.1,999.9,42.8,0,0
889,2022-04-26 16:00,28.7,253.8,2.2,0,997.9,999.7,38.8,0,0
889,2022-04-26 17:00,25.6,231.1,2.7,0,999.4,1001.2,51,0,0
889,2022-04-26 18:00,25.6,296.5,2.2,0,1000.5,1002.3,46.7,0,0
889,2022-04-26 19:00,23.9,307.5,2.3,0,1001.5,1003.3,46.6,0,0
889,2022-04-26 20:00,22.9,271.8,1.5,0,1002.3,1004.2,51.2,0,0
889,2022-04-26 21:00,22.4,255.1,2.3,0,1004.1,1006,55.8,0,0
889,2022-04-26 22:00,20.3,294.1,2.2,0,1005.8,1007.7,63.4,0,0
889,2022-04-26 23:00,18.8,310.8,2.4,0,1007.1,1009,57.2,0,0
889,2022-04-27 00:00,18,290.3,2.1,0,1008,1009.9,44.5,0,0
889,2022-04-27 01:00,17.2,272.9,1.7,0,1008.9,1010.8,38.5,0,0
889,2022-04-27 02:00,16.5,267.5,2.1,0,1009.1,1011,32.6,0,0
889,2022-04-27 03:00,15.6,321.9,2,0,1009.6,1011.5,32.6,0,0
889,2022-04-27 04:00,14.7,273.8,2.1,0,1010.3,1012.2,30.9,0,0
889,2022-04-27 05:00,13.8,274,.9,0,1011.3,1013.2,33.5,0,0
889,2022-04-27 06:00,13.3,21.6,.8,0,1012.3,1014.2,33.7,0,0
889,2022-04-27 07:00,14.2,333.7,1.3,0,1012.2,1014.1,29.9,0,0
889,2022-04-27 08:00,15.1,262.5,1.1,0,1013.1,1015,28.7,0,0
889,2022-04-27 09:00,16.8,261.9,1.4,0,1013.5,1015.4,28.3,0,0
889,2022-04-27 10:00,18.2,107,.9,0,1013.9,1015.8,26.7,0,0
889,2022-04-27 11:00,19.1,27.8,1.3,0,1014.2,1016.1,21.9,0,0
889,2022-04-27 12:00,20.7,26.7,1.7,0,1013.5,1015.4,20.7,0,0
889,2022-04-27 13:00,21.2,12.6,1.5,0,1013.1,1015,22,0,0
889,2022-04-27 14:00,22.6,323.3,1.7,0,1012.9,1014.8,21.1,0,0
889,2022-04-27 15:00,22.7,264.5,1.9,0,1012.4,1014.3,27.2,0,0
889,2022-04-27 16:00,23.1,308.2,1.4,0,1012.1,1014,25.4,0,0
889,2022-04-27 17:00,22.6,244.5,2.2,0,1012.3,1014.2,22.3,0,0
889,2022-04-27 18:00,21.2,249.5,2.1,0,1012.8,1014.7,27.9,0,0
889,2022-04-27 19:00,19.4,234.9,1.8,0,1012.7,1014.6,32,0,0
889,2022-04-27 20:00,17.2,245.1,1.4,0,1013.6,1015.5,39.4,0,0
889,2022-04-27 21:00,16.5,242.6,1.7,0,1014.6,1016.5,39.2,0,0
889,2022-04-27 22:00,14.8,234.9,.6,0,1015.2,1017.1,46.3,0,0
889,2022-04-27 23:00,12.9,0,.4,0,1015.9,1017.9,56.9,0,0
889,2022-04-28 00:00,12,223.4,.5,0,1015.8,1017.8,62,0,0
889,2022-04-28 01:00,11.4,0,.4,0,1015.8,1017.8,64.6,0,0
889,2022-04-28 02:00,11,237,.9,0,1015.8,1017.8,68.3,0,0
889,2022-04-28 03:00,11.1,236.5,.8,0,1016.1,1018.1,70.1,0,0
889,2022-04-28 04:00,11,237.1,.8,0,1016.6,1018.6,74.2,0,0
889,2022-04-28 05:00,10.1,222.7,.6,0,1016.3,1018.3,78.4,0,0
889,2022-04-28 06:00,9.7,0,.4,0,1016.4,1018.4,80.2,0,0
889,2022-04-28 07:00,12.1,0,0,0,1017.2,1019.2,73.8,0,0
889,2022-04-28 08:00,15,94.1,1.4,0,1016.2,1018.1,58.2,0,0
889,2022-04-28 09:00,17.5,62.4,1.6,0,1016,1017.9,44.5,0,0
889,2022-04-28 10:00,19.8,12.4,1.1,0,1015.7,1017.6,39.4,0,0
889,2022-04-28 11:00,20.8,255.6,.6,0,1015.6,1017.5,35.9,0,0
889,2022-04-28 12:00,22,20.1,1.7,0,1014.1,1016,31.3,0,0
889,2022-04-28 13:00,23.8,20.9,1,0,1013.9,1015.8,23.9,0,0
889,2022-04-28 14:00,24.5,17.7,1.6,0,1013,1014.9,22.9,0,0
889,2022-04-28 15:00,24.8,1.3,1.4,0,1012.3,1014.1,27.6,0,0
889,2022-04-28 16:00,22.2,259.2,2.4,0,1012.4,1014.3,38,0,0
889,2022-04-28 17:00,20.8,249.2,2.8,0,1012.5,1014.4,36.1,0,0
889,2022-04-28 18:00,20.1,237,2.7,0,1012.6,1014.5,33,0,0
889,2022-04-28 19:00,19.7,268.1,1.3,0,1012.7,1014.6,34.4,0,0
889,2022-04-28 20:00,19,260.9,1,0,1013.1,1015,40.1,0,0
889,2022-04-28 21:00,18.8,45.7,1.1,0,1013.4,1015.3,55,0,0
889,2022-04-28 22:00,18.3,35.3,1.1,0,1013,1014.9,57.7,0,0
889,2022-04-28 23:00,17.3,48.4,1.2,0,1012.9,1014.8,57.7,0,0
889,2022-04-29 00:00,16.7,29.1,1.3,0,1013.3,1015.2,61.5,0,0
889,2022-04-29 01:00,14.9,89.3,1.3,0,1013.5,1015.4,73.9,0,0
889,2022-04-29 02:00,13.1,68.6,.7,1,1013.7,1015.6,99.4,0,0
889,2022-04-29 03:00,12.4,100,.7,2,1013,1015,99.9,0,0
889,2022-04-29 04:00,11.5,68.3,.9,3,1013,1015,99.9,0,0
889,2022-04-29 05:00,11.1,55.9,.9,4,1012.9,1014.9,99.9,0,0
889,2022-04-29 06:00,10.8,57.3,.9,4,1013.2,1015.2,99.9,0,0
889,2022-04-29 07:00,10.7,158.3,.7,1.5,1013.6,1015.6,99.9,0,0
889,2022-04-29 08:00,11.1,21,.8,.5,1014.1,1016.1,99.9,0,0
889,2022-04-29 09:00,11.6,65.4,1.3,0,1014.3,1016.3,92.2,0,0
889,2022-04-29 10:00,13,65.5,1.5,0,1014.4,1016.4,81.6,0,0
889,2022-04-29 11:00,14.7,47.2,1.8,0,1014.2,1016.1,66.1,0,0
889,2022-04-29 12:00,15.4,15.4,1.6,0,1014.4,1016.3,58.2,0,0
889,2022-04-29 13:00,15.6,43.5,1.7,0,1014.1,1016,55.1,0,0
889,2022-04-29 14:00,16.1,25.3,1.5,0,1014.6,1016.5,55.9,0,0
889,2022-04-29 15:00,16.3,16.3,1.7,0,1014.6,1016.5,54.3,0,0
889,2022-04-29 16:00,16.2,24.9,1.7,0,1014.6,1016.5,55.1,0,0
889,2022-04-29 17:00,15.8,28.6,1.3,0,1015,1016.9,54.2,0,0
889,2022-04-29 18:00,15.6,35.8,.7,0,1015.1,1017,55.3,0,0
889,2022-04-29 19:00,15.3,93,1.2,0,1015.3,1017.2,54,0,0
889,2022-04-29 20:00,15,100.5,.9,0,1016.1,1018,53.7,0,0
889,2022-04-29 21:00,14.9,28.4,.8,0,1017.4,1019.3,54.2,0,0
889,2022-04-29 22:00,13.7,93.6,.9,0,1018,1020,58.4,0,0
889,2022-04-29 23:00,12.8,101.7,1,0,1018.5,1020.5,63,0,0
889,2022-04-30 00:00,12.4,42.3,.5,0,1018.7,1020.7,63.2,0,0
889,2022-04-30 01:00,11.1,96.5,.9,0,1018.6,1020.6,68.5,0,0
889,2022-04-30 02:00,9.6,0,.4,0,1018.7,1020.7,77.7,0,0
889,2022-04-30 03:00,10,0,.4,0,1018.4,1020.4,81.1,0,0
889,2022-04-30 04:00,11.4,102.6,1,0,1018.4,1020.4,69.1,0,0
889,2022-04-30 05:00,11.8,17.2,.6,0,1018.1,1020.1,64.3,0,0
889,2022-04-30 06:00,11.7,78.5,.9,0,1018.2,1020.2,66.1,0,0
889,2022-04-30 07:00,12.2,39.6,.7,0,1018,1020,64.9,0,0
889,2022-04-30 08:00,12.9,33.3,1.1,0,1017.8,1019.8,63,0,0
889,2022-04-30 09:00,14.1,350.2,.8,0,1017.8,1019.7,62.2,0,0
889,2022-04-30 10:00,15.4,245,1.5,0,1017.5,1019.4,56.9,0,0
889,2022-04-30 11:00,16.1,228.5,1.5,0,1016.8,1018.7,55.4,0,0
889,2022-04-30 12:00,16.4,215.3,2.8,0,1016.1,1018,55.5,0,0
889,2022-04-30 13:00,16.6,263.7,3,0,1015.5,1017.4,56.1,0,0
889,2022-04-30 14:00,16.9,235,2.5,0,1015.1,1017,49.6,0,0
889,2022-04-30 15:00,16.3,249,3.4,0,1014.6,1016.5,55.6,0,0
889,2022-04-30 16:00,15.2,244.5,3.6,0,1014.3,1016.2,62.5,0,0
889,2022-04-30 17:00,15,223.7,2.4,0,1013,1014.9,61.6,0,0
889,2022-04-30 18:00,13.8,238.9,3.4,0,1013.5,1015.4,65.4,0,0
889,2022-04-30 19:00,13,247.1,1.9,0,1013.9,1015.8,61,0,0
889,2022-04-30 20:00,11.8,216.4,1,0,1013.8,1015.8,71.8,0,0
889,2022-04-30 21:00,11.9,217.1,1.2,0,1014.5,1016.5,80.1,0,0
889,2022-04-30 22:00,11.1,224.6,.8,0,1015,1017,89.8,0,0
889,2022-04-30 23:00,11.1,236.8,1.4,0,1015.1,1017.1,93.2,0,0
889,2022-05-01 00:00,10.1,246.4,.8,0,1014.8,1016.8,95.3,0,0
889,2022-05-01 01:00,8,218.3,.5,0,1014.5,1016.5,99.9,0,0
889,2022-05-01 02:00,7.8,233.1,.8,0,1014.3,1016.3,99.9,0,0
889,2022-05-01 03:00,6.5,225.8,.7,0,1013.8,1015.8,99.9,0,0
889,2022-05-01 04:00,5.7,217.6,.5,0,1013.2,1015.2,99.9,0,0
889,2022-05-01 05:00,5.5,226.5,.5,0,1012.9,1014.9,98.8,0,0
889,2022-05-01 06:00,5.2,225.9,.6,0,1013.1,1015.1,99.7,0,0
889,2022-05-01 07:00,7.9,0,.1,0,1013.1,1015.1,94.1,0,0
889,2022-05-01 08:00,12,191.6,1.1,0,1013.1,1015.1,71.2,0,0
889,2022-05-01 09:00,14.1,199.5,1.2,0,1012.9,1014.8,56.8,0,0
889,2022-05-01 10:00,15.5,226.1,1.7,0,1012.6,1014.5,45.3,0,0
889,2022-05-01 11:00,17.3,242,3,0,1012.2,1014.1,34.1,0,0
889,2022-05-01 12:00,18.4,236.6,3.3,0,1011.7,1013.6,27.8,0,0
889,2022-05-01 13:00,18.4,253.6,3.5,0,1011.1,1013,23.8,0,0
889,2022-05-01 14:00,18.9,219.1,3.8,0,1010.6,1012.5,24.7,0,0
889,2022-05-01 15:00,18.6,249.5,4.7,0,1010.1,1012,24.2,0,0
889,2022-05-01 16:00,18.6,237.7,3.9,0,1009.8,1011.7,28.4,0,0
889,2022-05-01 17:00,17,236.5,3.7,0,1009.2,1011.1,34.1,0,0
889,2022-05-01 18:00,15.7,238.9,3.5,0,1009,1010.9,40,0,0
889,2022-05-01 19:00,14.6,239.7,2.8,0,1009.4,1011.3,50.5,0,0
889,2022-05-01 20:00,14,230.1,2.5,0,1009.6,1011.5,58.1,0,0
889,2022-05-01 21:00,13.1,236.7,2.1,0,1010.4,1012.3,64.4,0,0
889,2022-05-01 22:00,12.3,228.7,1.7,0,1010.5,1012.4,71.3,0,0
889,2022-05-01 23:00,11.2,0,.4,0,1010.9,1012.9,80.7,0,0
889,2022-05-02 00:00,11.1,226.4,1,0,1011,1013,87.7,0,0
889,2022-05-02 01:00,8.9,249.1,.7,0,1011,1013,98.9,0,0
889,2022-05-02 02:00,8.5,210,.5,0,1011.1,1013.1,99.9,0,0
889,2022-05-02 03:00,8,0,.3,0,1011,1013,99.9,0,0
889,2022-05-02 04:00,7.7,241.9,.5,0,1010.8,1012.8,99.9,0,0
889,2022-05-02 05:00,7.2,229.5,.7,0,1010.8,1012.8,99.9,0,0
889,2022-05-02 06:00,6.9,224.9,.5,0,1011,1013,99.9,0,0
889,2022-05-02 07:00,9.1,0,.3,0,1011.5,1013.5,99.9,0,0
889,2022-05-02 08:00,11.2,229.7,1,0,1011.9,1013.9,91.4,0,0
889,2022-05-02 09:00,13.7,161.7,.8,0,1012,1013.9,76.1,0,0
889,2022-05-02 10:00,15.8,331.6,1,0,1011.8,1013.7,54.8,0,0
889,2022-05-02 11:00,17.3,283.2,1.9,0,1011.9,1013.8,39.1,0,0
889,2022-05-02 12:00,17.7,346.4,2,0,1011.7,1013.6,30.1,0,0
889,2022-05-02 13:00,18.6,353.1,1.8,0,1011.3,1013.2,33.5,0,0
889,2022-05-02 14:00,17.6,333.4,1.9,0,1011,1012.9,31.4,0,0
889,2022-05-02 15:00,19.8,275.8,1.9,0,1010.6,1012.5,28.9,0,0
889,2022-05-02 16:00,19.1,324.2,2,0,1010.5,1012.4,27.9,0,0
889,2022-05-02 17:00,18.7,245.6,2.4,0,1010.9,1012.8,33.5,0,0
889,2022-05-02 18:00,17.6,255.3,2.6,0,1011.3,1013.2,34.8,0,0
889,2022-05-02 19:00,16.3,241.1,1.7,0,1012,1013.9,38,0,0
889,2022-05-02 20:00,14.9,232.1,1.7,0,1012.8,1014.7,44.8,0,0
889,2022-05-02 21:00,11.7,0,.2,0,1013.9,1015.9,59.2,0,0
889,2022-05-02 22:00,12.8,236.3,1.1,0,1014.4,1016.4,57.3,0,0
889,2022-05-02 23:00,11.4,239,.7,0,1014.7,1016.7,63.9,0,0
889,2022-05-03 00:00,10.1,233.8,1.1,0,1015.2,1017.2,69.1,0,0
889,2022-05-03 01:00,9,228.9,.8,0,1015.7,1017.7,73.2,0,0
889,2022-05-03 02:00,8.4,217.6,.7,0,1015.6,1017.6,77,0,0
889,2022-05-03 03:00,7.7,221.4,.5,0,1016,1018,80.3,0,0
889,2022-05-03 04:00,7.2,232.3,.6,0,1016.3,1018.3,83.4,0,0
889,2022-05-03 05:00,6.8,230.4,.8,0,1016.5,1018.5,90.5,0,0
889,2022-05-03 06:00,6.9,226.1,.9,0,1017.1,1019.1,95.5,0,0
889,2022-05-03 07:00,9.9,0,.3,0,1017.7,1019.7,85.8,0,0
889,2022-05-03 08:00,12.3,163.3,.8,0,1018,1020,75.3,0,0
889,2022-05-03 09:00,14.8,213.6,.5,0,1018.3,1020.2,57.4,0,0
889,2022-05-03 10:00,16.7,248.9,1.8,0,1018.4,1020.3,36.7,0,0
889,2022-05-03 11:00,17.8,246.5,2.5,0,1018.2,1020.1,33.7,0,0
889,2022-05-03 12:00,18.9,233.8,2.8,0,1017.7,1019.6,34,0,0
889,2022-05-03 13:00,19.7,227.5,2.7,0,1017.5,1019.4,30.8,0,0
889,2022-05-03 14:00,20.2,240.5,2.3,0,1017.2,1019.1,27.3,0,0
889,2022-05-03 15:00,19.9,243,3.3,0,1017,1018.9,27.4,0,0
889,2022-05-03 16:00,20.1,217.6,2.8,0,1016.8,1018.7,29.1,0,0
889,2022-05-03 17:00,19.4,242.2,2.8,0,1016.9,1018.8,31.2,0,0
889,2022-05-03 18:00,18.6,218.5,2.5,0,1016.8,1018.7,32.7,0,0
889,2022-05-03 19:00,16.6,207.6,2,0,1016.8,1018.7,38.4,0,0
889,2022-05-03 20:00,13.7,0,.4,0,1017.3,1019.2,48.6,0,0
889,2022-05-03 21:00,12,220.4,1,0,1017.7,1019.7,55.6,0,0
889,2022-05-03 22:00,11.8,222.4,.7,0,1018.1,1020.1,58.6,0,0
889,2022-05-03 23:00,10.5,0,.3,0,1018.3,1020.3,65.5,0,0
889,2022-05-04 00:00,9.5,228.7,.7,0,1018.3,1020.3,61.6,0,0
889,2022-05-04 01:00,9.1,221,.6,0,1018.1,1020.1,67.1,0,0
889,2022-05-04 02:00,8.6,236.1,.7,0,1017.7,1019.7,66.9,0,0
889,2022-05-04 03:00,8.4,233.6,.7,0,1017.8,1019.8,66.6,0,0
889,2022-05-04 04:00,8,231.1,.6,0,1017.5,1019.5,70.6,0,0
889,2022-05-04 05:00,7.7,238.4,.5,0,1017.6,1019.6,72.7,0,0
889,2022-05-04 06:00,7.8,230.1,.5,0,1017.7,1019.7,74,0,0
889,2022-05-04 07:00,10.5,0,.1,0,1018.1,1020.1,69.2,0,0
889,2022-05-04 08:00,15.1,57.4,.6,0,1018.1,1020,43.1,0,0
889,2022-05-04 09:00,17.3,18.9,1.5,0,1018.2,1020.1,42.6,0,0
889,2022-05-04 10:00,20.7,202.9,.9,0,1018.1,1020,31.1,0,0
889,2022-05-04 11:00,21.6,240.3,1.4,0,1017.8,1019.7,33.1,0,0
889,2022-05-04 12:00,23.1,241.7,2.2,0,1017.2,1019.1,36.2,0,0
889,2022-05-04 13:00,24.9,239.2,2.2,0,1016.7,1018.6,36.1,0,0
889,2022-05-04 14:00,25.6,237.2,3.1,0,1016.2,1018.1,35.8,0,0
889,2022-05-04 15:00,24.9,254.2,3.4,0,1015.8,1017.7,36.2,0,0
889,2022-05-04 16:00,24.3,253.1,3.3,0,1015.5,1017.4,35.5,0,0
889,2022-05-04 17:00,23.5,238.8,3.2,0,1015.6,1017.5,34.4,0,0
889,2022-05-04 18:00,22.4,246.3,2.4,0,1015.8,1017.7,37.7,0,0
889,2022-05-04 19:00,20.9,235.5,1.6,0,1015.9,1017.8,40.7,0,0
889,2022-05-04 20:00,18.5,183.7,1.1,0,1016.5,1018.4,49.2,0,0
889,2022-05-04 21:00,17.2,214.1,1,0,1017.2,1019.1,51.2,0,0
889,2022-05-04 22:00,14.6,0,.2,0,1017.7,1019.6,61.1,0,0
889,2022-05-04 23:00,13.3,232.6,.5,0,1017.9,1019.9,65.1,0,0
889,2022-05-05 00:00,12.5,0,.4,0,1018.2,1020.2,65.6,0,0
889,2022-05-05 01:00,12.1,179.9,.5,0,1018,1020,67.9,0,0
889,2022-05-05 02:00,11.3,230.3,.6,0,1018.1,1020.1,65.9,0,0
889,2022-05-05 03:00,10.7,230.2,.6,0,1017.8,1019.8,66.2,0,0
889,2022-05-05 04:00,10.2,233.5,.6,0,1017.9,1019.9,72.2,0,0
889,2022-05-05 05:00,9.6,233.2,.6,0,1017.9,1019.9,72.4,0,0
889,2022-05-05 06:00,9.7,0,.4,0,1018.2,1020.2,72.9,0,0
889,2022-05-05 07:00,12.3,0,0,0,1018.5,1020.5,68.3,0,0
889,2022-05-05 08:00,16.4,0,.2,0,1018.8,1020.7,51.8,0,0
889,2022-05-05 09:00,20,339.8,.7,0,1018.8,1020.7,37.5,0,0
889,2022-05-05 10:00,20.7,222.8,1.1,0,1019.1,1021,31.7,0,0
889,2022-05-05 11:00,21.9,269,2,0,1018.9,1020.8,40.3,0,0
889,2022-05-05 12:00,23.1,282.2,2.1,0,1018.5,1020.4,39.3,0,0
889,2022-05-05 13:00,22.9,242.6,3,0,1017.6,1019.5,37.2,0,0
889,2022-05-05 14:00,24.1,254.8,2.4,0,1016.9,1018.8,34.4,0,0
889,2022-05-05 15:00,25,235.9,2,0,1016,1017.9,37.1,0,0
889,2022-05-05 16:00,25.9,235,2.3,0,1015.2,1017.1,42.1,0,0
889,2022-05-05 17:00,23.6,234.6,2.7,0,1014.8,1016.7,44.1,0,0
889,2022-05-05 18:00,22.4,251.8,2.5,0,1014.9,1016.8,49.8,0,0
889,2022-05-05 19:00,20.5,251.7,1.8,0,1015,1016.9,54.9,0,0
889,2022-05-05 20:00,19.3,231.6,1.9,0,1015.5,1017.4,59,0,0
889,2022-05-05 21:00,16.4,224.7,.8,0,1015.9,1017.8,69.8,0,0
889,2022-05-05 22:00,15,231.4,.7,0,1016.2,1018.1,76.2,0,0
889,2022-05-05 23:00,14.3,216.4,.5,0,1016.1,1018,82,0,0
889,2022-05-06 00:00,13.6,0,.4,0,1016.2,1018.1,89.6,0,0
889,2022-05-06 01:00,13.4,223.3,.5,0,1016.2,1018.2,92.1,0,0
889,2022-05-06 02:00,13,225.8,.5,0,1016.3,1018.3,94.9,0,0
889,2022-05-06 03:00,12.6,225.3,.5,0,1016.1,1018.1,98.4,0,0
889,2022-05-06 04:00,12,237.4,.7,0,1015.9,1017.9,99.9,0,0
889,2022-05-06 05:00,11.9,0,.3,0,1015.7,1017.7,99.9,0,0
889,2022-05-06 06:00,11.7,0,0,0,1015.6,1017.6,99.9,0,0
889,2022-05-06 07:00,15.2,0,.1,0,1015.9,1017.8,92.9,0,0
889,2022-05-06 08:00,18,20,1.1,0,1015.7,1017.6,79,0,0
889,2022-05-06 09:00,19.8,9,1.3,0,1015.7,1017.6,67,0,0
889,2022-05-06 10:00,22.3,22.9,1.1,0,1015.4,1017.3,59,0,0
889,2022-05-06 11:00,22.6,260,2.2,0,1015.3,1017.2,55.2,0,0
889,2022-05-06 12:00,23.7,249.6,2.6,0,1015.1,1017,47.8,0,0
889,2022-05-06 13:00,24.6,227.8,2.5,0,1014.8,1016.7,46.4,0,0
889,2022-05-06 14:00,25.3,256.9,2.2,0,1014.1,1016,43.7,0,0
889,2022-05-06 15:00,24,264.2,2.4,0,1013.6,1015.5,47.5,0,0
889,2022-05-06 16:00,24.8,226.4,2.3,0,1013.1,1015,41.5,0,0
889,2022-05-06 17:00,24.7,231.4,2.3,0,1013,1014.9,38.9,0,0
889,2022-05-06 18:00,23.4,248.1,1.5,0,1013,1014.9,47.3,0,0
889,2022-05-06 19:00,21.7,293,1.7,0,1013.7,1015.6,59.8,0,0
889,2022-05-06 20:00,19.4,253.6,1.8,0,1013.9,1015.8,81.9,0,0
889,2022-05-06 21:00,18.9,244.4,1.4,0,1014.4,1016.3,86.5,0,0
889,2022-05-06 22:00,18.6,239.5,1.6,0,1014.6,1016.5,89.9,0,0
889,2022-05-06 23:00,17.2,242.3,.7,0,1014.4,1016.3,96.4,0,0
889,2022-05-07 00:00,18,236.1,1.9,0,1014.7,1016.6,93.5,0,0
889,2022-05-07 01:00,18.2,247.4,1.1,0,1014.6,1016.5,91.9,0,0
889,2022-05-07 02:00,18,269.6,1.3,0,1014.5,1016.4,93.2,0,0
889,2022-05-07 03:00,16.8,238.2,1.5,0,1014.6,1016.5,98,0,0
889,2022-05-07 04:00,16.9,215,1.1,0,1014.6,1016.5,96.1,0,0
889,2022-05-07 05:00,16,219.4,1.5,0,1014.7,1016.6,99.9,0,0
889,2022-05-07 06:00,16.2,238.7,2.3,0,1014.4,1016.3,96.6,0,0
889,2022-05-07 07:00,15.7,223.9,1.7,0,1015.1,1017,97.7,0,0
889,2022-05-07 08:00,15.6,243.2,2.1,0,1015.7,1017.6,96.1,0,0
889,2022-05-07 09:00,16.5,254.9,2.1,0,1016,1017.9,88.7,0,0
889,2022-05-07 10:00,18,266.9,1.2,0,1016.2,1018.1,80.9,0,0
889,2022-05-07 11:00,19,263.8,1.3,0,1016.3,1018.2,63.1,0,0
889,2022-05-07 12:00,21.9,285.6,1.7,0,1015.7,1017.6,43.8,0,0
889,2022-05-07 13:00,22.9,357.7,1.8,0,1014.7,1016.6,29,0,0
889,2022-05-07 14:00,23,284,2.4,0,1014.5,1016.4,23.6,0,0
889,2022-05-07 15:00,22.8,270.3,2.8,0,1014.5,1016.4,23.7,0,0
889,2022-05-07 16:00,23.1,266.5,2.1,0,1014.5,1016.4,21,0,0
889,2022-05-07 17:00,22,272.4,1.8,0,1014.6,1016.5,22,0,0
889,2022-05-07 18:00,20.9,242.5,1,0,1014.6,1016.5,25.2,0,0
889,2022-05-07 19:00,19.9,299.2,.8,0,1015.2,1017.1,26.8,0,0
889,2022-05-07 20:00,19.3,266.2,1.2,0,1015.7,1017.6,30.4,0,0
889,2022-05-07 21:00,18.4,259.8,.9,0,1016.4,1018.3,32.8,0,0
889,2022-05-07 22:00,15.7,228,.9,0,1017.1,1019,42.4,0,0
889,2022-05-07 23:00,14.7,0,.3,0,1017.1,1019,47.5,0,0
889,2022-05-08 00:00,14.3,245,.6,0,1017.2,1019.1,51.3,0,0
889,2022-05-08 01:00,17,94.9,.8,0,1017.7,1019.6,45,0,0
889,2022-05-08 02:00,16.3,107.5,1,0,1017.4,1019.3,45.9,0,0
889,2022-05-08 03:00,15.7,207.3,.7,0,1017.4,1019.3,46.6,0,0
889,2022-05-08 04:00,15,0,.3,0,1017.1,1019,48.8,0,0
889,2022-05-08 05:00,15.7,185.1,.5,0,1017.7,1019.6,41.5,0,0
889,2022-05-08 06:00,14.3,0,.3,0,1018.4,1020.3,49.6,0,0
889,2022-05-08 07:00,16.2,80.9,1.4,0,1018.9,1020.8,38.1,0,0
889,2022-05-08 08:00,16.1,66.7,1.1,0,1019,1020.9,40,0,0
889,2022-05-08 09:00,16.4,64.2,1.7,0,1018.7,1020.6,41.4,0,0
889,2022-05-08 10:00,16.9,92.4,.8,0,1018.9,1020.8,41.3,0,0
889,2022-05-08 11:00,17.5,67,1.2,0,1019.1,1021,37.3,0,0
889,2022-05-08 12:00,18,167.6,.7,0,1018,1019.9,37.6,0,0
889,2022-05-08 13:00,17.7,83.5,1.1,0,1018.2,1020.1,39.4,0,0
889,2022-05-08 14:00,17.6,150.7,.5,0,1017.4,1019.3,39.8,0,0
889,2022-05-08 15:00,17.9,89.6,.9,0,1016.7,1018.6,40.2,0,0
889,2022-05-08 16:00,17.9,38.7,1,0,1016.2,1018.1,40,0,0
889,2022-05-08 17:00,17.3,0,.4,0,1015.8,1017.7,44.2,0,0
889,2022-05-08 18:00,17.1,0,.4,0,1015.8,1017.7,45.7,0,0
889,2022-05-08 19:00,16.2,33,1.2,0,1016.1,1018,53.2,0,0
889,2022-05-08 20:00,14.2,27.2,1.6,0,1016.8,1018.7,69.2,0,0
889,2022-05-08 21:00,12.4,104.4,.9,0,1017.4,1019.4,91.2,0,0
889,2022-05-08 22:00,11.7,0,.4,1.5,1017.9,1019.9,99.9,0,0
889,2022-05-08 23:00,11.7,102.3,1.5,.5,1017.5,1019.5,98,0,0
889,2022-05-09 00:00,11.5,111.4,1.1,0,1017.1,1019.1,99.9,0,0
889,2022-05-09 01:00,12.1,82.1,1.4,0,1016.9,1018.9,89.5,0,0
889,2022-05-09 02:00,11.3,82.6,.7,0,1016.5,1018.5,99.4,0,0
889,2022-05-09 03:00,11.9,356,.7,0,1017.1,1019.1,93.6,0,0
889,2022-05-09 04:00,10.7,223.9,.5,0,1017.4,1019.4,99.9,0,0
889,2022-05-09 05:00,10.5,225.4,.5,0,1017.6,1019.6,99.9,0,0
889,2022-05-09 06:00,10,0,.4,0,1017.8,1019.8,99.9,0,0
889,2022-05-09 07:00,10.9,0,.3,0,1018.4,1020.4,99.9,0,0
889,2022-05-09 08:00,14.1,12,1,0,1018.6,1020.5,78.2,0,0
889,2022-05-09 09:00,16,18.6,1.5,0,1018.5,1020.4,68.9,0,0
889,2022-05-09 10:00,17.1,20.3,1.8,0,1018.3,1020.2,57.1,0,0
889,2022-05-09 11:00,18.7,22,2.1,0,1018,1019.9,50.5,0,0
889,2022-05-09 12:00,20.6,24.8,1.9,0,1017.3,1019.2,46.6,0,0
889,2022-05-09 13:00,23.2,18,1.7,0,1016.2,1018.1,43.5,0,0
889,2022-05-09 14:00,22.8,31.5,1.7,0,1015.5,1017.4,34.9,0,0
889,2022-05-09 15:00,24.3,20.8,2.5,0,1014.8,1016.7,35.8,0,0
889,2022-05-09 16:00,25.1,60.2,1.5,0,1014.4,1016.3,33.9,0,0
889,2022-05-09 17:00,25.5,52.1,.8,0,1014.2,1016.1,33.8,0,0
889,2022-05-09 18:00,25.1,0,.4,0,1014.1,1016,32.4,0,0
889,2022-05-09 19:00,20.4,230.6,1,0,1014.3,1016.2,49.7,0,0
889,2022-05-09 20:00,18.7,0,.1,0,1015,1016.9,56.4,0,0
889,2022-05-09 21:00,16.6,0,.3,0,1016.2,1018.1,66.9,0,0
889,2022-05-09 22:00,15.3,235.2,.5,0,1016.4,1018.3,71.3,0,0
889,2022-05-09 23:00,14.4,217.4,.5,0,1016.3,1018.2,74.4,0,0
889,2022-05-10 00:00,13.3,235.2,.6,0,1016.3,1018.3,78.5,0,0
889,2022-05-10 01:00,12.4,237.9,.6,0,1016,1018,79.7,0,0
889,2022-05-10 02:00,11.7,218.9,.5,0,1016,1018,70,0,0
889,2022-05-10 03:00,11.8,0,.3,0,1016.2,1018.2,68.5,0,0
889,2022-05-10 04:00,11.8,228.1,.6,0,1016.3,1018.3,63.2,0,0
889,2022-05-10 05:00,11.6,233.9,.5,0,1016.2,1018.2,69,0,0
889,2022-05-10 06:00,11.5,239.2,.6,0,1016.3,1018.3,69,0,0
889,2022-05-10 07:00,13.7,0,0,0,1016.7,1018.6,72.4,0,0
889,2022-05-10 08:00,16.8,71.7,.8,0,1017,1018.9,48.4,0,0
889,2022-05-10 09:00,19.2,47.4,1.2,0,1016.7,1018.6,34.7,0,0
889,2022-05-10 10:00,20.5,67.6,1.8,0,1016.4,1018.3,31.3,0,0
889,2022-05-10 11:00,22.3,337.3,1.3,0,1015.8,1017.7,25.1,0,0
889,2022-05-10 12:00,23.5,47.1,1.4,0,1015.1,1017,23.1,0,0
889,2022-05-10 13:00,24.8,81.8,1.4,0,1014.4,1016.3,19.1,0,0
889,2022-05-10 14:00,25.1,240.1,1.3,0,1013.4,1015.3,18.2,0,0
889,2022-05-10 15:00,25,82.9,.9,0,1012.6,1014.5,21.1,0,0
889,2022-05-10 16:00,25.7,94.9,.9,0,1012.1,1014,20.2,0,0
889,2022-05-10 17:00,26.4,80.8,1.1,0,1011.7,1013.6,20,0,0
889,2022-05-10 18:00,24.2,0,.4,0,1011.6,1013.5,24.9,0,0
889,2022-05-10 19:00,21.9,334.1,1.8,0,1012.1,1014,30.7,0,0
889,2022-05-10 20:00,21.2,246.6,2,0,1012.7,1014.6,29.2,0,0
889,2022-05-10 21:00,20.5,240.4,2.1,0,1013.3,1015.2,29,0,0
889,2022-05-10 22:00,19.9,246.9,1.2,0,1013.7,1015.6,32.6,0,0
889,2022-05-10 23:00,19.7,239.3,1.5,0,1013.8,1015.7,34.3,0,0
889,2022-05-11 00:00,18.6,230.8,.7,0,1013.6,1015.5,41.6,0,0
889,2022-05-11 01:00,17.1,235.2,.6,0,1013.5,1015.4,54.9,0,0
889,2022-05-11 02:00,17.4,0,.4,0,1013.8,1015.7,52.7,0,0
889,2022-05-11 03:00,16.3,0,0,0,1013.4,1015.3,59.1,0,0
889,2022-05-11 04:00,16,0,.4,0,1013.5,1015.4,61.3,0,0
889,2022-05-11 05:00,15.8,221.1,.6,0,1013.4,1015.3,62,0,0
889,2022-05-11 06:00,16.9,217.7,.9,0,1013.9,1015.8,58.2,0,0
889,2022-05-11 07:00,17.1,198.9,.6,0,1014.2,1016.1,66.3,0,0
889,2022-05-11 08:00,18.3,243.6,1.5,0,1014.4,1016.3,55.7,0,0
889,2022-05-11 09:00,19.7,267.9,1.5,0,1014.5,1016.4,47.3,0,0
889,2022-05-11 10:00,21.9,204.1,.7,0,1014.2,1016.1,42.9,0,0
889,2022-05-11 11:00,22.3,16.6,1.8,0,1014.1,1016,42.2,0,0
889,2022-05-11 12:00,23.6,353.5,1.7,0,1014,1015.9,39.5,0,0
889,2022-05-11 13:00,23.6,345.3,1.8,0,1013.4,1015.3,40.6,0,0
889,2022-05-11 14:00,24,1.7,1.4,0,1012.7,1014.6,37.1,0,0
889,2022-05-11 15:00,24.7,267.4,1.8,0,1012.5,1014.4,37.8,0,0
889,2022-05-11 16:00,23.4,223.7,2.2,0,1012.1,1014,41.2,0,0
889,2022-05-11 17:00,22.8,245.6,2,0,1012.3,1014.2,44.8,0,0
889,2022-05-11 18:00,21.3,234.8,2.8,0,1012.2,1014.1,48.4,0,0
889,2022-05-11 19:00,19.9,238,2,0,1012.5,1014.4,51.2,0,0
889,2022-05-11 20:00,18.6,229.8,1.8,0,1012.9,1014.8,57,0,0
889,2022-05-11 21:00,18.3,233.9,2,0,1013.2,1015.1,57.7,0,0
889,2022-05-11 22:00,18.2,235.8,2.1,0,1014,1015.9,55.9,0,0
889,2022-05-11 23:00,16,0,0,0,1013.8,1015.7,67.9,0,0
889,2022-05-12 00:00,15.1,0,.2,0,1013.4,1015.3,73.4,0,0
889,2022-05-12 01:00,14.6,0,.1,0,1012.8,1014.7,76.7,0,0
889,2022-05-12 02:00,14.2,234.7,.6,0,1012.7,1014.6,80.4,0,0
889,2022-05-12 03:00,15.1,0,.4,0,1012.5,1014.4,73.9,0,0
889,2022-05-12 04:00,13.2,0,.3,0,1012,1013.9,88.9,0,0
889,2022-05-12 05:00,12.7,230.5,.6,0,1012.1,1014,91.9,0,0
889,2022-05-12 06:00,12.8,216.9,.5,0,1012.1,1014,90.7,0,0
889,2022-05-12 07:00,15.1,0,0,0,1011.9,1013.8,86.1,0,0
889,2022-05-12 08:00,18.3,344.5,.9,0,1011.8,1013.7,65.6,0,0
889,2022-05-12 09:00,20,21.9,1.4,0,1011.4,1013.3,58.1,0,0
889,2022-05-12 10:00,21.2,29.1,.8,0,1010.9,1012.8,53.1,0,0
889,2022-05-12 11:00,23.6,13.3,1.2,0,1010.5,1012.4,46.8,0,0
889,2022-05-12 12:00,24.5,327,1.2,0,1009.7,1011.5,45.9,0,0
889,2022-05-12 13:00,26.4,8.9,.8,0,1008.8,1010.6,39.2,0,0
889,2022-05-12 14:00,26.4,1.5,1.5,0,1008.1,1009.9,39.8,0,0
889,2022-05-12 15:00,26.5,312.1,1.5,0,1007.4,1009.2,36.3,0,0
889,2022-05-12 16:00,27.5,327.3,1.2,0,1007.1,1008.9,36.6,0,0
889,2022-05-12 17:00,26.4,259.2,1.8,0,1006.9,1008.7,34.2,0,0
889,2022-05-12 18:00,25.2,239.1,2.4,0,1006.5,1008.4,37.9,0,0
889,2022-05-12 19:00,23.5,263.1,1.7,0,1007.2,1009.1,39.7,0,0
889,2022-05-12 20:00,21.8,240.2,1.7,0,1007.7,1009.6,43.7,0,0
889,2022-05-12 21:00,18.8,0,0,0,1007.9,1009.8,54.4,0,0
889,2022-05-12 22:00,19.2,0,0,0,1007.9,1009.8,56.3,0,0
889,2022-05-12 23:00,18,0,.4,0,1007.7,1009.6,62.3,0,0
889,2022-05-13 00:00,17.3,229.4,.9,0,1007.4,1009.3,64.1,0,0
889,2022-05-13 01:00,17.1,0,0,0,1007.8,1009.7,66.1,0,0
889,2022-05-13 02:00,15.9,0,.2,0,1007.4,1009.3,71.8,0,0
889,2022-05-13 03:00,17.6,251.9,.9,0,1007.7,1009.6,53.4,0,0
889,2022-05-13 04:00,14.6,0,.1,0,1007.1,1009,65.9,0,0
889,2022-05-13 05:00,14.1,235.8,.5,0,1007.2,1009.1,68.9,0,0
889,2022-05-13 06:00,14.1,0,.3,0,1007.1,1009,70.4,0,0
889,2022-05-13 07:00,15.3,0,.3,0,1007.2,1009.1,66.8,0,0
889,2022-05-13 08:00,18.8,17.1,1.4,0,1006.9,1008.8,49.2,0,0
889,2022-05-13 09:00,20.3,341.9,.9,0,1006.9,1008.8,47.9,0,0
889,2022-05-13 10:00,20.6,9.9,1.3,0,1006.2,1008.1,45.9,0,0
889,2022-05-13 11:00,22.4,21.9,.9,0,1005.8,1007.7,43.7,0,0
889,2022-05-13 12:00,23.1,4.5,1.2,0,1005.3,1007.2,44.8,0,0
889,2022-05-13 13:00,23.3,343,1.3,0,1004.8,1006.7,40,0,0
889,2022-05-13 14:00,24.1,320.5,1.4,0,1004.5,1006.3,35.6,0,0
889,2022-05-13 15:00,23.7,317.9,1.4,0,1004.2,1006,33.3,0,0
889,2022-05-13 16:00,24.2,277.3,1.5,0,1003.6,1005.4,31.7,0,0
889,2022-05-13 17:00,23.2,348,1.8,0,1003.7,1005.6,31.6,0,0
889,2022-05-13 18:00,22.1,302.8,2.2,0,1004.1,1006,35.2,0,0
889,2022-05-13 19:00,,,,0,,,,0,0
889,2022-05-13 20:00,19,319.2,1.4,0,1005.6,1007.5,44.7,0,0
889,2022-05-13 21:00,18,33.9,.8,0,1006.2,1008.1,50.9,0,0
889,2022-05-13 22:00,15.1,227.5,.5,0,1007,1008.9,62.1,0,0
889,2022-05-13 23:00,16.6,257.3,1.2,0,1007.5,1009.4,52.7,0,0
889,2022-05-14 00:00,15.7,308.3,.8,0,1007.9,1009.8,55.1,0,0
889,2022-05-14 01:00,14.4,241.7,.6,0,1007.9,1009.8,60.2,0,0
889,2022-05-14 02:00,12.4,221.9,.6,0,1007.8,1009.7,68.7,0,0
889,2022-05-14 03:00,11.3,0,.4,0,1007.9,1009.9,71.9,0,0
889,2022-05-14 04:00,13.9,233.5,2,0,1008.2,1010.1,63.9,0,0
889,2022-05-14 05:00,11.6,233.1,1.4,0,1008.5,1010.5,68.4,0,0
889,2022-05-14 06:00,10.6,223.6,.7,0,1008.9,1010.9,74.3,0,0
889,2022-05-14 07:00,14.7,236.4,1.5,0,1009.5,1011.4,56.8,0,0
889,2022-05-14 08:00,16.4,288.6,1.6,0,1009.6,1011.5,36.5,0,0
889,2022-05-14 09:00,17.7,285.7,2,0,1010.2,1012.1,36.6,0,0
889,2022-05-14 10:00,18.4,307.1,1.8,0,1010.4,1012.3,33.5,0,0
889,2022-05-14 11:00,18.2,251.3,2.7,0,1010.7,1012.6,37.1,0,0
889,2022-05-14 12:00,18.9,249.2,3.2,0,1010.6,1012.5,32.8,0,0
889,2022-05-14 13:00,19.1,232.7,3.9,0,1010.2,1012.1,37.1,0,0
889,2022-05-14 14:00,19.5,236.9,2.9,0,1010.1,1012,34.1,0,0
889,2022-05-14 15:00,19.2,250.8,2.9,0,1010.1,1012,35.9,0,0
889,2022-05-14 16:00,18.5,245,3.7,0,1009.8,1011.7,38.7,0,0
889,2022-05-14 17:00,18.9,234.5,3.7,0,1010.1,1012,30.1,0,0
889,2022-05-14 18:00,17.9,245,3.1,0,1010.8,1012.7,34.5,0,0
889,2022-05-14 19:00,16.6,243.4,3,0,1011.7,1013.6,37.7,0,0
889,2022-05-14 20:00,15.9,243.7,2.9,0,1012.5,1014.4,42.3,0,0
889,2022-05-14 21:00,15.3,243.8,1.6,0,1013.2,1015.1,47.6,0,0
889,2022-05-14 22:00,15.3,249.3,1,0,1013.6,1015.5,42.6,0,0
889,2022-05-14 23:00,15.4,278.3,1.5,0,1013.8,1015.7,39.1,0,0
889,2022-05-15 00:00,14.8,270,1.1,0,1014.1,1016,42.8,0,0
889,2022-05-15 01:00,14,251.1,1.2,0,1014.2,1016.1,47.5,0,0
889,2022-05-15 02:00,12.5,279.2,.9,0,1013.8,1015.8,53.2,0,0
889,2022-05-15 03:00,11.1,226.8,.7,0,1013.9,1015.9,57,0,0
889,2022-05-15 04:00,8.9,232.8,.7,0,1013.8,1015.8,69.3,0,0
889,2022-05-15 05:00,8.4,235.5,.8,0,1013.9,1015.9,72.5,0,0
889,2022-05-15 06:00,8.3,221.8,.8,0,1014.1,1016.1,76.8,0,0
889,2022-05-15 07:00,13,238.1,1,0,1014.4,1016.4,54.9,0,0
889,2022-05-15 08:00,14.9,258.2,1,0,1014.4,1016.3,45.9,0,0
889,2022-05-15 09:00,16.6,295.7,1.6,0,1014.6,1016.5,38.7,0,0
889,2022-05-15 10:00,17.9,272.3,2.2,0,1014.7,1016.6,35.1,0,0
889,2022-05-15 11:00,19,305.6,1.2,0,1013.7,1015.6,30.4,0,0
889,2022-05-15 12:00,20.1,291,2.1,0,1013.1,1015,26.7,0,0
889,2022-05-15 13:00,20.4,335.6,1.6,0,1012.3,1014.2,26.5,0,0
889,2022-05-15 14:00,20.5,286.6,1.9,0,1011.5,1013.4,25.8,0,0
889,2022-05-15 15:00,21,278.9,2.7,0,1010.8,1012.7,30.6,0,0
889,2022-05-15 16:00,21,249.1,2.9,0,1010.4,1012.3,28.9,0,0
889,2022-05-15 17:00,20.8,271.6,2.3,0,1010.5,1012.4,24.2,0,0
889,2022-05-15 18:00,19.8,239.4,2.3,0,1010.2,1012.1,28.9,0,0
889,2022-05-15 19:00,17.5,222.1,2,0,1010.2,1012.1,32.5,0,0
889,2022-05-15 20:00,16,233.4,2.7,0,1010.8,1012.7,37.6,0,0
889,2022-05-15 21:00,14.9,227.6,1.6,0,1011.3,1013.2,45.1,0,0
889,2022-05-15 22:00,13.1,222.7,.8,0,1011.9,1013.8,54.4,0,0
889,2022-05-15 23:00,11.7,228.7,.7,0,1012.2,1014.2,58.4,0,0
889,2022-05-16 00:00,11.1,219,.6,0,1012.3,1014.3,59.4,0,0
889,2022-05-16 01:00,9.7,237.8,.6,0,1012.1,1014.1,69.7,0,0
889,2022-05-16 02:00,9.8,223.4,.8,0,1011.8,1013.8,72.8,0,0
889,2022-05-16 03:00,8.7,0,.3,0,1011.6,1013.6,79.1,0,0
889,2022-05-16 04:00,8.4,214.1,.6,0,1011.1,1013.1,83,0,0
889,2022-05-16 05:00,8.4,225.8,.9,0,1011,1013,86.8,0,0
889,2022-05-16 06:00,8.5,218.8,.5,0,1011.1,1013.1,90.7,0,0
889,2022-05-16 07:00,12,0,0,0,1011.3,1013.3,76.3,0,0
889,2022-05-16 08:00,15.2,85.4,.8,0,1011.2,1013.1,55.7,0,0
889,2022-05-16 09:00,18.1,208.3,1.6,0,1010.8,1012.7,50.4,0,0
889,2022-05-16 10:00,18.8,231.6,2.3,0,1010.6,1012.5,48.2,0,0
889,2022-05-16 11:00,20.3,240,2.2,0,1009.9,1011.8,44.7,0,0
889,2022-05-16 12:00,23.4,221.6,2.3,0,1009.4,1011.3,40.9,0,0
889,2022-05-16 13:00,23.8,222.6,2.6,0,1008.9,1010.8,38.9,0,0
889,2022-05-16 14:00,23.8,258.2,3.2,0,1008.2,1010.1,38.5,0,0
889,2022-05-16 15:00,23.1,249,3.1,0,1008,1009.9,39.9,0,0
889,2022-05-16 16:00,22.5,233.9,3.5,0,1007.3,1009.2,39.9,0,0
889,2022-05-16 17:00,22.7,223.5,3,0,1007.2,1009.1,39.2,0,0
889,2022-05-16 18:00,21.6,224.5,2.8,0,1007.4,1009.3,43.6,0,0
889,2022-05-16 19:00,20,222,1.2,0,1008.1,1010,47.6,0,0
889,2022-05-16 20:00,18.6,230.2,2.2,0,1008.8,1010.7,54.9,0,0
889,2022-05-16 21:00,17.4,215.4,2.1,0,1009.8,1011.7,65.3,0,0
889,2022-05-16 22:00,16.2,193.8,1.2,0,1010.5,1012.4,72.9,0,0
889,2022-05-16 23:00,14.3,197,.8,0,1010.4,1012.3,81.6,0,0
889,2022-05-17 00:00,14.1,250.6,.6,0,1010.7,1012.6,87.7,0,0
889,2022-05-17 01:00,12.7,0,.4,0,1010.8,1012.7,94.8,0,0
889,2022-05-17 02:00,12.5,0,.4,0,1010.9,1012.8,96,0,0
889,2022-05-17 03:00,11.7,229.7,.6,0,1011.1,1013.1,99,0,0
889,2022-05-17 04:00,11.1,230.6,.5,0,1010.8,1012.8,99.9,0,0
889,2022-05-17 05:00,10.9,0,.3,0,1010.8,1012.8,99.9,0,0
889,2022-05-17 06:00,11.2,0,.4,0,1011.2,1013.2,99.9,0,0
889,2022-05-17 07:00,15.2,82.9,.9,0,1011.4,1013.3,80.9,0,0
889,2022-05-17 08:00,17.1,72.7,1.1,0,1011.7,1013.6,70,0,0
889,2022-05-17 09:00,19.5,79.4,.9,0,1011.7,1013.6,58.6,0,0
889,2022-05-17 10:00,21.2,242.5,1.9,0,1011.6,1013.5,52.3,0,0
889,2022-05-17 11:00,22.8,230.9,1.5,0,1011.4,1013.3,47.6,0,0
889,2022-05-17 12:00,24.9,206.4,1.6,0,1011,1012.8,42.2,0,0
889,2022-05-17 13:00,25.4,217.3,1.3,0,1010.6,1012.5,40.7,0,0
889,2022-05-17 14:00,27.2,217.4,1.3,0,1010.1,1011.9,39.8,0,0
889,2022-05-17 15:00,26.9,232.1,2.7,0,1009.7,1011.5,37.1,0,0
889,2022-05-17 16:00,27,221.7,2.6,0,1009.8,1011.6,43.7,0,0
889,2022-05-17 17:00,25.1,238.6,2.5,0,1010,1011.9,48.2,0,0
889,2022-05-17 18:00,23.6,258.2,2.6,0,1010.1,1012,52.2,0,0
889,2022-05-17 19:00,22.4,248.1,2,0,1010.4,1012.3,56.7,0,0
889,2022-05-17 20:00,20.7,237.3,1.4,0,1011.2,1013.1,62.5,0,0
889,2022-05-17 21:00,17.7,224.9,.6,0,1012,1013.9,74.5,0,0
889,2022-05-17 22:00,16.6,219.8,.8,0,1012.5,1014.4,79.7,0,0
889,2022-05-17 23:00,18.1,242.5,2.2,0,1012.9,1014.8,70.7,0,0
889,2022-05-18 00:00,17.5,238.5,1.8,0,1013.5,1015.4,74.4,0,0
889,2022-05-18 01:00,14.8,0,.1,0,1013.9,1015.8,91.9,0,0
889,2022-05-18 02:00,14.1,0,.3,0,1013.9,1015.8,95.8,0,0
889,2022-05-18 03:00,13.5,0,.4,0,1014.1,1016,98.9,0,0
889,2022-05-18 04:00,13.7,0,.4,0,1014.2,1016.1,99.1,0,0
889,2022-05-18 05:00,14.2,222,.6,0,1014,1015.9,97.6,0,0
889,2022-05-18 06:00,14.5,231.7,.5,0,1014.4,1016.3,95.6,0,0
889,2022-05-18 07:00,19.5,10.3,1,0,1014.4,1016.3,61,0,0
889,2022-05-18 08:00,19.9,180.1,1.2,0,1014.9,1016.8,55.8,0,0
889,2022-05-18 09:00,16.7,0,.4,0,1016.2,1018.1,90.8,0,0
889,2022-05-18 10:00,15.9,.6,1.9,2,1014.4,1016.3,96.6,0,0
889,2022-05-18 11:00,18.2,345.4,.7,0,1014.3,1016.2,93.9,0,0
889,2022-05-18 12:00,23.5,163.7,1.7,0,1014.3,1016.2,50.5,0,0
889,2022-05-18 13:00,25.3,234.1,2,0,1013.6,1015.5,45.8,0,0
889,2022-05-18 14:00,25.4,242.3,3.8,0,1013.1,1015,43.1,0,0
889,2022-05-18 15:00,25.9,234.3,3.2,0,1012.4,1014.3,43.2,0,0
889,2022-05-18 16:00,25.4,232.6,2.4,0,1012.3,1014.2,45.1,0,0
889,2022-05-18 17:00,24.4,226.7,3.6,0,1012.2,1014.1,44.1,0,0
889,2022-05-18 18:00,24.9,225.6,2.5,0,1011.9,1013.7,42.2,0,0
889,2022-05-18 19:00,23.2,228.2,2.1,0,1012.4,1014.3,44.1,0,0
889,2022-05-18 20:00,21.5,210.9,1.7,0,1012.7,1014.6,50,0,0
889,2022-05-18 21:00,20.8,225.5,2.6,0,1013.8,1015.7,52,0,0
889,2022-05-18 22:00,19.8,214.8,1.4,0,1014.8,1016.7,56,0,0
889,2022-05-18 23:00,17.9,0,.3,0,1015.1,1017,64.4,0,0
889,2022-05-19 00:00,18.2,233.8,1.1,0,1015.3,1017.2,64.3,0,0
889,2022-05-19 01:00,17.7,217.3,1.2,0,1015,1016.9,67.5,0,0
889,2022-05-19 02:00,15.1,230,.6,0,1014.7,1016.6,81.3,0,0
889,2022-05-19 03:00,15.8,212.3,.5,0,1014.7,1016.6,77,0,0
889,2022-05-19 04:00,17.4,203.4,1.3,0,1014.7,1016.6,66.6,0,0
889,2022-05-19 05:00,14.3,0,.3,0,1014.9,1016.8,84.4,0,0
889,2022-05-19 06:00,14,0,.4,0,1015,1016.9,89.9,0,0
889,2022-05-19 07:00,16.2,0,0,0,1015.1,1017,83.8,0,0
889,2022-05-19 08:00,19.6,0,.2,0,1015.1,1017,57,0,0
889,2022-05-19 09:00,21.5,217.9,1.9,0,1015.2,1017.1,48.3,0,0
889,2022-05-19 10:00,23,209.7,1,0,1015.1,1017,44.9,0,0
889,2022-05-19 11:00,23.4,231,1.9,0,1015.2,1017.1,47,0,0
889,2022-05-19 12:00,23.2,236.4,2.8,0,1015.1,1017,47.2,0,0
889,2022-05-19 13:00,23.6,241.3,2.6,0,1014.9,1016.8,46.5,0,0
889,2022-05-19 14:00,23.4,242.6,3.4,0,1014.7,1016.6,47.1,0,0
889,2022-05-19 15:00,22.4,239.2,3.3,0,1014.4,1016.3,47.9,0,0
889,2022-05-19 16:00,23,206.2,3.1,0,1014.1,1016,46.2,0,0
889,2022-05-19 17:00,22.1,218.4,2.5,0,1013.9,1015.8,44.5,0,0
889,2022-05-19 18:00,21.3,216.9,3,0,1013.7,1015.6,44.3,0,0
889,2022-05-19 19:00,20.5,238.1,3.3,0,1013.7,1015.6,39.4,0,0
889,2022-05-19 20:00,19.2,206.3,.9,0,1014,1015.9,46.4,0,0
889,2022-05-19 21:00,19,198.5,1,0,1014.7,1016.6,48.6,0,0
889,2022-05-19 22:00,19.1,213.2,1,0,1015.1,1017,51.9,0,0
889,2022-05-19 23:00,18.5,207.7,.9,0,1015.2,1017.1,56.7,0,0
889,2022-05-20 00:00,16.7,0,.3,0,1015,1016.9,64.3,0,0
889,2022-05-20 01:00,15.6,220.9,.6,0,1014.6,1016.5,68.9,0,0
889,2022-05-20 02:00,14.7,229.3,.6,0,1014.6,1016.5,72.5,0,0
889,2022-05-20 03:00,14.2,0,.4,0,1014.3,1016.2,74,0,0
889,2022-05-20 04:00,14.1,0,.4,0,1014.2,1016.1,72.4,0,0
889,2022-05-20 05:00,13.2,200.4,.5,0,1013.6,1015.5,74.3,0,0
889,2022-05-20 06:00,13.5,0,.2,0,1013.9,1015.8,76.3,0,0
889,2022-05-20 07:00,15.5,0,.2,0,1014.2,1016.1,69.5,0,0
889,2022-05-20 08:00,19.4,113.3,.7,0,1014.1,1016,52.2,0,0
889,2022-05-20 09:00,19.9,252.7,.6,0,1013.4,1015.3,52.8,0,0
889,2022-05-20 10:00,22.2,192.2,1,0,1013.5,1015.4,52,0,0
889,2022-05-20 11:00,23.3,228.6,1.8,0,1012.8,1014.7,47.8,0,0
889,2022-05-20 12:00,24.4,267.5,2.4,0,1012.2,1014.1,43,0,0
889,2022-05-20 13:00,25.3,289.8,1.7,0,1011.6,1013.5,41.4,0,0
889,2022-05-20 14:00,25.1,244.5,2.9,0,1011.1,1013,42.6,0,0
889,2022-05-20 15:00,25,228.3,2.7,0,1010.6,1012.5,44.2,0,0
889,2022-05-20 16:00,25.6,223.4,2.6,0,1010.1,1012,33.1,0,0
889,2022-05-20 17:00,25.4,236,2.2,0,1009.8,1011.7,37.9,0,0
889,2022-05-20 18:00,23.9,220.4,1.8,0,1009.6,1011.5,35.6,0,0
889,2022-05-20 19:00,22.6,238.7,1.7,0,1009.6,1011.5,48.8,0,0
889,2022-05-20 20:00,21.2,239.6,1.7,0,1010.1,1012,56.2,0,0
889,2022-05-20 21:00,20.3,239.7,1.8,0,1010.5,1012.4,62,0,0
889,2022-05-20 22:00,19.1,237.8,1.5,0,1010.9,1012.8,68.1,0,0
889,2022-05-20 23:00,19.1,228.5,1,0,1010.9,1012.8,72.9,0,0
889,2022-05-21 00:00,17.7,212.6,1.3,0,1010.7,1012.6,88.9,0,0
889,2022-05-21 01:00,17.7,205.6,.6,0,1010.5,1012.4,91.3,0,0
889,2022-05-21 02:00,17.4,193.5,.6,0,1010,1011.9,93.8,0,0
889,2022-05-21 03:00,15.7,0,.3,0,1009.3,1011.2,99.9,0,0
889,2022-05-21 04:00,15,215.4,.6,0,1009,1010.9,99.9,0,0
889,2022-05-21 05:00,15.8,0,.2,0,1009.2,1011.1,99.9,0,0
889,2022-05-21 06:00,15.8,231.2,.6,0,1009.4,1011.3,99.9,0,0
889,2022-05-21 07:00,18.3,242.6,1.1,0,1009.5,1011.4,92.3,0,0
889,2022-05-21 08:00,19.4,243.2,1.4,0,1009.8,1011.7,83,0,0
889,2022-05-21 09:00,21.1,201.4,1.5,0,1009.8,1011.7,70.3,0,0
889,2022-05-21 10:00,22.6,222.8,1.6,0,1009.5,1011.4,64.8,0,0
889,2022-05-21 11:00,22.7,261.4,2.1,0,1009,1010.9,63.1,0,0
889,2022-05-21 12:00,23.5,261.6,2.3,0,1008.4,1010.3,60.9,0,0
889,2022-05-21 13:00,24.8,240.1,2.5,0,1007.8,1009.6,54.3,0,0
889,2022-05-21 14:00,24.6,250.2,3.2,0,1007.2,1009,54.6,0,0
889,2022-05-21 15:00,24.8,227.7,2.8,0,1006.6,1008.4,50.7,0,0
889,2022-05-21 16:00,24.5,243.1,3.4,0,1006.2,1008,50,0,0
889,2022-05-21 17:00,24.3,224.5,2.5,0,1006,1007.8,54.7,0,0
889,2022-05-21 18:00,22.9,239.9,2.4,0,1005.6,1007.5,53.7,0,0
889,2022-05-21 19:00,20.6,238.5,2,0,1006.2,1008.1,66.5,0,0
889,2022-05-21 20:00,19,234.7,1.6,0,1006.3,1008.2,75.3,0,0
889,2022-05-21 21:00,17.2,217.3,2,0,1006.7,1008.6,88.9,0,0
889,2022-05-21 22:00,16.7,229.4,2.2,0,1007.2,1009.1,89.3,0,0
889,2022-05-21 23:00,16.4,254.4,1.2,0,1007.2,1009.1,91.5,0,0
889,2022-05-22 00:00,15.3,0,.4,0,1007.1,1009,96.1,0,0
889,2022-05-22 01:00,16.5,257.1,1.9,0,1007.1,1009,92.3,0,0
889,2022-05-22 02:00,15.9,245.9,1.6,0,1006.8,1008.7,94.1,0,0
889,2022-05-22 03:00,15.9,195.6,1,0,1006.5,1008.4,91.7,0,0
889,2022-05-22 04:00,16,215.9,1,0,1006.7,1008.6,90.3,0,0
889,2022-05-22 05:00,16,213.3,1.1,0,1006.6,1008.5,91.1,0,0
889,2022-05-22 06:00,16,208.1,.7,0,1006.8,1008.7,91.2,0,0
889,2022-05-22 07:00,16.1,183.1,.7,0,1007.4,1009.3,89.9,0,0
889,2022-05-22 08:00,18,172.3,.6,0,1007.3,1009.2,82.4,0,0
889,2022-05-22 09:00,19.2,154.8,.8,0,1006.9,1008.8,75.6,0,0
889,2022-05-22 10:00,20.4,259.7,.8,0,1006.6,1008.5,71.4,0,0
889,2022-05-22 11:00,22.3,240.8,1.8,0,1006.4,1008.3,62.2,0,0
889,2022-05-22 12:00,25,210.9,2.1,0,1005.8,1007.7,55.4,0,0
889,2022-05-22 13:00,24.2,247.9,2.3,0,1005.6,1007.4,58.1,0,0
889,2022-05-22 14:00,24.8,244.2,2.2,0,1005.4,1007.2,56.2,0,0
889,2022-05-22 15:00,24.9,253.1,2.5,0,1005,1006.8,56.8,0,0
889,2022-05-22 16:00,24.6,244.3,2.9,0,1004.6,1006.4,58.3,0,0
889,2022-05-22 17:00,24.6,246.4,2.1,0,1004.7,1006.5,59.5,0,0
889,2022-05-22 18:00,23.4,238.2,1.9,0,1004.7,1006.6,62.3,0,0
889,2022-05-22 19:00,22.2,252.4,1.5,0,1005.1,1007,68,0,0
889,2022-05-22 20:00,20.9,234,1.5,0,1005.5,1007.4,74.3,0,0
889,2022-05-22 21:00,19,0,.1,0,1006.3,1008.2,88.9,0,0
889,2022-05-22 22:00,17.8,0,.1,0,1007.1,1009,95.4,0,0
889,2022-05-22 23:00,17.6,0,.3,0,1007.6,1009.5,96.2,0,0
889,2022-05-23 00:00,16.6,0,0,0,1008.1,1010,99.9,0,0
889,2022-05-23 01:00,16.2,241.4,.6,0,1008.1,1010,99.9,0,0
889,2022-05-23 02:00,15.9,235.7,.6,0,1008.2,1010.1,99.9,0,0
889,2022-05-23 03:00,16,244.3,.7,0,1008.3,1010.2,99.9,0,0
889,2022-05-23 04:00,15.5,241.5,.7,0,1008.5,1010.4,99.9,0,0
889,2022-05-23 05:00,16,239.8,.8,0,1009,1010.9,99.9,0,0
889,2022-05-23 06:00,18.1,96.8,1.1,0,1009.3,1011.2,92.9,0,0
889,2022-05-23 07:00,18.5,46.4,.8,0,1009.8,1011.7,89.7,0,0
889,2022-05-23 08:00,19.3,128.8,1,0,1010.2,1012.1,85.3,0,0
889,2022-05-23 09:00,21.2,44.3,.9,0,1010.4,1012.3,76,0,0
889,2022-05-23 10:00,23.3,10.3,1.3,0,1010.5,1012.4,67.5,0,0
889,2022-05-23 11:00,25.7,47.1,1.1,0,1010.3,1012.2,63.6,0,0
889,2022-05-23 12:00,27.7,17.8,1.1,0,1009.9,1011.7,54.4,0,0
889,2022-05-23 13:00,28.9,243.1,1.3,0,1009.6,1011.4,46.4,0,0
889,2022-05-23 14:00,29.6,257.6,1.7,0,1009.5,1011.3,44,0,0
889,2022-05-23 15:00,30,242.3,2.3,0,1009.2,1011,42.4,0,0
889,2022-05-23 16:00,29.6,241.4,2.2,0,1009.2,1011,43.6,0,0
889,2022-05-23 17:00,27.5,242.6,2.6,0,1009.5,1011.3,50.6,0,0
889,2022-05-23 18:00,25.3,240.2,3.5,0,1009.8,1011.7,53.9,0,0
889,2022-05-23 19:00,23.4,247.2,2.3,0,1010.2,1012.1,55.2,0,0
889,2022-05-23 20:00,22.2,254.8,2.5,0,1010.9,1012.8,53.5,0,0
889,2022-05-23 21:00,20.8,212.9,.5,0,1011.9,1013.8,61.7,0,0
889,2022-05-23 22:00,20.7,233.8,1.8,0,1012.9,1014.8,63.8,0,0
889,2022-05-23 23:00,18.5,206.9,.6,0,1013.3,1015.2,74,0,0
889,2022-05-24 00:00,17.1,0,.4,0,1013.4,1015.3,87.5,0,0
889,2022-05-24 01:00,16.1,0,.4,0,1013.3,1015.2,93.8,0,0
889,2022-05-24 02:00,15.8,0,.3,0,1013.3,1015.2,95.9,0,0
889,2022-05-24 03:00,15.4,226.4,.6,0,1013.4,1015.3,97.6,0,0
889,2022-05-24 04:00,14.6,225.1,.5,0,1013.3,1015.2,99.9,0,0
889,2022-05-24 05:00,14.3,225.8,.6,0,1013.6,1015.5,99.9,0,0
889,2022-05-24 06:00,14.9,225.5,.6,0,1013.9,1015.8,99.9,0,0
889,2022-05-24 07:00,17.8,0,.1,0,1014.5,1016.4,90.5,0,0
889,2022-05-24 08:00,20.5,0,.4,0,1014.8,1016.7,70.8,0,0
889,2022-05-24 09:00,22.6,134.1,.7,0,1014.6,1016.5,55.3,0,0
889,2022-05-24 10:00,24.1,11.5,1.6,0,1014.4,1016.3,51.2,0,0
889,2022-05-24 11:00,25.7,10.8,2,0,1014.1,1016,48.4,0,0
889,2022-05-24 12:00,27.5,13.5,1.4,0,1013.3,1015.1,39.9,0,0
889,2022-05-24 13:00,28.3,7.8,1.7,0,1012.5,1014.3,38.5,0,0
889,2022-05-24 14:00,29.4,295.1,1.6,0,1011.6,1013.4,34.1,0,0
889,2022-05-24 15:00,29.1,256.8,2.6,0,1011.2,1013,32.1,0,0
889,2022-05-24 16:00,29.4,342.5,1.5,0,1010.5,1012.3,32.2,0,0
889,2022-05-24 17:00,28.1,255.7,2.5,0,1010.3,1012.1,29.3,0,0
889,2022-05-24 18:00,27.1,246.5,2.8,0,1010.5,1012.3,31.8,0,0
889,2022-05-24 19:00,25.1,248.5,1.8,0,1010.7,1012.6,43.6,0,0
889,2022-05-24 20:00,23.6,246.8,1.9,0,1011,1012.9,48.2,0,0
889,2022-05-24 21:00,22.4,226.4,1.3,0,1011,1012.9,48.6,0,0
889,2022-05-24 22:00,20,244.3,.8,0,1011.3,1013.2,58.3,0,0
889,2022-05-24 23:00,18.3,0,.3,0,1011.3,1013.2,65.6,0,0
889,2022-05-25 00:00,17.1,223.4,.5,0,1011,1012.9,72.2,0,0
889,2022-05-25 01:00,16.3,0,.4,0,1010.8,1012.7,78,0,0
889,2022-05-25 02:00,15.9,231.8,.6,0,1010.1,1012,84.6,0,0
889,2022-05-25 03:00,15.8,0,0,0,1009.8,1011.7,87.8,0,0
889,2022-05-25 04:00,15,231.1,.7,0,1009.8,1011.7,92.8,0,0
889,2022-05-25 05:00,14.7,223.2,.6,0,1009.8,1011.7,97.8,0,0
889,2022-05-25 06:00,15.3,0,.4,0,1010.3,1012.2,95.7,0,0
889,2022-05-25 07:00,17.8,0,.2,0,1010.2,1012.1,89.6,0,0
889,2022-05-25 08:00,21.3,183.9,.6,0,1010,1011.9,63.1,0,0
889,2022-05-25 09:00,22.9,290,1.1,0,1009.7,1011.6,56.8,0,0
889,2022-05-25 10:00,23.7,5.4,2,0,1009.4,1011.3,57.9,0,0
889,2022-05-25 11:00,24.5,351.7,1.7,0,1009,1010.8,55.5,0,0
889,2022-05-25 12:00,25.6,261.3,1.6,0,1007.8,1009.7,44.6,0,0
889,2022-05-25 13:00,25.8,221.4,2.3,0,1006.7,1008.5,45.7,0,0
889,2022-05-25 14:00,25.9,219.5,2.4,0,1006.3,1008.1,43.7,0,0
889,2022-05-25 15:00,26.4,246.3,2.6,0,1006,1007.8,42.9,0,0
889,2022-05-25 16:00,25.1,234.5,3.3,0,1005.2,1007.1,38.9,0,0
889,2022-05-25 17:00,23.9,244.9,2.2,0,1004.8,1006.6,50.7,0,0
889,2022-05-25 18:00,22,246.4,3,0,1005,1006.9,59.8,0,0
889,2022-05-25 19:00,20.2,198.3,1.5,0,1004.4,1006.3,76.1,0,0
889,2022-05-25 20:00,19.2,225.9,2.5,0,1004.6,1006.5,85.1,0,0
889,2022-05-25 21:00,18.9,220.3,2.1,0,1004.2,1006.1,94.5,0,0
889,2022-05-25 22:00,18,234.4,2.3,1.5,1004.4,1006.3,99.9,0,0
889,2022-05-25 23:00,17.2,250,2,2,1004.2,1006.1,99.9,0,0
889,2022-05-26 00:00,17.2,244.3,2.4,0,1004.2,1006.1,98.2,0,0
889,2022-05-26 01:00,16.6,254.9,2.3,0,1004.4,1006.3,91.3,0,0
889,2022-05-26 02:00,15.9,260.8,1.2,0,1004.3,1006.2,92.6,0,0
889,2022-05-26 03:00,14.3,234.3,.7,0,1004.3,1006.2,99.9,0,0
889,2022-05-26 04:00,13.2,226,.6,0,1003.9,1005.8,99.9,0,0
889,2022-05-26 05:00,14.1,216.1,.6,0,1004.4,1006.3,99.9,0,0
889,2022-05-26 06:00,13.7,0,.4,0,1004.5,1006.4,99.9,0,0
889,2022-05-26 07:00,15.3,203.6,.6,0,1004.5,1006.4,97.8,0,0
889,2022-05-26 08:00,17.3,204.1,1.3,0,1004.9,1006.8,85.7,0,0
889,2022-05-26 09:00,18.3,245.3,2.4,0,1004.9,1006.8,76.6,0,0
889,2022-05-26 10:00,20.8,202.9,1.7,0,1004.4,1006.3,65.5,0,0
889,2022-05-26 11:00,21.6,223.4,2.1,0,1003.9,1005.8,50,0,0
889,2022-05-26 12:00,22.2,241.5,3.2,0,1003.7,1005.6,41.9,0,0
889,2022-05-26 13:00,23.3,209.7,3.2,0,1003.3,1005.1,40.7,0,0
889,2022-05-26 14:00,23.7,216.9,2.8,0,1002.5,1004.3,35.8,0,0
889,2022-05-26 15:00,22.5,248,3.5,0,1002,1003.9,34.2,0,0
889,2022-05-26 16:00,22.4,242.4,3.3,0,1001.3,1003.2,31,0,0
889,2022-05-26 17:00,22.2,246,4.2,0,1001.4,1003.3,29.4,0,0
889,2022-05-26 18:00,21.2,245.8,3.7,0,1001.1,1003,32.1,0,0
889,2022-05-26 19:00,20.5,237,3.8,0,1000.8,1002.7,33.4,0,0
889,2022-05-26 20:00,19,229.4,2.8,0,1000.9,1002.8,41.8,0,0
889,2022-05-26 21:00,18.4,209.8,2.6,0,1000.5,1002.4,46.9,0,0
889,2022-05-26 22:00,18.2,220,1.8,0,1001,1002.9,53.4,0,0
889,2022-05-26 23:00,17.8,221.6,1,0,1000.6,1002.5,61.9,0,0
889,2022-05-27 00:00,17.9,222.8,1.6,0,999.7,1001.6,65.2,0,0
889,2022-05-27 01:00,17.7,214.7,1.6,0,998.8,1000.7,70.8,0,0
889,2022-05-27 02:00,17.6,238.1,3,0,998.5,1000.4,74.6,0,0
889,2022-05-27 03:00,17.1,242.5,2.9,0,998.1,1000,79.7,0,0
889,2022-05-27 04:00,16.5,243.1,1.4,0,997.9,999.8,88,0,0
889,2022-05-27 05:00,16.2,248.9,1.8,0,998.3,1000.2,90.9,0,0
889,2022-05-27 06:00,16,249.1,1.3,0,998.8,1000.7,92.7,0,0
889,2022-05-27 07:00,17.1,243.4,2.1,0,999.5,1001.4,85.4,0,0
889,2022-05-27 08:00,18.5,284.3,1.2,0,999.6,1001.5,73.5,0,0
889,2022-05-27 09:00,19.7,252,2.1,0,999.3,1001.2,63,0,0
889,2022-05-27 10:00,20.6,267.8,1.6,0,999.2,1001.1,56.1,0,0
889,2022-05-27 11:00,22.2,252.8,2,0,999.3,1001.2,53,0,0
889,2022-05-27 12:00,23,300.8,1.8,0,999.2,1001,50.1,0,0
889,2022-05-27 13:00,23.8,325.5,2.4,0,999.2,1001,48.9,0,0
889,2022-05-27 14:00,24.2,295.9,2,0,998.8,1000.6,50.6,0,0
889,2022-05-27 15:00,25.6,253.6,2.3,0,998.6,1000.4,47.5,0,0
889,2022-05-27 16:00,24.2,253,3.5,0,999.1,1000.9,50.1,0,0
889,2022-05-27 17:00,23.1,255.1,2.5,0,999.2,1001,51.3,0,0
889,2022-05-27 18:00,22,254.7,2.8,0,999.8,1001.7,53.8,0,0
889,2022-05-27 19:00,21,248.5,2.5,0,1000.4,1002.3,54.5,0,0
889,2022-05-27 20:00,19.2,222.9,.6,0,1000.9,1002.8,60.1,0,0
889,2022-05-27 21:00,17.2,211,.7,0,1001.4,1003.3,68.2,0,0
889,2022-05-27 22:00,16.4,221.4,.6,0,1002.2,1004.1,71.4,0,0
889,2022-05-27 23:00,16.9,217.4,.5,0,1002.7,1004.6,71.8,0,0
889,2022-05-28 00:00,14.7,0,.3,0,1002.8,1004.7,89.6,0,0
889,2022-05-28 01:00,14,216,.6,0,1002.2,1004.1,91,0,0
889,2022-05-28 02:00,13.8,220.3,.5,0,1001.9,1003.8,95.1,0,0
889,2022-05-28 03:00,13.6,214.1,.6,0,1001.8,1003.7,95.3,0,0
889,2022-05-28 04:00,13.3,230,.5,0,1002.1,1004,97,0,0
889,2022-05-28 05:00,13.2,0,.3,0,1002.9,1004.8,98.7,0,0
889,2022-05-28 06:00,14,0,.4,0,1003.3,1005.2,99.9,0,0
889,2022-05-28 07:00,17.9,95.6,.6,0,1003.4,1005.3,84.2,0,0
889,2022-05-28 08:00,19.9,196.6,.7,0,1003.5,1005.4,77.5,0,0
889,2022-05-28 09:00,22.1,204.6,1.2,0,1003.6,1005.5,66.9,0,0
889,2022-05-28 10:00,23.5,236.6,1.6,0,1003.8,1005.6,61.7,0,0
889,2022-05-28 11:00,25.8,67.5,1.2,0,1003.8,1005.6,54.8,0,0
889,2022-05-28 12:00,26.7,222.7,2.1,0,1003.5,1005.3,48,0,0
889,2022-05-28 13:00,28.4,229.9,3,0,1003.1,1004.9,44.6,0,0
889,2022-05-28 14:00,29.7,231.1,3.2,0,1002.8,1004.6,40.7,0,0
889,2022-05-28 15:00,29.7,247.9,3.8,0,1002.9,1004.7,35.1,0,0
889,2022-05-28 16:00,27.8,251.2,4.8,0,1003.2,1005,44.1,0,0
889,2022-05-28 17:00,27.4,239.1,3.4,0,1003.2,1005,42.5,0,0
889,2022-05-28 18:00,26.6,261.4,2.2,0,1003.4,1005.2,40.5,0,0
889,2022-05-28 19:00,25.8,234.1,2,0,1003.6,1005.4,34.5,0,0
889,2022-05-28 20:00,22.3,216.3,.7,0,1004.1,1006,45.8,0,0
889,2022-05-28 21:00,19.9,224.7,.9,0,1004.9,1006.8,54.2,0,0
889,2022-05-28 22:00,18.7,229.8,.7,0,1005.3,1007.2,61,0,0
889,2022-05-28 23:00,17.2,214.3,.5,0,1005.2,1007.1,65.4,0,0
889,2022-05-29 00:00,20,204.3,1.1,0,1005.7,1007.6,59.9,0,0
889,2022-05-29 01:00,20.1,217.3,2,0,1005.5,1007.4,75.3,0,0
889,2022-05-29 02:00,19.1,219.5,1.5,0,1005.7,1007.6,88.4,0,0
889,2022-05-29 03:00,19.7,223.2,.6,0,1005.6,1007.5,88.7,0,0
889,2022-05-29 04:00,19.8,220.5,.8,0,1005.6,1007.5,88.7,0,0
889,2022-05-29 05:00,19.5,228.3,.8,0,1005.6,1007.5,86.6,0,0
889,2022-05-29 06:00,19.6,0,.3,0,1005.3,1007.2,87.3,0,0
889,2022-05-29 07:00,20,0,.3,0,1005.7,1007.6,85.9,0,0
889,2022-05-29 08:00,20.9,0,.4,0,1005.8,1007.7,82.9,0,0
889,2022-05-29 09:00,21.5,73.9,.7,0,1005.6,1007.5,77.5,0,0
889,2022-05-29 10:00,21.7,86.5,.7,0,1005.1,1007,76.9,0,0
889,2022-05-29 11:00,22.8,168,.8,0,1004.7,1006.6,73.9,0,0
889,2022-05-29 12:00,24.8,349.2,1.1,0,1003.9,1005.7,63,0,0
889,2022-05-29 13:00,25.9,25.5,1.6,0,1003,1004.8,55.2,0,0
889,2022-05-29 14:00,27.3,20,1.7,0,1002.5,1004.3,51.3,0,0
889,2022-05-29 15:00,27,275.9,.7,0,1001.9,1003.7,51.5,0,0
889,2022-05-29 16:00,28.2,262.7,1.6,0,1001.3,1003.1,43.6,0,0
889,2022-05-29 17:00,28.7,322.5,1.2,0,1001.1,1002.9,46.5,0,0
889,2022-05-29 18:00,27.2,344.8,1.6,0,1001.3,1003.1,55.7,0,0
889,2022-05-29 19:00,24.9,280.2,1.8,0,1001.7,1003.5,64.6,0,0
889,2022-05-29 20:00,23.2,248.7,1.6,0,1001.8,1003.6,71.8,0,0
889,2022-05-29 21:00,22.4,253.7,1.2,0,1002.4,1004.3,72.2,0,0
889,2022-05-29 22:00,21.8,236.7,.7,0,1002.3,1004.2,71,0,0
889,2022-05-29 23:00,21,241.8,.6,0,1002.2,1004.1,74.2,0,0
889,2022-05-30 00:00,19.7,0,.3,0,1002.2,1004.1,86.7,0,0
889,2022-05-30 01:00,19.9,0,.3,0,1002.1,1004,85.5,0,0
889,2022-05-30 02:00,20.5,291,1,0,1002,1003.9,84.2,0,0
889,2022-05-30 03:00,20.5,280,.9,0,1001.6,1003.5,85.1,0,0
889,2022-05-30 04:00,20.3,257,1.5,0,1001.2,1003.1,85.2,0,0
889,2022-05-30 05:00,19.7,0,.1,0,1000.9,1002.8,89.5,0,0
889,2022-05-30 06:00,19.5,0,.1,0,1000.6,1002.5,94.8,0,0
889,2022-05-30 07:00,21,0,.1,0,1000.3,1002.2,88.5,0,0
889,2022-05-30 08:00,21.9,279.3,.8,0,1000.6,1002.5,78.6,0,0
889,2022-05-30 09:00,23.1,0,.3,0,1000.7,1002.5,71.1,0,0
889,2022-05-30 10:00,23.2,12,1,0,1000.4,1002.2,74.1,0,0
889,2022-05-30 11:00,23.5,9,.8,0,1000.6,1002.4,68.2,0,0
889,2022-05-30 12:00,23.4,332.3,1.2,0,1000,1001.8,71.1,0,0
889,2022-05-30 13:00,23.7,341.9,1.3,0,999.8,1001.6,67.7,0,0
889,2022-05-30 14:00,23.7,328.3,1.4,0,999.5,1001.3,65.2,0,0
889,2022-05-30 15:00,22.7,241.7,2.5,0,999.2,1001,73,0,0
889,2022-05-30 16:00,22.1,249.3,2.6,0,999.8,1001.7,75.5,0,0
889,2022-05-30 17:00,21.7,281.1,1.8,0,999.6,1001.5,79.6,0,0
889,2022-05-30 18:00,20.7,240.2,2.5,0,1000,1001.9,86,0,0
889,2022-05-30 19:00,20.4,237.1,1.9,0,1000.5,1002.4,87.3,0,0
889,2022-05-30 20:00,20.6,247.6,1.2,0,1001,1002.9,87.9,0,0
889,2022-05-30 21:00,20.1,251,2.1,0,1002.1,1004,86.6,0,0
889,2022-05-30 22:00,18.8,244,1.3,0,1002.9,1004.8,83.9,0,0
889,2022-05-30 23:00,18.3,252.1,1,0,1003.4,1005.3,72.8,0,0
889,2022-05-31 00:00,19.3,278.4,1.8,0,1003.9,1005.8,48.5,0,0
889,2022-05-31 01:00,18.3,253,1.5,0,1004.2,1006.1,50.2,0,0
889,2022-05-31 02:00,14.1,239.7,.7,0,1004.3,1006.2,69.4,0,0
889,2022-05-31 03:00,12.9,222.3,.6,0,1004.3,1006.2,75.9,0,0
889,2022-05-31 04:00,12.1,229.8,.7,0,1004.3,1006.2,85.8,0,0
889,2022-05-31 05:00,11.7,218.9,.6,0,1004.5,1006.4,90.7,0,0
889,2022-05-31 06:00,12.5,0,.3,0,1005.4,1007.3,86.4,0,0
889,2022-05-31 07:00,16,0,.2,0,1006.3,1008.2,75.5,0,0
889,2022-05-31 08:00,19.2,0,.4,0,1007,1008.9,58.4,0,0
889,2022-05-31 09:00,21,252,1.5,0,1007.1,1009,55.2,0,0
889,2022-05-31 10:00,22.1,256.5,2,0,1007.4,1009.3,52.9,0,0
889,2022-05-31 11:00,23.1,238.5,1.3,0,1007,1008.9,45.8,0,0
889,2022-05-31 12:00,26.8,183.8,1.5,0,1006.7,1008.5,36.1,0,0
889,2022-05-31 13:00,25.9,237.4,3.3,0,1006.6,1008.4,31.1,0,0
889,2022-05-31 14:00,26.4,235,2.9,0,1006,1007.8,26.7,0,0
889,2022-05-31 15:00,26.9,263.3,2.8,0,1005.8,1007.6,22.7,0,0
889,2022-05-31 16:00,26.7,216.6,3,0,1005.8,1007.6,30.5,0,0
889,2022-05-31 17:00,24.6,247.8,3.8,0,1006.4,1008.2,23.7,0,0
889,2022-05-31 18:00,23.8,261,2.2,0,1006.3,1008.1,25,0,0
889,2022-05-31 19:00,22.8,245,2.3,0,1006.5,1008.4,28,0,0
889,2022-05-31 20:00,19.5,0,.4,0,1006.6,1008.5,38.6,0,0
889,2022-05-31 21:00,17.1,229.4,.8,0,1006.8,1008.7,49.6,0,0
889,2022-05-31 22:00,16.3,229.7,.9,0,1007.2,1009.1,53,0,0
889,2022-05-31 23:00,15.3,219.4,.6,0,1007.1,1009,57.2,0,0
889,2022-06-01 00:00,15,217.7,.5,0,1006.8,1008.7,59.7,0,0
889,2022-06-01 01:00,15.3,202.6,.7,0,1006,1007.9,59.3,0,0
889,2022-06-01 02:00,14.1,216.5,.6,0,1006.2,1008.1,62,0,0
889,2022-06-01 03:00,13.9,222.9,.5,0,1006.3,1008.2,61.4,0,0
889,2022-06-01 04:00,16.8,314.4,.5,0,1008.2,1010.1,54.9,0,0
889,2022-06-01 05:00,15,238,.6,0,1007.3,1009.2,60.3,0,0
889,2022-06-01 06:00,16.1,179.4,.7,0,1006.7,1008.6,58.2,0,0
889,2022-06-01 07:00,18.3,0,.4,0,1006.3,1008.2,51.2,0,0
889,2022-06-01 08:00,21.4,165.7,.8,0,1006.3,1008.2,44.6,0,0
889,2022-06-01 09:00,24.1,231.4,1.1,0,1005.5,1007.3,40.2,0,0
889,2022-06-01 10:00,25.6,223.4,1.3,0,1005.1,1006.9,31.3,0,0
889,2022-06-01 11:00,26.3,243.4,2.2,0,1004.9,1006.7,27.9,0,0
889,2022-06-01 12:00,27.9,239.4,3.2,0,1004.2,1006,23.8,0,0
889,2022-06-01 13:00,29.3,224.2,2.8,0,1003.5,1005.3,22.5,0,0
889,2022-06-01 14:00,28.2,266.2,2.4,0,1003.1,1004.9,21.4,0,0
889,2022-06-01 15:00,28,251.1,3.1,0,1003.1,1004.9,18.2,0,0
889,2022-06-01 16:00,28.1,246.6,2.7,0,1002.4,1004.2,19.8,0,0
889,2022-06-01 17:00,27,238.3,3.1,0,1002.2,1004,23,0,0
889,2022-06-01 18:00,26.2,233,2.2,0,1002,1003.8,28.1,0,0
889,2022-06-01 19:00,24.2,235.3,2.3,0,1002.2,1004,35,0,0
889,2022-06-01 20:00,21.4,221.4,1.2,0,1002.6,1004.5,43.7,0,0
889,2022-06-01 21:00,19.1,220.9,.8,0,1003.3,1005.2,53.5,0,0
889,2022-06-01 22:00,17.7,235.9,.7,0,1003.9,1005.8,59.3,0,0
889,2022-06-01 23:00,16.5,0,.2,0,1004.4,1006.3,65.1,0,0
889,2022-06-02 00:00,15.7,222.5,.5,0,1004.4,1006.3,72,0,0
889,2022-06-02 01:00,15.2,205.4,.5,0,1004.2,1006.1,86.3,0,0
889,2022-06-02 02:00,14.4,224.2,.6,0,1004.4,1006.3,79.4,0,0
889,2022-06-02 03:00,14,0,.4,0,1005,1006.9,84.8,0,0
889,2022-06-02 04:00,14.5,0,.1,0,1005.4,1007.3,90.6,0,0
889,2022-06-02 05:00,15.2,0,.1,0,1005.8,1007.7,94.7,0,0
889,2022-06-02 06:00,17.1,0,.4,0,1006,1007.9,88.6,0,0
889,2022-06-02 07:00,18.8,233.2,.8,0,1006.2,1008.1,82.1,0,0
889,2022-06-02 08:00,19.9,217.1,1.4,0,1006.5,1008.4,76,0,0
889,2022-06-02 09:00,20.4,218.9,2,0,1006.5,1008.4,71.2,0,0
889,2022-06-02 10:00,22,253.7,2.3,0,1006.3,1008.2,64.8,0,0
889,2022-06-02 11:00,24,277.9,2.2,0,1006.1,1007.9,56,0,0
889,2022-06-02 12:00,24.1,235.5,2.4,0,1005.8,1007.6,55.2,0,0
889,2022-06-02 13:00,25.5,220.7,2.2,0,1005.7,1007.5,50.3,0,0
889,2022-06-02 14:00,25.6,233.4,2.5,0,1005.4,1007.2,52.3,0,0
889,2022-06-02 15:00,26.1,247.1,1.9,0,1005.3,1007.1,53.4,0,0
889,2022-06-02 16:00,26.5,240.7,2,0,1005.3,1007.1,50.9,0,0
889,2022-06-02 17:00,26.3,255.9,1.5,0,1005.2,1007,52.2,0,0
889,2022-06-02 18:00,25.4,225.3,2.1,0,1005.2,1007,55.6,0,0
889,2022-06-02 19:00,23.7,219.7,1.8,0,1005.7,1007.5,63.1,0,0
889,2022-06-02 20:00,22.3,240,1.7,0,1006,1007.9,69.5,0,0
889,2022-06-02 21:00,20.7,279.8,.7,0,1006.7,1008.6,79.4,0,0
889,2022-06-02 22:00,18.9,0,.1,0,1007,1008.9,93.2,0,0
889,2022-06-02 23:00,18.5,201,.5,0,1007.1,1009,97.3,0,0
889,2022-06-03 00:00,17.8,233.7,.7,0,1007.5,1009.4,99,0,0
889,2022-06-03 01:00,19.7,189.2,1.2,0,1007.6,1009.5,91.2,0,0
889,2022-06-03 02:00,19.6,204,1.6,0,1007.9,1009.8,88.8,0,0
889,2022-06-03 03:00,19.6,203,.7,0,1007.6,1009.5,85.6,0,0
889,2022-06-03 04:00,19.1,173.2,.8,0,1007.7,1009.6,85.9,0,0
889,2022-06-03 05:00,18.5,0,.4,0,1008.1,1010,90.4,0,0
889,2022-06-03 06:00,18.7,235.4,.5,0,1008.7,1010.6,90.8,0,0
889,2022-06-03 07:00,20.9,0,.3,0,1008.8,1010.7,81.4,0,0
889,2022-06-03 08:00,21.2,21.2,.9,0,1009,1010.9,76.6,0,0
889,2022-06-03 09:00,23,59.8,1.1,0,1008.9,1010.8,67.9,0,0
889,2022-06-03 10:00,24.3,21.3,1.7,0,1008.8,1010.6,64.5,0,0
889,2022-06-03 11:00,27,51.6,1.2,0,1008.3,1010.1,58.5,0,0
889,2022-06-03 12:00,28.1,19.1,1.1,0,1007.8,1009.6,51.3,0,0
889,2022-06-03 13:00,29.5,358.2,1.6,0,1007.2,1009,42.4,0,0
889,2022-06-03 14:00,30.7,12.9,1.7,0,1006.4,1008.2,40.2,0,0
889,2022-06-03 15:00,31.3,12.1,1.8,0,1006.4,1008.2,40.6,0,0
889,2022-06-03 16:00,30.3,239.7,2.5,0,1006.3,1008.1,47.8,0,0
889,2022-06-03 17:00,28.7,232.3,2.8,0,1006.4,1008.2,51.5,0,0
889,2022-06-03 18:00,28.2,248,2.8,0,1006.8,1008.6,49.7,0,0
889,2022-06-03 19:00,26.2,229.1,1.8,0,1007.3,1009.1,57.9,0,0
889,2022-06-03 20:00,24.1,0,.1,0,1007.5,1009.3,70.7,0,0
889,2022-06-03 21:00,22.4,238.5,.6,0,1008,1009.9,77.9,0,0
889,2022-06-03 22:00,21.8,0,.1,0,1008.4,1010.3,82.8,0,0
889,2022-06-03 23:00,20.8,226.2,.8,0,1008.8,1010.7,92.1,0,0
889,2022-06-04 00:00,21,0,.3,0,1009.8,1011.7,91.5,0,0
889,2022-06-04 01:00,21.4,0,.2,0,1010.2,1012.1,88.9,0,0
889,2022-06-04 02:00,21.1,0,0,0,1010.3,1012.2,91.7,0,0
889,2022-06-04 03:00,20.1,228.5,.5,0,1010.4,1012.3,96,0,0
889,2022-06-04 04:00,19.8,0,.2,0,1010.5,1012.4,98.2,0,0
889,2022-06-04 05:00,20,0,0,0,1010.4,1012.3,98,0,0
889,2022-06-04 06:00,19.8,0,.1,0,1010.4,1012.3,99.3,0,0
889,2022-06-04 07:00,21.9,86.2,1,0,1010.5,1012.4,63.7,0,0
889,2022-06-04 08:00,23.1,70.8,1.1,0,1010.4,1012.3,58.3,0,0
889,2022-06-04 09:00,25,133.8,1,0,1010.3,1012.2,52.9,0,0
889,2022-06-04 10:00,26,57.2,1.2,0,1009.6,1011.5,53.2,0,0
889,2022-06-04 11:00,27.2,112.3,.9,0,1009.3,1011.1,51.3,0,0
889,2022-06-04 12:00,27.6,73.7,.9,0,1008.9,1010.7,51.1,0,0
889,2022-06-04 13:00,27.9,348.5,1,0,1008.6,1010.4,50.8,0,0
889,2022-06-04 14:00,27.9,352.7,.9,0,1007.8,1009.6,51.5,0,0
889,2022-06-04 15:00,27.9,185.6,.6,0,1007.3,1009.1,51,0,0
889,2022-06-04 16:00,28.6,287.4,1,0,1006.5,1008.3,51.4,0,0
889,2022-06-04 17:00,29.5,172.1,1,0,1005.4,1007.2,48.2,0,0
889,2022-06-04 18:00,29.1,60.1,.6,0,1006,1007.8,46.3,0,0
889,2022-06-04 19:00,27.9,0,.4,0,1005.6,1007.4,50.3,0,0
889,2022-06-04 20:00,24.8,230,.7,0,1005.4,1007.2,62.8,0,0
889,2022-06-04 21:00,23.9,234.4,.8,0,1005.7,1007.5,66.6,0,0
889,2022-06-04 22:00,23.4,0,.1,0,1005.3,1007.2,69,0,0
889,2022-06-04 23:00,22.4,0,.2,0,1004.8,1006.7,71.6,0,0
889,2022-06-05 00:00,25,8.3,.8,0,1004.5,1006.4,59.4,0,0
889,2022-06-05 01:00,22.2,0,.3,0,1004.2,1006.1,68.5,0,0
889,2022-06-05 02:00,20.8,0,0,0,1004.4,1006.3,73.1,0,0
889,2022-06-05 03:00,20.2,0,.4,0,1003.8,1005.7,76,0,0
889,2022-06-05 04:00,20.6,0,.1,0,1003.4,1005.3,74.7,0,0
889,2022-06-05 05:00,21.6,0,.3,0,1003.3,1005.2,69.2,0,0
889,2022-06-05 06:00,20.8,0,.2,0,1003.4,1005.3,70.8,0,0
889,2022-06-05 07:00,22.7,39.5,.5,0,1003.8,1005.7,58.7,0,0
889,2022-06-05 08:00,21.2,145,.8,0,1003.7,1005.6,76.9,0,0
889,2022-06-05 09:00,23.4,90,1.1,0,1003.1,1004.9,57.1,0,0
889,2022-06-05 10:00,25,85,.9,0,1002.4,1004.2,52.9,0,0
889,2022-06-05 11:00,25.6,107.1,1.6,0,1001.9,1003.7,48.5,0,0
889,2022-06-05 12:00,25,76.8,1.7,0,1001.9,1003.7,47.7,0,0
889,2022-06-05 13:00,23.7,59.9,1.5,0,1001.4,1003.2,53.1,0,0
889,2022-06-05 14:00,22.8,56.9,1.7,0,1001.1,1003,55.2,0,0
889,2022-06-05 15:00,22.6,49.4,1.4,0,1001.2,1003.1,56,0,0
889,2022-06-05 16:00,22.3,76.5,1.5,0,1000.3,1002.2,58.2,0,0
889,2022-06-05 17:00,22.2,296.9,.9,0,1000.1,1002,59.9,0,0
889,2022-06-05 18:00,21.4,71.3,.7,0,999.8,1001.7,61.8,0,0
889,2022-06-05 19:00,21.6,87.2,1.2,0,999.6,1001.5,61.4,0,0
889,2022-06-05 20:00,21.2,99.9,1,0,999.4,1001.3,63.8,0,0
889,2022-06-05 21:00,20.8,103.8,1.4,0,999.6,1001.5,68.9,0,0
889,2022-06-05 22:00,20.6,94.1,.9,0,999.4,1001.3,70.6,0,0
889,2022-06-05 23:00,20.5,94,1.2,0,999.2,1001.1,73.3,0,0
889,2022-06-06 00:00,20.5,118.8,.8,0,998.7,1000.6,74.8,0,0
889,2022-06-06 01:00,20.2,32.8,1.1,0,998.5,1000.4,77.3,0,0
889,2022-06-06 02:00,19.8,22,.9,0,998.1,1000,83.3,0,0
889,2022-06-06 03:00,18.4,0,.2,.5,997.8,999.7,99.9,0,0
889,2022-06-06 04:00,17.9,0,.1,0,997.8,999.7,99.9,0,0
889,2022-06-06 05:00,17.9,57.3,.5,1,997.9,999.8,99.9,0,0
889,2022-06-06 06:00,18.2,28.4,.6,.5,998.1,1000,99.9,0,0
889,2022-06-06 07:00,18.1,29.6,.8,0,998.7,1000.6,99.3,0,0
889,2022-06-06 08:00,17.9,32.3,1.2,0,999.1,1001,99.9,0,0
889,2022-06-06 09:00,17.9,19.8,1,0,999.5,1001.4,98.6,0,0
889,2022-06-06 10:00,17.3,86,.8,1.5,999.8,1001.7,98.9,0,0
889,2022-06-06 11:00,17.8,106.5,1.1,1.5,999.9,1001.8,95.5,0,0
889,2022-06-06 12:00,21.1,83.2,1.4,0,999.8,1001.7,76.8,0,0
889,2022-06-06 13:00,21.4,73.1,1.9,0,999.9,1001.8,62,0,0
889,2022-06-06 14:00,23.8,60.2,1.9,0,999.5,1001.3,56,0,0
889,2022-06-06 15:00,24.4,68.4,1.7,0,999.5,1001.3,51.5,0,0
889,2022-06-06 16:00,24.3,23.3,2.1,0,1000.2,1002,53.4,0,0
889,2022-06-06 17:00,24.6,60.1,1.2,0,1000.2,1002,48.9,0,0
889,2022-06-06 18:00,22.5,38.6,1.3,0,1000.5,1002.4,51.8,0,0
889,2022-06-06 19:00,21.2,69.6,1.4,0,1001.1,1003,55,0,0
889,2022-06-06 20:00,20,85.5,2.2,0,1001.9,1003.8,55.4,0,0
889,2022-06-06 21:00,18.9,73.3,1.5,0,1003,1004.9,57,0,0
889,2022-06-06 22:00,18.1,83.6,.9,0,1003.8,1005.7,59.9,0,0
889,2022-06-06 23:00,17.7,43.6,1.1,0,1004.6,1006.5,61.8,0,0
889,2022-06-07 00:00,17.6,40.1,1.1,0,1004.9,1006.8,61.4,0,0
889,2022-06-07 01:00,17.3,36.3,1.1,0,1004.6,1006.5,61.9,0,0
889,2022-06-07 02:00,16.9,108.4,.9,0,1004.6,1006.5,63.7,0,0
889,2022-06-07 03:00,16.9,108.5,.9,0,1004.6,1006.5,63.7,0,0
889,2022-06-07 04:00,16.4,97.5,1.2,0,1004.7,1006.6,65.7,0,0
889,2022-06-07 05:00,16,130,.6,0,1005.1,1007,67.5,0,0
889,2022-06-07 06:00,16.2,121,.9,0,1005.3,1007.2,67.3,0,0
889,2022-06-07 07:00,17.3,35.8,1.1,0,1005.5,1007.4,64.8,0,0
889,2022-06-07 08:00,18.6,59.4,1.2,0,1006,1007.9,61.2,0,0
889,2022-06-07 09:00,20.4,71.8,1.4,0,1006,1007.9,56.6,0,0
889,2022-06-07 10:00,21.4,24.1,2.2,0,1006,1007.9,51.5,0,0
889,2022-06-07 11:00,22.6,23.8,1.9,0,1005.8,1007.7,49.5,0,0
889,2022-06-07 12:00,24,13.6,2.7,0,1005.4,1007.2,47,0,0
889,2022-06-07 13:00,24.7,19.3,1.7,0,1005.3,1007.1,43.2,0,0
889,2022-06-07 14:00,24.9,3.9,1.6,0,1005.1,1006.9,41.2,0,0
889,2022-06-07 15:00,24.1,14.6,1.2,0,1005,1006.8,42.3,0,0
889,2022-06-07 16:00,24.2,26.9,.5,0,1005.1,1006.9,44,0,0
889,2022-06-07 17:00,23.8,174.2,.7,0,1005.2,1007,46.8,0,0
889,2022-06-07 18:00,22.4,0,.3,0,1005.3,1007.2,56.5,0,0
889,2022-06-07 19:00,22.1,0,0,0,1005.6,1007.5,58.5,0,0
889,2022-06-07 20:00,21.6,0,.1,0,1006,1007.9,59.9,0,0
889,2022-06-07 21:00,22.4,79.8,.8,0,1006.6,1008.5,53.8,0,0
889,2022-06-07 22:00,21.9,83.4,.9,0,1007.6,1009.5,56.5,0,0
889,2022-06-07 23:00,20.9,78.2,.8,0,1008.1,1010,58.5,0,0
889,2022-06-08 00:00,20.1,83.2,1,0,1008.4,1010.3,61.8,0,0
889,2022-06-08 01:00,19.7,73.8,.8,0,1008.6,1010.5,68.6,0,0
889,2022-06-08 02:00,19.3,58.6,.8,0,1008.8,1010.7,68.4,0,0
889,2022-06-08 03:00,19,0,.4,0,1008.8,1010.7,66.8,0,0
889,2022-06-08 04:00,17.2,118.2,.6,0,1008.9,1010.8,74.9,0,0
889,2022-06-08 05:00,16.2,134.2,.8,0,1009.1,1011,77,0,0
889,2022-06-08 06:00,17.3,0,.4,0,1010.2,1012.1,73.6,0,0
889,2022-06-08 07:00,18.2,170.6,.6,0,1010.3,1012.2,68.7,0,0
889,2022-06-08 08:00,19.2,104,1,0,1010.5,1012.4,66.5,0,0
889,2022-06-08 09:00,21.4,193,1.1,0,1010.7,1012.6,62.9,0,0
889,2022-06-08 10:00,21.8,115.9,1,0,1010.4,1012.3,61.6,0,0
889,2022-06-08 11:00,22.8,28.6,1.3,0,1009.8,1011.7,56.8,0,0
889,2022-06-08 12:00,23.3,165.5,1.1,0,1009.8,1011.7,55.5,0,0
889,2022-06-08 13:00,23.7,246.7,1.2,0,1009.4,1011.3,58.1,0,0
889,2022-06-08 14:00,25.1,349.3,1.6,0,1008.9,1010.8,50,0,0
889,2022-06-08 15:00,25.9,184.2,.9,0,1008.4,1010.3,48.5,0,0
889,2022-06-08 16:00,24.1,229.6,1.4,0,1008.2,1010,56.7,0,0
889,2022-06-08 17:00,25,235.8,.7,0,1008.4,1010.3,47.6,0,0
889,2022-06-08 18:00,24.9,265.2,1.3,0,1008.4,1010.2,53.1,0,0
889,2022-06-08 19:00,23.5,247.6,2,0,1008.8,1010.7,59.9,0,0
889,2022-06-08 20:00,21.7,219.7,1.9,0,1009.4,1011.3,67.9,0,0
889,2022-06-08 21:00,21,240.5,1.4,0,1010.1,1012,71.6,0,0
889,2022-06-08 22:00,19.3,0,.2,0,1011.2,1013.1,81,0,0
889,2022-06-08 23:00,18.8,0,.3,0,1011.2,1013.1,89.9,0,0
889,2022-06-09 00:00,18.7,0,.4,0,1011.1,1013,92.1,0,0
889,2022-06-09 01:00,18.3,0,0,0,1010.7,1012.6,93.9,0,0
889,2022-06-09 02:00,17.8,0,.4,0,1010.9,1012.8,98.1,0,0
889,2022-06-09 03:00,18.8,206.2,.8,0,1010.8,1012.7,96.2,0,0
889,2022-06-09 04:00,19.1,231.2,.9,0,1011.2,1013.1,94.1,0,0
889,2022-06-09 05:00,18.2,0,0,0,1011.4,1013.3,98.9,0,0
889,2022-06-09 06:00,18.1,0,.3,0,1011.7,1013.6,99.9,0,0
889,2022-06-09 07:00,19.1,0,0,0,1011.9,1013.8,99.8,0,0
889,2022-06-09 08:00,20.6,179.3,.5,0,1012.4,1014.3,85.7,0,0
889,2022-06-09 09:00,21.8,0,.3,0,1012.4,1014.3,76.9,0,0
889,2022-06-09 10:00,21.2,21.9,.8,0,1012.6,1014.5,80.9,0,0
889,2022-06-09 11:00,22.8,20.7,.8,0,1012.3,1014.2,69.9,0,0
889,2022-06-09 12:00,22.9,10.6,.9,0,1012.2,1014.1,70.3,0,0
889,2022-06-09 13:00,22.7,22.2,.7,0,1011.8,1013.7,72.9,0,0
889,2022-06-09 14:00,19.9,0,.4,3,1011.4,1013.3,99.9,0,0
889,2022-06-09 15:00,24.3,105.1,.8,0,1010.9,1012.8,82.4,0,0
889,2022-06-09 16:00,23.2,309.1,.7,,1010.7,1012.6,69.6,0,0
889,2022-06-09 17:00,24.6,295.9,1.3,,1010.5,1012.3,60.6,0,0
889,2022-06-09 18:00,24.7,295.2,1.3,,1010.5,1012.3,55.7,0,0
889,2022-06-09 19:00,23.4,290.5,.9,,1011.1,1013,60.3,0,0
889,2022-06-09 20:00,21.2,237.6,.9,,1011.4,1013.3,71.1,0,0
889,2022-06-09 21:00,19,234.7,.7,,1011.6,1013.5,92.1,0,0
889,2022-06-09 22:00,18.2,231.6,.8,,1012,1013.9,99.6,0,0
889,2022-06-09 23:00,17.7,215.6,.6,,1012.2,1014.1,99.9,0,0
889,2022-06-10 00:00,17.3,0,0,,1012.2,1014.1,99.9,0,0
889,2022-06-10 01:00,17.5,0,.3,0,1012.1,1014,99.9,0,0
889,2022-06-10 02:00,17.1,0,.2,0,1011.6,1013.5,99.9,0,0
889,2022-06-10 03:00,16.6,0,.1,0,1012,1013.9,99.9,0,0
889,2022-06-10 04:00,17.1,0,.4,0,1012.1,1014,99.9,0,0
889,2022-06-10 05:00,16.4,0,.1,0,1012.3,1014.2,99.9,0,0
889,2022-06-10 06:00,16.9,0,.2,0,1012.6,1014.5,99.9,0,0
889,2022-06-10 07:00,18.8,97.9,.8,0,1012.4,1014.3,97.9,0,0
889,2022-06-10 08:00,20.7,35.1,.8,0,1012.3,1014.2,85.5,0,0
889,2022-06-10 09:00,22.7,17.1,1.8,0,1012.2,1014.1,78.7,0,0
889,2022-06-10 10:00,24.3,15.8,1.8,0,1012,1013.9,69.5,0,0
889,2022-06-10 11:00,26.5,8.3,1.6,0,1012.6,1014.5,58.3,0,0
889,2022-06-10 12:00,27.3,310.2,1.6,0,1012.8,1014.6,51,0,0
889,2022-06-10 13:00,27.2,317.1,1.7,0,1012.3,1014.1,52.7,0,0
889,2022-06-10 14:00,23.4,275.7,2,0,1012.5,1014.4,67.7,0,0
889,2022-06-10 15:00,22.2,0,.4,.5,1012,1013.9,90.1,0,0
889,2022-06-10 16:00,22.4,285,.8,0,1011.7,1013.6,84.7,0,0
889,2022-06-10 17:00,22.1,0,.4,0,1011.6,1013.5,88.2,0,0
889,2022-06-10 18:00,22.1,0,.4,0,1012.1,1014,79,0,0
889,2022-06-10 19:00,21.7,286.8,.9,0,1012.5,1014.4,85.5,0,0
889,2022-06-10 20:00,21.8,332.3,.9,0,1012.7,1014.6,81.2,0,0
889,2022-06-10 21:00,19.6,226.9,.6,0,1012.8,1014.7,91.4,0,0
889,2022-06-10 22:00,18.5,233.2,.6,0,1013.3,1015.2,92.2,0,0
889,2022-06-10 23:00,18,232,.6,0,1012.8,1014.7,91.9,0,0
889,2022-06-11 00:00,17.9,0,.2,0,1012.4,1014.3,95.5,0,0
889,2022-06-11 01:00,17.8,0,.3,0,1012.6,1014.5,98.4,0,0
889,2022-06-11 02:00,17.5,0,0,0,1012.2,1014.1,99.9,0,0
889,2022-06-11 03:00,17.1,0,0,0,1011.8,1013.7,99.9,0,0
889,2022-06-11 04:00,17,0,.4,0,1011.4,1013.3,99.9,0,0
889,2022-06-11 05:00,16.6,0,.2,0,1012.1,1014,99.9,0,0
889,2022-06-11 06:00,17,0,0,0,1012.3,1014.2,99.9,0,0
889,2022-06-11 07:00,19.2,0,.2,0,1012.2,1014.1,98.5,0,0
889,2022-06-11 08:00,21.6,12,1,0,1012.3,1014.2,80.2,0,0
889,2022-06-11 09:00,23.6,25.8,1.2,0,1012.1,1014,67.3,0,0
889,2022-06-11 10:00,25.4,5.9,1.3,0,1011.9,1013.8,55.9,0,0
889,2022-06-11 11:00,27.5,34,.9,0,1011.4,1013.2,52.6,0,0
889,2022-06-11 12:00,28.9,11.2,.9,0,1010.8,1012.6,49,0,0
889,2022-06-11 13:00,30.4,17.2,1.6,0,1009.8,1011.6,42.8,0,0
889,2022-06-11 14:00,30.3,.2,1.4,0,1008.9,1010.7,40.1,0,0
889,2022-06-11 15:00,31.8,.9,1.5,0,1008.5,1010.3,39,0,0
889,2022-06-11 16:00,30.6,282.4,1.7,0,1008,1009.8,41.1,0,0
889,2022-06-11 17:00,30.9,319,1.2,0,1007.6,1009.4,41.8,0,0
889,2022-06-11 18:00,29.4,41.7,.7,0,1007.7,1009.5,44.4,0,0
889,2022-06-11 19:00,29.1,52.7,.9,0,1008.5,1010.3,48.1,0,0
889,2022-06-11 20:00,26.9,41.4,1.2,0,1009.1,1010.9,54,0,0
889,2022-06-11 21:00,25.6,50.5,1.1,0,1009.9,1011.8,58.5,0,0
889,2022-06-11 22:00,24.5,49.1,.7,0,1010.7,1012.6,62.2,0,0
889,2022-06-11 23:00,23.3,40.7,.9,0,1011,1012.9,63.5,0,0
889,2022-06-12 00:00,22.2,0,.3,0,1011.3,1013.2,65.6,0,0
889,2022-06-12 01:00,21.7,77.2,.9,0,1011.3,1013.2,64.5,0,0
889,2022-06-12 02:00,20.8,0,.4,0,1011.5,1013.4,67.5,0,0
889,2022-06-12 03:00,19.9,0,.3,0,1011.2,1013.1,70.1,0,0
889,2022-06-12 04:00,19.6,102.8,.8,0,1011.2,1013.1,70.8,0,0
889,2022-06-12 05:00,17.2,232.2,.6,0,1011.6,1013.5,87.3,0,0
889,2022-06-12 06:00,18,0,.2,0,1012.2,1014.1,86.9,0,0
889,2022-06-12 07:00,20.8,68.7,.7,0,1012.3,1014.2,68.3,0,0
889,2022-06-12 08:00,22.3,91.7,1.4,0,1012.1,1014,62.8,0,0
889,2022-06-12 09:00,24.5,85.7,1.1,0,1012.1,1014,55.5,0,0
889,2022-06-12 10:00,25.7,63.3,1.5,0,1011.5,1013.4,50.5,0,0
889,2022-06-12 11:00,26.6,61,1.3,0,1011.2,1013,51.5,0,0
889,2022-06-12 12:00,28.9,98.7,1.2,0,1010.6,1012.4,50.2,0,0
889,2022-06-12 13:00,28.8,23.3,1.9,0,1009.6,1011.4,46.6,0,0
889,2022-06-12 14:00,30.8,98.1,1.6,0,1009,1010.8,42.6,0,0
889,2022-06-12 15:00,29.4,51.6,.7,0,1008.8,1010.6,42.7,0,0
889,2022-06-12 16:00,30.2,195.3,.8,0,1008.4,1010.2,45,0,0
889,2022-06-12 17:00,29.3,253.8,1.4,0,1008.2,1010,46.5,0,0
889,2022-06-12 18:00,27.5,242.8,2.6,0,1008.7,1010.5,55.4,0,0
889,2022-06-12 19:00,25.9,229.1,1.9,0,1008.9,1010.8,61.1,0,0
889,2022-06-12 20:00,24.8,232,2,0,1009.4,1011.2,66.1,0,0
889,2022-06-12 21:00,23.7,211.4,1.1,0,1009.9,1011.8,70.8,0,0
889,2022-06-12 22:00,23,219.2,1.2,0,1010.4,1012.3,74.3,0,0
889,2022-06-12 23:00,22.1,238.3,1.2,0,1010.1,1012,88,0,0
889,2022-06-13 00:00,21.6,0,.3,0,1009.9,1011.8,91.2,0,0
889,2022-06-13 01:00,21.8,134.4,.5,0,1009.3,1011.2,90.5,0,0
889,2022-06-13 02:00,21.8,0,.1,0,1009,1010.9,92.1,0,0
889,2022-06-13 03:00,21,0,.4,0,1009.4,1011.3,99.9,0,0
889,2022-06-13 04:00,20.4,112.6,.5,0,1009.1,1011,90.3,0,0
889,2022-06-13 05:00,19.8,0,.2,0,1009.1,1011,93.6,0,0
889,2022-06-13 06:00,19.9,0,.1,0,1009.3,1011.2,99.3,0,0
889,2022-06-13 07:00,21.5,116,.6,0,1009,1010.9,95.4,0,0
889,2022-06-13 08:00,23.2,96.5,1.4,0,1008.8,1010.7,86.8,0,0
889,2022-06-13 09:00,23.9,25.1,1.5,0,1008.3,1010.2,77.8,0,0
889,2022-06-13 10:00,25.9,55.2,1.4,0,1008.4,1010.3,67.3,0,0
889,2022-06-13 11:00,27.6,29,1.4,0,1007.7,1009.5,61.9,0,0
889,2022-06-13 12:00,29,42.3,1.6,0,1007.3,1009.1,51.2,0,0
889,2022-06-13 13:00,27.6,42.1,1.2,0,1006.3,1008.1,58.1,0,0
889,2022-06-13 14:00,29.1,65.5,1.9,0,1005.3,1007.1,48.6,0,0
889,2022-06-13 15:00,29.8,9.1,1.8,0,1004.9,1006.7,43.4,0,0
889,2022-06-13 16:00,24.8,15.1,1.9,0,1005.4,1007.2,67.3,0,0
889,2022-06-13 17:00,26.9,24.6,1.1,0,1005.1,1006.9,61.3,0,0
889,2022-06-13 18:00,26.8,30.5,1.3,0,1005,1006.8,56.2,0,0
889,2022-06-13 19:00,24.9,27.6,1.5,0,1005.5,1007.3,58.3,0,0
889,2022-06-13 20:00,23.8,20.5,.9,0,1006.3,1008.1,61.5,0,0
889,2022-06-13 21:00,23.1,38.9,.8,0,1007.4,1009.3,62.4,0,0
889,2022-06-13 22:00,22.5,33.5,1.1,0,1008,1009.9,62.6,0,0
889,2022-06-13 23:00,22,109.7,.8,0,1008.2,1010.1,61.1,0,0
889,2022-06-14 00:00,21.3,104.7,1.1,0,1008.2,1010.1,61.4,0,0
889,2022-06-14 01:00,20.8,99,1,0,1008.4,1010.3,60.1,0,0
889,2022-06-14 02:00,20.3,75.8,1.5,0,1008,1009.9,59.5,0,0
889,2022-06-14 03:00,19.7,94.4,.7,0,1007.2,1009.1,62.6,0,0
889,2022-06-14 04:00,19.6,49.2,.6,0,1007.6,1009.5,62.6,0,0
889,2022-06-14 05:00,19.3,108,.8,0,1008,1009.9,64.8,0,0
889,2022-06-14 06:00,19.7,91.9,1.5,0,1008.1,1010,62.8,0,0
889,2022-06-14 07:00,20.5,92.8,1.6,0,1007.8,1009.7,58.9,0,0
889,2022-06-14 08:00,21.3,80.9,1.2,0,1008.1,1010,56.7,0,0
889,2022-06-14 09:00,23.4,76.7,1.7,0,1008,1009.9,48.7,0,0
889,2022-06-14 10:00,24.5,104.2,2.5,0,1007.9,1009.7,44.2,0,0
889,2022-06-14 11:00,24.9,78.1,1.7,0,1007.4,1009.2,45.1,0,0
889,2022-06-14 12:00,27.4,58.8,2,0,1006.7,1008.5,41.3,0,0
889,2022-06-14 13:00,27.8,91.2,1.9,0,1006.3,1008.1,40,0,0
889,2022-06-14 14:00,27.1,78.6,1.9,0,1006.2,1008,44.7,0,0
889,2022-06-14 15:00,25.5,47,1.9,0,1006,1007.8,46.8,0,0
889,2022-06-14 16:00,24.4,45.5,1.1,0,1006,1007.8,52,0,0
889,2022-06-14 17:00,24.2,88.6,1.2,0,1005.9,1007.7,48.2,0,0
889,2022-06-14 18:00,23.1,63.4,1.3,0,1006.1,1008,52.1,0,0
889,2022-06-14 19:00,22.2,62.7,1.5,0,1006.4,1008.3,51.4,0,0
889,2022-06-14 20:00,21.5,78.2,1.6,0,1006.5,1008.4,52.5,0,0
889,2022-06-14 21:00,20.5,59.1,1.8,0,1006.7,1008.6,56.6,0,0
889,2022-06-14 22:00,20.1,46.9,1.6,0,1006.6,1008.5,57.2,0,0
889,2022-06-14 23:00,19.2,87.7,1.3,0,1006.7,1008.6,63.5,0,0
889,2022-06-15 00:00,18.3,91.1,1.7,0,1006.3,1008.2,69.9,0,0
889,2022-06-15 01:00,17.2,136.5,.5,0,1005.9,1007.8,87.4,0,0
889,2022-06-15 02:00,15.8,0,.1,4,1006.1,1008,99.9,0,0
889,2022-06-15 03:00,15.6,0,.4,5,1005.6,1007.5,99.9,0,0
889,2022-06-15 04:00,15.3,56.8,.7,2,1005.1,1007,99.9,0,0
889,2022-06-15 05:00,15.2,0,.4,.5,1005.4,1007.3,99.9,0,0
889,2022-06-15 06:00,15,102.6,1,0,1005.3,1007.2,99.9,0,0
889,2022-06-15 07:00,15.2,83.1,.8,.5,1005.1,1007,99.9,0,0
889,2022-06-15 08:00,15.8,88.3,.8,0,1005.1,1007,99.9,0,0
889,2022-06-15 09:00,16.3,106.7,.9,0,1005.2,1007.1,99.9,0,0
889,2022-06-15 10:00,16.3,20.8,.5,3.5,1005.2,1007.1,99.9,0,0
889,2022-06-15 11:00,16.7,71.3,.7,.5,1005.2,1007.1,99.9,0,0
889,2022-06-15 12:00,17.3,105.4,.7,.5,1005.1,1007,99.9,0,0
889,2022-06-15 13:00,18.1,99.5,.6,0,1004.9,1006.8,99.8,0,0
889,2022-06-15 14:00,18.4,88.2,1,0,1004.5,1006.4,98.4,0,0
889,2022-06-15 15:00,19.1,108.1,.7,0,1004,1005.9,98.4,0,0
889,2022-06-15 16:00,19.6,102.9,.8,.5,1003.7,1005.6,99.3,0,0
889,2022-06-15 17:00,19.7,0,.3,0,1003.6,1005.5,99.9,0,0
889,2022-06-15 18:00,20.4,0,.1,0,1003.3,1005.2,99.9,0,0
889,2022-06-15 19:00,20.8,240.1,1.6,0,1003.4,1005.3,94.1,0,0
889,2022-06-15 20:00,19.7,0,.4,0,1003.7,1005.6,99.9,0,0
889,2022-06-15 21:00,19.7,208.8,.5,0,1004,1005.9,99.9,0,0
889,2022-06-15 22:00,19.4,0,.1,.5,1004.5,1006.4,99.9,0,0
889,2022-06-15 23:00,19.3,0,.2,1,1004.3,1006.2,99.9,0,0
889,2022-06-16 00:00,19.2,0,0,.5,1004.2,1006.1,99.9,0,0
889,2022-06-16 01:00,18.9,249.1,1.3,0,1004.2,1006.1,99.9,0,0
889,2022-06-16 02:00,18.7,221.1,1.7,0,1004.5,1006.4,99.9,0,0
889,2022-06-16 03:00,18.5,260.1,.9,.5,1004.7,1006.6,99.9,0,0
889,2022-06-16 04:00,18.3,248.7,1.3,.5,1005.1,1007,99.9,0,0
889,2022-06-16 05:00,18.2,254.4,1.2,.5,1005.5,1007.4,99.9,0,0
889,2022-06-16 06:00,17.9,234.8,1.8,.5,1006.1,1008,99.9,0,0
889,2022-06-16 07:00,17.9,230.7,1.4,1,1006.6,1008.5,99.9,0,0
889,2022-06-16 08:00,17.8,244.3,2,.5,1007,1008.9,99.9,0,0
889,2022-06-16 09:00,19.6,212.9,1,0,1007,1008.9,99,0,0
889,2022-06-16 10:00,20.5,180.3,1.1,0,1006.9,1008.8,92.7,0,0
889,2022-06-16 11:00,21.4,266.4,.8,0,1007.3,1009.2,81.6,0,0
889,2022-06-16 12:00,20.7,202.3,1.4,0,1007.2,1009.1,88.4,0,0
889,2022-06-16 13:00,22.5,236.1,1.8,0,1006.8,1008.7,77,0,0
889,2022-06-16 14:00,22.2,220.5,2.2,0,1006.8,1008.7,72.5,0,0
889,2022-06-16 15:00,24,229.7,2.3,0,1006.2,1008,61.3,0,0
889,2022-06-16 16:00,24.1,243.6,2.3,0,1006,1007.8,62.2,0,0
889,2022-06-16 17:00,24.7,250.3,1.6,0,1005.8,1007.6,55.5,0,0
889,2022-06-16 18:00,24.7,236.1,1.6,0,1005.3,1007.1,58.2,0,0
889,2022-06-16 19:00,23.4,236.7,2.2,0,1005.4,1007.3,60.8,0,0
889,2022-06-16 20:00,20.7,238.6,.8,0,1005.8,1007.7,75,0,0
889,2022-06-16 21:00,19.1,0,.4,0,1006.7,1008.6,90.5,0,0
889,2022-06-16 22:00,17.7,245.4,.8,0,1007.3,1009.2,96.7,0,0
889,2022-06-16 23:00,17.2,229.7,.8,0,1007.2,1009.1,99.9,0,0
889,2022-06-17 00:00,16.7,0,.3,0,1006.9,1008.8,99.9,0,0
889,2022-06-17 01:00,16.3,0,.2,0,1006.6,1008.5,99.9,0,0
889,2022-06-17 02:00,16.1,0,0,0,1006.8,1008.7,99.9,0,0
889,2022-06-17 03:00,15.7,0,0,0,1006.4,1008.3,99.9,0,0
889,2022-06-17 04:00,15.5,0,.3,0,1006.5,1008.4,99.9,0,0
889,2022-06-17 05:00,15.4,0,.1,0,1006.4,1008.3,99.9,0,0
889,2022-06-17 06:00,16.6,0,.3,0,1007.4,1009.3,99.9,0,0
889,2022-06-17 07:00,19,0,.2,0,1007.7,1009.6,99.9,0,0
889,2022-06-17 08:00,20.5,316.4,.6,0,1007.7,1009.6,85.1,0,0
889,2022-06-17 09:00,21.7,,,0,1008.1,1010,86.1,0,0
889,2022-06-17 10:00,22.6,208.1,1,0,1008.2,1010.1,82.3,0,0
889,2022-06-17 11:00,23.6,247.1,.9,0,1007.7,1009.6,79.2,0,0
889,2022-06-17 12:00,25.3,45,1.3,0,1006.7,1008.6,69.4,0,0
889,2022-06-17 13:00,26.8,17.4,1.5,0,1006,1007.8,65.5,0,0
889,2022-06-17 14:00,27.1,353,1,0,1005.2,1007,63.5,0,0
889,2022-06-17 15:00,27.3,239.4,2.3,0,1004.8,1006.6,63.6,0,0
889,2022-06-17 16:00,27.3,206.7,1.3,0,1004.6,1006.4,66.1,0,0
889,2022-06-17 17:00,26.8,217.1,1.9,0,1004.5,1006.3,68.8,0,0
889,2022-06-17 18:00,25.9,225.8,2.4,0,1004.8,1006.6,73.3,0,0
889,2022-06-17 19:00,25.6,229,1.7,0,1005.5,1007.3,75.6,0,0
889,2022-06-17 20:00,24.6,0,.2,0,1005.7,1007.5,81.9,0,0
889,2022-06-17 21:00,24,230.5,2.2,0,1006.3,1008.1,83.9,0,0
889,2022-06-17 22:00,23.5,246.3,1.8,0,1006.8,1008.7,88.2,0,0
889,2022-06-17 23:00,23,175.2,.6,0,1007,1008.9,92,0,0
889,2022-06-18 00:00,22.4,0,.1,0,1007,1008.9,95.7,0,0
889,2022-06-18 01:00,21.9,0,.2,0,1006.7,1008.6,98.7,0,0
889,2022-06-18 02:00,21.4,0,0,0,1006.1,1008,99.9,0,0
889,2022-06-18 03:00,21.6,0,.2,0,1006,1007.9,99.9,0,0
889,2022-06-18 04:00,21.7,0,.1,0,1005.5,1007.4,99.4,0,0
889,2022-06-18 05:00,20.7,0,.3,0,1005.7,1007.6,99.9,0,0
889,2022-06-18 06:00,21,0,.3,0,1005.7,1007.6,99.9,0,0
889,2022-06-18 07:00,23.3,0,.4,0,1006,1007.9,90.7,0,0
889,2022-06-18 08:00,24.1,218.5,.6,0,1006.2,1008,86.2,0,0
889,2022-06-18 09:00,24.6,236.6,.7,0,1006,1007.8,81.7,0,0
889,2022-06-18 10:00,24.9,231.8,1,0,1005.5,1007.3,83.1,0,0
889,2022-06-18 11:00,24.9,242.1,1.3,0,1005.9,1007.7,80,0,0
889,2022-06-18 12:00,24.9,238.4,1.8,0,1005.9,1007.7,79.6,0,0
889,2022-06-18 13:00,24.9,254.6,1.3,0,1005.5,1007.3,80.3,0,0
889,2022-06-18 14:00,24.6,219.2,1.9,0,1005.4,1007.2,82.6,0,0
889,2022-06-18 15:00,24.1,231.6,2.1,0,1005.2,1007,90.5,0,0
889,2022-06-18 16:00,25,233.3,.7,0,1005,1006.9,83.8,0,0
889,2022-06-18 17:00,25.8,339,.5,0,1004.9,1006.7,77.9,0,0
889,2022-06-18 18:00,25.3,.8,.5,0,1005,1006.8,78.8,0,0
889,2022-06-18 19:00,24.9,294.7,.9,0,1005.4,1007.2,81.2,0,0
889,2022-06-18 20:00,23.5,262,1.4,0,1006.2,1008.1,86,0,0
889,2022-06-18 21:00,21.7,0,.2,0,1006.4,1008.3,95.6,0,0
889,2022-06-18 22:00,22.7,207.6,1,0,1007.3,1009.2,92.2,0,0
889,2022-06-18 23:00,22.3,0,.1,0,1007.6,1009.5,96.1,0,0
889,2022-06-19 00:00,21.9,0,.3,0,1007.3,1009.2,98.5,0,0
889,2022-06-19 01:00,21.9,0,.4,0,1007.2,1009.1,98.7,0,0
889,2022-06-19 02:00,22.2,0,.3,0,1006.8,1008.7,97,0,0
889,2022-06-19 03:00,22.4,199.7,.6,0,1006.6,1008.5,97,0,0
889,2022-06-19 04:00,22.1,0,0,0,1006.6,1008.5,99.2,0,0
889,2022-06-19 05:00,21.8,0,0,0,1006.8,1008.7,99.9,0,0
889,2022-06-19 06:00,22.2,0,.2,0,1006.9,1008.8,98.7,0,0
889,2022-06-19 07:00,22.8,0,.1,0,1007.1,1009,96.9,0,0
889,2022-06-19 08:00,23,0,.2,0,1007.1,1009,95.9,0,0
889,2022-06-19 09:00,23.7,192.7,.5,0,1007,1008.9,90.6,0,0
889,2022-06-19 10:00,23.9,89.2,.6,0,1006.8,1008.6,89.8,0,0
889,2022-06-19 11:00,23.5,228.7,1.5,0,1006.8,1008.7,89.4,0,0
889,2022-06-19 12:00,24.5,250.7,.5,0,1006.3,1008.1,83.3,0,0
889,2022-06-19 13:00,24.5,222,1.5,0,1006,1007.8,85.2,0,0
889,2022-06-19 14:00,24.8,256,1.1,0,1005.8,1007.6,83.6,0,0
889,2022-06-19 15:00,24.8,201.7,1.2,0,1005.6,1007.4,85.6,0,0
889,2022-06-19 16:00,24.7,252.9,1,0,1005.4,1007.2,85.2,0,0
889,2022-06-19 17:00,25.7,254.8,.7,0,1004.9,1006.7,79,0,0
889,2022-06-19 18:00,25.3,7.3,.6,0,1004.7,1006.5,82.3,0,0
889,2022-06-19 19:00,25.2,0,.4,0,1004.9,1006.7,82.6,0,0
889,2022-06-19 20:00,24.2,241.6,.5,0,1005.2,1007,89.9,0,0
889,2022-06-19 21:00,23.5,0,.3,0,1005.8,1007.7,93.7,0,0
889,2022-06-19 22:00,23.1,0,0,0,1005.8,1007.7,98,0,0
889,2022-06-19 23:00,22.8,0,0,0,1005.5,1007.4,99.9,0,0
889,2022-06-20 00:00,21.9,0,.3,0,1005.3,1007.2,99.9,0,0
889,2022-06-20 01:00,21.2,227.3,.5,0,1005.2,1007.1,99.9,0,0
889,2022-06-20 02:00,21.8,0,.3,0,1005.1,1007,99.9,0,0
889,2022-06-20 03:00,21.9,0,0,0,1004.6,1006.5,99.9,0,0
889,2022-06-20 04:00,21.8,0,0,0,1004.2,1006.1,99.9,0,0
889,2022-06-20 05:00,21.5,0,0,0,1004.3,1006.2,99.9,0,0
889,2022-06-20 06:00,21.9,0,0,0,1004.4,1006.3,99.9,0,0
889,2022-06-20 07:00,23.2,0,0,0,1004.4,1006.3,98.5,0,0
889,2022-06-20 08:00,24.1,0,.2,0,1004.4,1006.2,90.5,0,0
889,2022-06-20 09:00,24.9,17.3,.8,0,1004.4,1006.2,86.1,0,0
889,2022-06-20 10:00,25.7,13.9,.8,0,1004.1,1005.9,82.1,0,0
889,2022-06-20 11:00,25.9,359.4,1.2,0,1004.2,1006,73.7,0,0
889,2022-06-20 12:00,26.6,247.2,.9,0,1003.7,1005.5,72.7,0,0
889,2022-06-20 13:00,27.4,6.4,1.2,0,1003.3,1005.1,69.8,0,0
889,2022-06-20 14:00,28.2,4.8,1,0,1002.8,1004.6,67.1,0,0
889,2022-06-20 15:00,29.3,17.6,.8,0,1002.3,1004.1,61.5,0,0
889,2022-06-20 16:00,29.8,13.3,1.3,0,1001.5,1003.3,61.3,0,0
889,2022-06-20 17:00,29,6.1,1,0,1001.3,1003.1,62,0,0
889,2022-06-20 18:00,29.5,322.8,.7,0,1001.2,1003,60.3,0,0
889,2022-06-20 19:00,28.3,287.4,1.2,0,1001.5,1003.3,63.3,0,0
889,2022-06-20 20:00,25.8,241.3,.6,0,1001.8,1003.6,75,0,0
889,2022-06-20 21:00,23.8,0,.4,0,1002,1003.8,92.9,0,0
889,2022-06-20 22:00,22.5,0,.1,0,1002.1,1004,98.5,0,0
889,2022-06-20 23:00,22.3,224.5,.5,0,1002.2,1004.1,99.9,0,0
889,2022-06-21 00:00,21.6,220.9,.6,0,1002.2,1004.1,99.9,0,0
889,2022-06-21 01:00,21.3,0,.4,0,1002,1003.9,99.9,0,0
889,2022-06-21 02:00,20.8,0,0,0,1001.8,1003.7,99.9,0,0
889,2022-06-21 03:00,20.5,0,.4,0,1002.4,1004.3,99.9,0,0
889,2022-06-21 04:00,21.3,0,0,0,1002.2,1004.1,99.9,0,0
889,2022-06-21 05:00,20.4,0,0,0,1002.1,1004,99.9,0,0
889,2022-06-21 06:00,20.7,0,0,0,1002.3,1004.2,99.9,0,0
889,2022-06-21 07:00,22.5,0,0,0,1002.5,1004.4,99.9,0,0
889,2022-06-21 08:00,24.4,4.9,.8,0,1002.7,1004.5,93.4,0,0
889,2022-06-21 09:00,26.4,17.7,1,0,1002.7,1004.5,82.8,0,0
889,2022-06-21 10:00,28,5.2,1.4,0,1002.5,1004.3,74.9,0,0
889,2022-06-21 11:00,28.8,10.1,1.9,0,1002.2,1004,69.8,0,0
889,2022-06-21 12:00,30.2,7.9,2.1,0,1001.7,1003.5,62,0,0
889,2022-06-21 13:00,31.6,352.7,1.6,0,1001.2,1003,53.5,0,0
889,2022-06-21 14:00,32,3.2,1.9,0,1000.7,1002.5,53.2,0,0
889,2022-06-21 15:00,31.9,345.3,2,0,1000.6,1002.4,54.9,0,0
889,2022-06-21 16:00,32.3,331.7,1.5,0,1000.7,1002.5,54.7,0,0
889,2022-06-21 17:00,31.7,290.6,1.7,0,1000.9,1002.7,54.4,0,0
889,2022-06-21 18:00,30.8,268.4,1.6,0,1000.9,1002.7,54,0,0
889,2022-06-21 19:00,29.5,255,1.7,0,1001.5,1003.3,58.7,0,0
889,2022-06-21 20:00,27.2,253.4,.6,0,1002.1,1003.9,67.2,0,0
889,2022-06-21 21:00,26.6,247.8,1,0,1003,1004.8,68.9,0,0
889,2022-06-21 22:00,25.9,291.1,.8,0,1003.7,1005.5,71.3,0,0
889,2022-06-21 23:00,23.9,0,.4,0,1004,1005.8,84.7,0,0
889,2022-06-22 00:00,23.5,0,.2,0,1004.2,1006,89.3,0,0
889,2022-06-22 01:00,23.4,228.1,2,0,1004.2,1006,90.2,0,0
889,2022-06-22 02:00,22.6,251.8,1.2,0,1004.3,1006.2,93.5,0,0
889,2022-06-22 03:00,22,255.8,1.3,0,1004.8,1006.7,96.9,0,0
889,2022-06-22 04:00,22,231.7,.9,0,1005,1006.9,97,0,0
889,2022-06-22 05:00,22.4,225.9,1,0,1005.5,1007.4,95.5,0,0
889,2022-06-22 06:00,22.5,238.7,.7,0,1006.1,1008,95.5,0,0
889,2022-06-22 07:00,22.7,244.9,1.2,0,1006.6,1008.5,95.2,0,0
889,2022-06-22 08:00,23.5,238,1,0,1007,1008.9,91.2,0,0
889,2022-06-22 09:00,24.5,226.9,.7,0,1006.9,1008.7,85.6,0,0
889,2022-06-22 10:00,26.4,203.2,1,0,1006.5,1008.3,76.1,0,0
889,2022-06-22 11:00,27.2,16.6,1.1,0,1006.3,1008.1,70.1,0,0
889,2022-06-22 12:00,27.6,10.1,1.3,0,1006.1,1007.9,69.3,0,0
889,2022-06-22 13:00,28.4,309.7,1.4,0,1006,1007.8,66.5,0,0
889,2022-06-22 14:00,29.9,217.5,2.4,0,1005.4,1007.2,54.7,0,0
889,2022-06-22 15:00,31.1,235.8,1.8,0,1005.1,1006.9,53.1,0,0
889,2022-06-22 16:00,30.7,250.6,2.7,0,1005.2,1007,41.1,0,0
889,2022-06-22 17:00,30.4,284.4,1.7,0,1005.1,1006.9,50.2,0,0
889,2022-06-22 18:00,28.4,280,1.3,0,1005.2,1007,62.9,0,0
889,2022-06-22 19:00,28,257.9,1.2,0,1005.3,1007.1,64.9,0,0
889,2022-06-22 20:00,26.6,234.6,.9,0,1005.5,1007.3,69.2,0,0
889,2022-06-22 21:00,24.6,0,.1,0,1005.5,1007.3,80.4,0,0
889,2022-06-22 22:00,23.7,227.5,.6,0,1005.5,1007.3,90.1,0,0
889,2022-06-22 23:00,23.3,0,.1,0,1005.1,1007,92.1,0,0
889,2022-06-23 00:00,22.8,221.5,.6,0,1004.8,1006.7,94.5,0,0
889,2022-06-23 01:00,22.8,0,.3,0,1004.2,1006.1,95.5,0,0
889,2022-06-23 02:00,21.9,0,0,0,1004.2,1006.1,98.8,0,0
889,2022-06-23 03:00,21.7,231.1,.5,0,1003.7,1005.6,99.2,0,0
889,2022-06-23 04:00,22.1,0,.4,0,1003.5,1005.4,99.1,0,0
889,2022-06-23 05:00,22,0,.2,0,1002.8,1004.7,99.8,0,0
889,2022-06-23 06:00,23.1,0,.1,0,1002.7,1004.6,97.5,0,0
889,2022-06-23 07:00,24.7,0,.2,0,1002.5,1004.3,89.7,0,0
889,2022-06-23 08:00,25.6,0,.3,0,1002.4,1004.2,82.9,0,0
889,2022-06-23 09:00,24.1,0,.3,0,1001.7,1003.5,99.9,0,0
889,2022-06-23 10:00,25.9,42.2,.6,0,1000.6,1002.4,90.7,0,0
889,2022-06-23 11:00,26.7,52.9,.6,0,999.3,1001.1,87.2,0,0
889,2022-06-23 12:00,27,63,.7,0,998,999.8,90.4,0,0
889,2022-06-23 13:00,24.9,217.7,.9,7,997.3,999.1,99.9,0,0
889,2022-06-23 14:00,25.1,226.4,2.2,5.5,996.6,998.4,99.9,0,0
889,2022-06-23 15:00,25.1,225,2.2,4,996.1,997.9,99.9,0,0
889,2022-06-23 16:00,24.9,227.3,2.4,6.5,995.7,997.5,99.9,0,0
889,2022-06-23 17:00,24.9,210,1.8,1.5,995.1,996.9,99.9,0,0
889,2022-06-23 18:00,24.9,234.6,2.1,4.5,993.5,995.3,99.9,0,0
889,2022-06-23 19:00,24.2,215.4,2.7,20.5,993.7,995.5,99.9,0,0
889,2022-06-23 20:00,24.2,232.9,2.9,10,994.2,996,99.9,0,0
889,2022-06-23 21:00,24.3,215.9,2.2,.5,994.3,996.1,99.9,0,0
889,2022-06-23 22:00,23.8,218.4,3,15,994.3,996.1,99.9,0,0
889,2022-06-23 23:00,24.1,225.1,2.3,4,993.8,995.6,99.9,0,0
889,2022-06-24 00:00,24.1,213.5,2.6,0,992.4,994.2,99.9,0,0
889,2022-06-24 01:00,23.9,224,2.2,16,991.9,993.7,99.9,0,0
889,2022-06-24 02:00,23.4,234.1,2.7,6.5,991.8,993.6,99.9,0,0
889,2022-06-24 03:00,22.7,241.5,2.9,0,991.8,993.6,99.9,0,0
889,2022-06-24 04:00,22.3,242.1,1.5,0,991.6,993.4,99.9,0,0
889,2022-06-24 05:00,21.4,244.7,2.7,0,992.6,994.4,99.9,0,0
889,2022-06-24 06:00,20.4,215.5,2.3,0,993.9,995.8,99.9,0,0
889,2022-06-24 07:00,20.7,215.6,2.4,0,994.9,996.8,99.9,0,0
889,2022-06-24 08:00,21.7,216.6,2,0,995.4,997.3,99.9,0,0
889,2022-06-24 09:00,22.8,213.8,1.7,0,996.1,997.9,99.9,0,0
889,2022-06-24 10:00,23.6,229.1,2.1,0,996.5,998.3,94.8,0,0
889,2022-06-24 11:00,22.8,232.4,2,0,996.9,998.7,97.6,0,0
889,2022-06-24 12:00,23.7,232.7,1.4,0,997.1,998.9,93.3,0,0
889,2022-06-24 13:00,23.6,233.1,1.8,0,997.3,999.1,95.6,0,0
889,2022-06-24 14:00,23.8,230.1,1.9,0,996.9,998.7,99.9,0,0
889,2022-06-24 15:00,22.5,262.8,2.4,0,997.2,999,99.9,0,0
889,2022-06-24 16:00,24.2,216.8,1.9,0,997.2,999,92.4,0,0
889,2022-06-24 17:00,25.9,210.8,1.8,0,996.9,998.7,82.1,0,0
889,2022-06-24 18:00,26.4,216.1,2.4,0,997,998.8,79.4,0,0
889,2022-06-24 19:00,25.2,217.9,1.5,0,997.2,999,81.8,0,0
889,2022-06-24 20:00,24.7,214.5,2.2,0,997.8,999.6,86.5,0,0
889,2022-06-24 21:00,24.2,230.2,2.5,0,998.7,1000.5,91.5,0,0
889,2022-06-24 22:00,23.7,220.6,1.4,0,999.6,1001.4,94.7,0,0
889,2022-06-24 23:00,22.9,245.8,1.9,0,1000.2,1002,96.5,0,0
889,2022-06-25 00:00,22.5,234.6,1.4,0,1000,1001.9,98.5,0,0
889,2022-06-25 01:00,21.4,0,.4,0,999.6,1001.5,99.9,0,0
889,2022-06-25 02:00,20.7,0,.3,0,999.9,1001.8,99.9,0,0
889,2022-06-25 03:00,20.1,166,.6,0,999.8,1001.7,99.9,0,0
889,2022-06-25 04:00,19.2,0,.4,0,1000.5,1002.4,99.9,0,0
889,2022-06-25 05:00,20.3,0,.2,0,1001.3,1003.2,99.9,0,0
889,2022-06-25 06:00,21.8,0,.4,0,1001.4,1003.3,99.9,0,0
889,2022-06-25 07:00,23.2,0,.3,0,1001.8,1003.6,92,0,0
889,2022-06-25 08:00,24.8,45.2,.8,0,1002.4,1004.2,83.7,0,0
889,2022-06-25 09:00,25.6,0,.3,0,1002.6,1004.4,83.8,0,0
889,2022-06-25 10:00,27,217.6,1.3,0,1002.7,1004.5,83.1,0,0
889,2022-06-25 11:00,28.5,221.5,1.1,0,1002.4,1004.2,74.6,0,0
889,2022-06-25 12:00,29.7,252.6,1.1,0,1002.2,1004,73.9,0,0
889,2022-06-25 13:00,30.4,217.6,1.9,0,1001.8,1003.6,75.5,0,0
889,2022-06-25 14:00,31.2,245.7,2.5,0,1001.4,1003.2,76.1,0,0
889,2022-06-25 15:00,31.8,208.2,2.7,0,1001.4,1003.2,71.4,0,0
889,2022-06-25 16:00,30.7,219,2.1,0,1001.4,1003.2,77.5,0,0
889,2022-06-25 17:00,30.4,210,2.3,0,1001.8,1003.6,76.5,0,0
889,2022-06-25 18:00,29.7,239.8,2.5,0,1002.3,1004.1,76.1,0,0
889,2022-06-25 19:00,28.4,202.6,1.8,0,1003.1,1004.9,78.8,0,0
889,2022-06-25 20:00,27.7,222.5,1.5,0,1003.7,1005.5,80.4,0,0
889,2022-06-25 21:00,26.8,194.3,1.3,0,1004.1,1005.9,85.1,0,0
889,2022-06-25 22:00,26,198.3,.8,0,1005,1006.8,90.3,0,0
889,2022-06-25 23:00,25,0,.4,0,1005.5,1007.4,97.1,0,0
889,2022-06-26 00:00,25,247.6,.6,0,1005,1006.9,98.3,0,0
889,2022-06-26 01:00,24.4,0,.4,0,1004.7,1006.5,99.9,0,0
889,2022-06-26 02:00,25.6,218.6,1.5,0,1004.3,1006.1,93.6,0,0
889,2022-06-26 03:00,25.5,217.8,1,0,1004.4,1006.2,88.3,0,0
889,2022-06-26 04:00,25.7,207.8,1.2,0,1004.8,1006.6,89.2,0,0
889,2022-06-26 05:00,25.6,0,.4,0,1004.3,1006.1,90.6,0,0
889,2022-06-26 06:00,25.8,225.9,1.2,0,1005.2,1007,92.5,0,0
889,2022-06-26 07:00,25.9,213.3,1.4,0,1006,1007.8,92.6,0,0
889,2022-06-26 08:00,25.6,0,.3,0,1006.9,1008.8,95.7,0,0
889,2022-06-26 09:00,25.8,212.9,1,0,1006.4,1008.2,94,0,0
889,2022-06-26 10:00,26.3,229.2,.8,0,1007.3,1009.1,93,0,0
889,2022-06-26 11:00,27.6,235,1.5,0,1007.6,1009.4,89.4,0,0
889,2022-06-26 12:00,28,212.7,2,0,1007,1008.8,87.4,0,0
889,2022-06-26 13:00,28.1,163,1.2,0,1006.6,1008.4,88.1,0,0
889,2022-06-26 14:00,28.7,200.9,1.1,0,1006.2,1008,87.8,0,0
889,2022-06-26 15:00,29,216.7,2.1,0,1006,1007.8,84.7,0,0
889,2022-06-26 16:00,28.7,215.5,1.6,0,1006.5,1008.3,85.3,0,0
889,2022-06-26 17:00,28.6,216.6,1.3,0,1005.9,1007.7,85.6,0,0
889,2022-06-26 18:00,28.3,269.1,.8,0,1006,1007.8,89.4,0,0
889,2022-06-26 19:00,28,231,.9,0,1006.7,1008.5,88.8,0,0
889,2022-06-26 20:00,26.8,0,0,0,1006.8,1008.6,95.4,0,0
889,2022-06-26 21:00,26.6,0,.4,0,1007.7,1009.5,94.9,0,0
889,2022-06-26 22:00,25.9,0,.2,0,1008.8,1010.7,99.2,0,0
889,2022-06-26 23:00,27.4,223.4,1.4,0,1009.2,1011,87.8,0,0
889,2022-06-27 00:00,27.3,236.1,.5,0,1008.4,1010.2,88,0,0
889,2022-06-27 01:00,27.3,264.5,.5,0,1008.5,1010.3,88.4,0,0
889,2022-06-27 02:00,25.8,192.6,.6,0,1008.2,1010.1,99.9,0,0
889,2022-06-27 03:00,25.1,0,.3,0,1007.7,1009.6,99.9,0,0
889,2022-06-27 04:00,24.8,0,.1,1,1007.8,1009.6,99.9,0,0
889,2022-06-27 05:00,24.5,0,.1,0,1007.6,1009.4,99.9,0,0
889,2022-06-27 06:00,24.4,0,0,0,1007.8,1009.6,99.9,0,0
889,2022-06-27 07:00,25.1,0,0,0,1007.5,1009.4,99.9,0,0
889,2022-06-27 08:00,25.9,0,.2,0,1007.3,1009.1,99.9,0,0
889,2022-06-27 09:00,26.5,0,.2,0,1006.8,1008.6,99.9,0,0
889,2022-06-27 10:00,27.6,133,.6,0,1006.8,1008.6,92.5,0,0
889,2022-06-27 11:00,28.8,287.9,.9,0,1006.6,1008.4,83.5,0,0
889,2022-06-27 12:00,28,255.6,.8,1,1005.6,1007.4,92.5,0,0
889,2022-06-27 13:00,27.1,219.7,1.5,1.5,1005.3,1007.1,94.8,0,0
889,2022-06-27 14:00,26.3,197.3,1.6,3.5,1004.9,1006.7,99.9,0,0
889,2022-06-27 15:00,27,208.8,.7,.5,1003.8,1005.6,99.9,0,0
889,2022-06-27 16:00,26.2,211.3,.7,1,1003.8,1005.6,99.9,0,0
889,2022-06-27 17:00,26.5,212.4,1.8,1,1003.3,1005.1,98.9,0,0
889,2022-06-27 18:00,26.9,253.7,1.2,0,1002.1,1003.9,95.1,0,0
889,2022-06-27 19:00,28.1,229.2,3.2,0,1002.3,1004.1,86.5,0,0
889,2022-06-27 20:00,28.2,222,2.3,0,1002.3,1004.1,84.4,0,0
889,2022-06-27 21:00,28.3,221.8,1.9,0,1002.8,1004.6,84.2,0,0
889,2022-06-27 22:00,28.3,211.7,1.8,0,1003,1004.8,83.1,0,0
889,2022-06-27 23:00,28.4,230.8,1.9,0,1002.8,1004.6,83,0,0
889,2022-06-28 00:00,28.4,221.5,1.9,0,1002.4,1004.2,82.2,0,0
889,2022-06-28 01:00,28.4,206.1,2.5,0,1002.2,1004,80.5,0,0
889,2022-06-28 02:00,28.3,216.4,2,0,1002.2,1004,80.2,0,0
889,2022-06-28 03:00,28.3,218.8,2,0,1001.7,1003.5,78.9,0,0
889,2022-06-28 04:00,28.2,214.8,2.3,0,1001.5,1003.3,78.4,0,0
889,2022-06-28 05:00,27.8,217.3,2.8,0,1001.3,1003.1,81.8,0,0
889,2022-06-28 06:00,28.1,212.4,3.1,0,1001.2,1003,80.4,0,0
889,2022-06-28 07:00,28.1,217.2,3.2,0,1001.1,1002.9,81.4,0,0
889,2022-06-28 08:00,28,226.5,3.8,0,1001.1,1002.9,82.8,0,0
889,2022-06-28 09:00,28.5,225.3,2.8,0,1000.8,1002.6,80.5,0,0
889,2022-06-28 10:00,29,205.8,2.6,0,1000.4,1002.2,78.3,0,0
889,2022-06-28 11:00,28.9,226.2,2.6,0,1000.7,1002.5,79.4,0,0
889,2022-06-28 12:00,29,226.4,3.2,0,1000.7,1002.5,79.4,0,0
889,2022-06-28 13:00,29,226.4,4,0,1000.6,1002.4,79.2,0,0
889,2022-06-28 14:00,27.4,224,3.5,1,1000.4,1002.2,90.5,0,0
889,2022-06-28 15:00,27.9,227.6,3.5,0,1000,1001.8,87.3,0,0
889,2022-06-28 16:00,28.2,223.2,3.6,0,999.8,1001.6,86,0,0
889,2022-06-28 17:00,27.9,223.8,2.7,0,999.9,1001.7,86.9,0,0
889,2022-06-28 18:00,28.2,230.1,3.9,0,1000.3,1002.1,85.3,0,0
889,2022-06-28 19:00,28.2,220.7,2.6,0,1000.5,1002.3,84.4,0,0
889,2022-06-28 20:00,28,205.9,1.7,0,1000.7,1002.5,85,0,0
889,2022-06-28 21:00,27.8,231,1.9,0,1000.6,1002.4,86.2,0,0
889,2022-06-28 22:00,28.6,220,2.5,0,1000.9,1002.7,79.8,0,0
889,2022-06-28 23:00,26.8,227,.5,.5,1000.9,1002.7,91.1,0,0
889,2022-06-29 00:00,26.1,206.7,2.4,1,1000.8,1002.6,97.3,0,0
889,2022-06-29 01:00,25.7,215.6,2.2,2.5,999.9,1001.7,99.9,0,0
889,2022-06-29 02:00,25.3,203,1.9,6.5,999,1000.8,99.9,0,0
889,2022-06-29 03:00,25.4,201.6,2.2,2,999.3,1001.1,99.9,0,0
889,2022-06-29 04:00,26.2,218.9,4,0,999,1000.8,97.7,0,0
889,2022-06-29 05:00,25.7,218.4,3.7,2,999.6,1001.4,99.9,0,0
889,2022-06-29 06:00,25.7,219.9,3.2,0,1000.7,1002.5,99.9,0,0
889,2022-06-29 07:00,25.7,219.2,3.3,0,1001,1002.8,99.9,0,0
889,2022-06-29 08:00,25.9,220,3,0,1001.6,1003.4,99.9,0,0
889,2022-06-29 09:00,25.9,225.9,2.8,0,1002.3,1004.1,99.6,0,0
889,2022-06-29 10:00,25.8,199.6,1.9,.5,1002.7,1004.5,99.9,0,0
889,2022-06-29 11:00,26.2,238.3,2.5,0,1003.2,1005,98.6,0,0
889,2022-06-29 12:00,25.8,216,1.6,1,1003.4,1005.2,99.9,0,0
889,2022-06-29 13:00,26,207.4,2,3,1003.4,1005.2,99.9,0,0
889,2022-06-29 14:00,25.9,226.3,1.7,4.5,1003.6,1005.4,99.9,0,0
889,2022-06-29 15:00,27.3,231.1,1.7,0,1003.4,1005.2,94.9,0,0
889,2022-06-29 16:00,27,214.1,2,0,1003.3,1005.1,96.2,0,0
889,2022-06-29 17:00,27.6,225.9,2,0,1002.8,1004.6,93.4,0,0
889,2022-06-29 18:00,26.8,226.1,1.5,.5,1002.7,1004.5,97.1,0,0
889,2022-06-29 19:00,26.2,205,1.5,2,1003.3,1005.1,99.9,0,0
889,2022-06-29 20:00,25.1,215.9,1.8,14.5,1004,1005.8,99.9,0,0
889,2022-06-29 21:00,24.9,209.9,1.1,1.5,1004.5,1006.3,99.9,0,0
889,2022-06-29 22:00,25,211.8,1.2,0,1005.7,1007.6,99.9,0,0
889,2022-06-29 23:00,24.9,0,.1,1.5,1006,1007.8,99.9,0,0
889,2022-06-30 00:00,24.8,0,.3,4,1005.8,1007.6,99.9,0,0
889,2022-06-30 01:00,24.7,0,.4,3.5,1005.9,1007.7,99.9,0,0
889,2022-06-30 02:00,23.8,218.1,1.9,2.5,1006.5,1008.3,99.9,0,0
889,2022-06-30 03:00,23.4,136.5,.8,7,1006.4,1008.3,99.9,0,0
889,2022-06-30 04:00,22.8,302.8,.6,19,1006.7,1008.6,99.9,0,0
889,2022-06-30 05:00,22.5,269.4,.9,20.5,1006.8,1008.7,99.9,0,0
889,2022-06-30 06:00,22.5,35.9,.7,27,1007.3,1009.2,99.9,0,0
889,2022-06-30 07:00,22.5,100.5,.9,7.5,1007.7,1009.6,99.9,0,0
889,2022-06-30 08:00,22.4,243.5,.5,11,1008.8,1010.7,99.9,0,0
889,2022-06-30 09:00,22.4,1.4,.9,8.5,1008.7,1010.6,99.9,0,0
889,2022-06-30 10:00,22.3,55.9,.8,13.5,1008.9,1010.8,99.9,0,0
889,2022-06-30 11:00,22.9,43.7,.9,10,1008.6,1010.5,99.9,0,0
889,2022-06-30 12:00,23.3,51.6,.8,1,1009,1010.9,99.9,0,0
889,2022-06-30 13:00,23.5,68.1,.9,0,1009.2,1011.1,99.9,0,0
889,2022-06-30 14:00,23.2,20.5,.8,2,1009.1,1011,99.9,0,0
889,2022-06-30 15:00,22.9,18,1,5.5,1008.6,1010.5,99.9,0,0
889,2022-06-30 16:00,22.6,275.8,.8,4.5,1008.8,1010.7,99.9,0,0
889,2022-06-30 17:00,21.3,256.3,1.1,10,1009.1,1011,99.9,0,0
889,2022-06-30 18:00,21.4,64.9,.9,22.5,1009.2,1011.1,99.9,0,0
889,2022-06-30 19:00,21.5,162.1,.7,12.5,1010,1011.9,99.9,0,0
889,2022-06-30 20:00,21.7,0,.4,3.5,1010.1,1012,99.9,0,0
889,2022-06-30 21:00,22,0,.3,1,1010.4,1012.3,99.9,0,0
889,2022-06-30 22:00,22.1,0,.4,0,1010.9,1012.8,99.9,0,0
889,2022-06-30 23:00,22.3,23.8,.8,0,1011.3,1013.2,99.9,0,0
889,2022-07-01 00:00,22.2,0,.2,0,1011.2,1013.1,99.9,0,0
889,2022-07-01 01:00,22.3,226.1,.5,0,1011.8,1013.7,99.9,0,0
889,2022-07-01 02:00,22.3,0,.2,0,1011.9,1013.8,99.9,0,0
889,2022-07-01 03:00,21.8,0,.3,0,1012.3,1014.2,99.9,0,0
889,2022-07-01 04:00,22.2,0,.1,0,1012.3,1014.2,99.9,0,0
889,2022-07-01 05:00,22.6,0,0,0,1012.4,1014.3,99.9,0,0
889,2022-07-01 06:00,22.7,0,0,0,1012.5,1014.4,99.9,0,0
889,2022-07-01 07:00,23.6,0,0,0,1012.9,1014.8,99.9,0,0
889,2022-07-01 08:00,24.2,0,.2,0,1013.1,1015,99.9,0,0
889,2022-07-01 09:00,25.5,27.1,.8,0,1013.1,1015,99.9,0,0
889,2022-07-01 10:00,27.5,82,1,0,1013.1,1014.9,98.5,0,0
889,2022-07-01 11:00,28.5,216.4,.5,0,1013.4,1015.2,87.1,0,0
889,2022-07-01 12:00,30.8,236,1.1,0,1013.3,1015.1,68.8,0,0
889,2022-07-01 13:00,30.4,251.5,2,0,1013,1014.8,71.6,0,0
889,2022-07-01 14:00,31.5,239.1,2.7,0,1012.7,1014.5,67.4,0,0
889,2022-07-01 15:00,31.4,240.9,3.1,0,1012.2,1014,70.1,0,0
889,2022-07-01 16:00,31.7,223.4,1.8,0,1011.9,1013.7,69.8,0,0
889,2022-07-01 17:00,30.9,244.3,2.2,0,1011.7,1013.5,69.1,0,0
889,2022-07-01 18:00,31,243.1,1.9,0,1011.5,1013.3,70.9,0,0
889,2022-07-01 19:00,30,252.5,1.7,0,1011.7,1013.5,75.1,0,0
889,2022-07-01 20:00,28,234.3,.9,0,1012.3,1014.1,83.2,0,0
889,2022-07-01 21:00,25.9,0,.1,0,1012.7,1014.6,92,0,0
889,2022-07-01 22:00,25.2,0,.3,0,1013.1,1015,96.1,0,0
889,2022-07-01 23:00,24.8,0,.4,0,1013.3,1015.2,99.5,0,0
889,2022-07-02 00:00,24.5,244,.5,0,1013.2,1015.1,99.9,0,0
889,2022-07-02 01:00,24.1,0,.3,0,1012.9,1014.8,99.9,0,0
889,2022-07-02 02:00,24,0,.3,0,1012.9,1014.8,99.9,0,0
889,2022-07-02 03:00,23.6,0,.3,0,1012.5,1014.4,99.9,0,0
889,2022-07-02 04:00,23.3,0,0,0,1012.8,1014.7,99.9,0,0
889,2022-07-02 05:00,23.2,0,.3,0,1012.7,1014.6,99.9,0,0
889,2022-07-02 06:00,23.4,0,.1,0,1012.9,1014.8,99.9,0,0
889,2022-07-02 07:00,24.6,0,.4,0,1012.4,1014.3,99.9,0,0
889,2022-07-02 08:00,25.4,9.2,1.1,0,1012.5,1014.4,99.9,0,0
889,2022-07-02 09:00,28.2,7,1.1,0,1012.7,1014.5,91.7,0,0
889,2022-07-02 10:00,30.8,291.9,.8,0,1012.8,1014.6,67,0,0
889,2022-07-02 11:00,31.7,19.3,1.4,0,1012.4,1014.2,64.9,0,0
889,2022-07-02 12:00,32.5,340.2,1.1,0,1012,1013.8,57.5,0,0
889,2022-07-02 13:00,33,356,1.3,0,1011.3,1013.1,55.9,0,0
889,2022-07-02 14:00,33.6,278.6,1.2,0,1010.6,1012.4,54.2,0,0
889,2022-07-02 15:00,33.9,249.4,1.7,0,1009.8,1011.6,52.8,0,0
889,2022-07-02 16:00,32.6,239.7,1.2,0,1009.3,1011.1,58.3,0,0
889,2022-07-02 17:00,33.7,323.3,1.1,0,1008.8,1010.6,57.8,0,0
889,2022-07-02 18:00,33.6,332.1,1,0,1008.7,1010.5,57,0,0
889,2022-07-02 19:00,31.8,330.6,1.2,0,1008.6,1010.4,65.3,0,0
889,2022-07-02 20:00,29.3,0,.3,0,1008.8,1010.6,76,0,0
889,2022-07-02 21:00,27,0,0,0,1009.2,1011,88.4,0,0
889,2022-07-02 22:00,27.3,0,.2,0,1009.5,1011.3,85.9,0,0
889,2022-07-02 23:00,25.7,0,.1,0,1009.4,1011.3,92.6,0,0
889,2022-07-03 00:00,25.2,0,.1,0,1009.6,1011.5,96.4,0,0
889,2022-07-03 01:00,25,0,0,0,1009.5,1011.4,98.1,0,0
889,2022-07-03 02:00,24.6,0,0,0,1009.2,1011,99.6,0,0
889,2022-07-03 03:00,24,0,0,0,1009.3,1011.2,99.9,0,0
889,2022-07-03 04:00,23.7,0,0,0,1008.9,1010.8,99.9,0,0
889,2022-07-03 05:00,23.5,0,0,0,1008.8,1010.7,99.9,0,0
889,2022-07-03 06:00,23.6,0,0,0,1009,1010.9,99.9,0,0
889,2022-07-03 07:00,24.6,0,0,0,1008.7,1010.5,99.9,0,0
889,2022-07-03 08:00,26,26.7,1,0,1008.5,1010.3,99.9,0,0
889,2022-07-03 09:00,28.5,51.6,.5,0,1008.3,1010.1,93.3,0,0
889,2022-07-03 10:00,30.8,.8,1.2,0,1007.9,1009.7,63.3,0,0
889,2022-07-03 11:00,32,.1,1,0,1007.5,1009.3,56.1,0,0
889,2022-07-03 12:00,33.3,8.8,1,0,1006.9,1008.7,48.3,0,0
889,2022-07-03 13:00,34.3,22,1.1,0,1006.5,1008.3,46.7,0,0
889,2022-07-03 14:00,33.7,23.6,1.6,0,1006,1007.8,48.6,0,0
889,2022-07-03 15:00,33.6,323.1,.9,0,1005.9,1007.7,50.5,0,0
889,2022-07-03 16:00,33.1,333.7,1,0,1005.5,1007.3,52.2,0,0
889,2022-07-03 17:00,33.1,327.9,1.8,0,1005.1,1006.9,54,0,0
889,2022-07-03 18:00,32.5,271.4,1.9,0,1004.9,1006.7,57.6,0,0
889,2022-07-03 19:00,31.2,266.8,.6,0,1005,1006.8,60.6,0,0
889,2022-07-03 20:00,30.5,264.7,.9,0,1005.2,1007,62.9,0,0
889,2022-07-03 21:00,28.5,0,.4,0,1005.4,1007.2,71.2,0,0
889,2022-07-03 22:00,27,0,.3,0,1005.5,1007.3,78.7,0,0
889,2022-07-03 23:00,26.3,0,.3,0,1005.5,1007.3,88.9,0,0
889,2022-07-04 00:00,25.9,0,0,0,1005.4,1007.2,91.7,0,0
889,2022-07-04 01:00,26.2,0,0,0,1005.6,1007.4,93.7,0,0
889,2022-07-04 02:00,26.3,0,0,0,1005.2,1007,93.8,0,0
889,2022-07-04 03:00,25.8,0,.1,0,1005.1,1006.9,95,0,0
889,2022-07-04 04:00,25.1,0,0,0,1004.8,1006.7,95.9,0,0
889,2022-07-04 05:00,24.9,0,.3,0,1004.7,1006.5,98.6,0,0
889,2022-07-04 06:00,24.9,0,0,0,1004.8,1006.6,99,0,0
889,2022-07-04 07:00,26.5,0,0,0,1004.5,1006.3,99.2,0,0
889,2022-07-04 08:00,28.6,0,.4,0,1004.5,1006.3,92.9,0,0
889,2022-07-04 09:00,29.4,356.3,.6,0,1004.5,1006.3,80,0,0
889,2022-07-04 10:00,30.9,0,.4,0,1004.3,1006.1,69.5,0,0
889,2022-07-04 11:00,32,4.4,1.1,0,1004,1005.8,66.4,0,0
889,2022-07-04 12:00,32.8,347,1,0,1004,1005.8,60.9,0,0
889,2022-07-04 13:00,31.5,329.1,.5,0,1003.7,1005.5,73.8,0,0
889,2022-07-04 14:00,30.2,271.6,.9,0,1003.5,1005.3,79.4,0,0
889,2022-07-04 15:00,32.2,267.2,1.8,0,1003,1004.8,64.6,0,0
889,2022-07-04 16:00,33.4,261.3,1.3,0,1002.4,1004.2,62.5,0,0
889,2022-07-04 17:00,32.2,260.2,1.6,0,1002.1,1003.9,62.5,0,0
889,2022-07-04 18:00,31.3,259,1.6,0,1001.9,1003.7,68.3,0,0
889,2022-07-04 19:00,30.9,294.2,.8,0,1002.2,1004,73.9,0,0
889,2022-07-04 20:00,30.1,240.3,.8,0,1002.2,1004,80,0,0
889,2022-07-04 21:00,28.8,232.7,.5,0,1002.7,1004.5,88.8,0,0
889,2022-07-04 22:00,28.2,0,0,0,1002.8,1004.6,90.4,0,0
889,2022-07-04 23:00,27.2,0,.1,0,1003.1,1004.9,94.4,0,0
889,2022-07-05 00:00,26.8,0,.1,0,1003.2,1005,96.7,0,0
889,2022-07-05 01:00,26,0,.3,0,1003.1,1004.9,97.8,0,0
889,2022-07-05 02:00,25.8,0,.2,0,1003.1,1004.9,98.4,0,0
889,2022-07-05 03:00,25.9,0,0,0,1003.3,1005.1,99.3,0,0
889,2022-07-05 04:00,25.7,0,0,0,1003.2,1005,99.9,0,0
889,2022-07-05 05:00,25.7,0,0,0,1003.3,1005.1,99.9,0,0
889,2022-07-05 06:00,25.7,0,0,0,1003.1,1004.9,99.9,0,0
889,2022-07-05 07:00,26.3,0,.3,0,1003.3,1005.1,99.9,0,0
889,2022-07-05 08:00,27.2,0,0,0,1003,1004.8,99.9,0,0
889,2022-07-05 09:00,28.3,0,.2,0,1003.8,1005.6,93.1,0,0
889,2022-07-05 10:00,30.2,0,.4,0,1003.6,1005.4,84.2,0,0
889,2022-07-05 11:00,31.8,311.2,.7,0,1003.7,1005.5,72.1,0,0
889,2022-07-05 12:00,32.8,346.6,1.2,0,1003.4,1005.2,66.9,0,0
889,2022-07-05 13:00,33.3,71.2,1.1,0,1002.6,1004.4,62.4,0,0
889,2022-07-05 14:00,28.5,216.2,1.7,1,1002.4,1004.2,95.4,0,0
889,2022-07-05 15:00,30.3,215.3,2.3,.5,1002.4,1004.2,84.8,0,0
889,2022-07-05 16:00,33.3,242,1.8,0,1002.2,1004,66.4,0,0
889,2022-07-05 17:00,33.4,204.2,1,0,1002.1,1003.9,69.1,0,0
889,2022-07-05 18:00,30.7,271.3,1.6,0,1002.8,1004.6,78.5,0,0
889,2022-07-05 19:00,30.7,291.6,1.4,0,1002.9,1004.7,77.8,0,0
889,2022-07-05 20:00,29.6,238.8,.9,0,1003.6,1005.4,82.5,0,0
889,2022-07-05 21:00,28.2,0,.4,0,1003.9,1005.7,87.6,0,0
889,2022-07-05 22:00,27.4,0,.1,0,1004.8,1006.6,94.1,0,0
889,2022-07-05 23:00,26.7,0,0,0,1005,1006.8,95.9,0,0
889,2022-07-06 00:00,26.3,0,0,0,1005,1006.8,97.2,0,0
889,2022-07-06 01:00,26.3,0,0,0,1005,1006.8,98.8,0,0
889,2022-07-06 02:00,26.5,0,.2,0,1004.6,1006.4,99.7,0,0
889,2022-07-06 03:00,26.1,224,.7,0,1004.9,1006.7,99.9,0,0
889,2022-07-06 04:00,25.7,0,.2,0,1005.1,1006.9,99.9,0,0
889,2022-07-06 05:00,25.9,0,.2,0,1005.3,1007.1,99.7,0,0
889,2022-07-06 06:00,25.9,0,.2,0,1005.5,1007.3,99.9,0,0
889,2022-07-06 07:00,27.5,94.7,.8,0,1005.9,1007.7,96.3,0,0
889,2022-07-06 08:00,27.9,85.3,1,0,1006.4,1008.2,90.9,0,0
889,2022-07-06 09:00,29.4,84.1,.9,0,1006.5,1008.3,84.3,0,0
889,2022-07-06 10:00,30.1,97.7,1,0,1006.2,1008,83.8,0,0
889,2022-07-06 11:00,31.2,64.9,.9,0,1006.3,1008.1,75.4,0,0
889,2022-07-06 12:00,31.8,172.9,1.1,0,1006.1,1007.9,72.9,0,0
889,2022-07-06 13:00,31.9,92.9,1.3,0,1005.6,1007.4,71.7,0,0
889,2022-07-06 14:00,32.1,159.6,.9,0,1005.2,1007,73.6,0,0
889,2022-07-06 15:00,33,137.3,.9,0,1004.6,1006.4,67.7,0,0
889,2022-07-06 16:00,33.3,210.2,.7,0,1004.2,1006,67.9,0,0
889,2022-07-06 17:00,34,165.1,.6,0,1003.8,1005.6,66,0,0
889,2022-07-06 18:00,34.3,82.9,1.1,0,1003.8,1005.6,63.3,0,0
889,2022-07-06 19:00,32.8,0,.4,0,1004.2,1006,69.2,0,0
889,2022-07-06 20:00,30.7,0,.4,0,1004.5,1006.3,78.4,0,0
889,2022-07-06 21:00,28.6,0,0,0,1004.9,1006.7,92.9,0,0
889,2022-07-06 22:00,25.9,217.7,3,17,1005.9,1007.7,99.1,0,0
889,2022-07-06 23:00,25.8,0,.3,6.5,1005.8,1007.6,99.9,0,0
889,2022-07-07 00:00,26,0,.3,0,1005.5,1007.3,99.9,0,0
889,2022-07-07 01:00,25.9,0,.1,0,1005.7,1007.5,99.9,0,0
889,2022-07-07 02:00,25.9,0,0,0,1005.7,1007.5,99.9,0,0
889,2022-07-07 03:00,25.9,0,.1,0,1005.5,1007.3,99.9,0,0
889,2022-07-07 04:00,25.8,0,.3,0,1005.6,1007.4,99.9,0,0
889,2022-07-07 05:00,25.7,0,.2,0,1005.5,1007.3,99.9,0,0
889,2022-07-07 06:00,25.7,0,.2,0,1005.8,1007.6,99.9,0,0
889,2022-07-07 07:00,26.1,0,.4,0,1005.4,1007.2,99.9,0,0
889,2022-07-07 08:00,26.9,94.3,.9,0,1005.2,1007,99.9,0,0
889,2022-07-07 09:00,27.4,343.8,.7,0,1004.6,1006.4,99.9,0,0
889,2022-07-07 10:00,29.7,129.8,.9,0,1004.3,1006.1,88.6,0,0
889,2022-07-07 11:00,30.4,261.2,.7,0,1003.8,1005.6,78.6,0,0
889,2022-07-07 12:00,30.8,0,.4,0,1003.6,1005.4,82.2,0,0
889,2022-07-07 13:00,30.4,204.7,.7,0,1003.3,1005.1,85.6,0,0
889,2022-07-07 14:00,31.4,226.4,1.8,0,1002.8,1004.6,74.8,0,0
889,2022-07-07 15:00,30.1,237.9,1.6,.5,1002.6,1004.4,89.4,0,0
889,2022-07-07 16:00,31.4,225.9,2.2,0,1002.1,1003.9,80.2,0,0
889,2022-07-07 17:00,30.4,220.7,1.5,0,1001.9,1003.7,85.6,0,0
889,2022-07-07 18:00,29.1,230.7,1.5,.5,1002,1003.8,93.2,0,0
889,2022-07-07 19:00,28.6,211.4,1.6,0,1002,1003.8,95.5,0,0
889,2022-07-07 20:00,28.4,226.6,2.4,0,1002.1,1003.9,95.6,0,0
889,2022-07-07 21:00,28.2,223.9,2.2,0,1002.6,1004.4,96.1,0,0
889,2022-07-07 22:00,27.3,230,1.6,.5,1003,1004.8,99.9,0,0
889,2022-07-07 23:00,27.3,235.7,1.2,0,1002.4,1004.2,99.8,0,0
889,2022-07-08 00:00,27.5,229.7,2.2,0,1002.4,1004.2,95.8,0,0
889,2022-07-08 01:00,27.3,225.4,2,0,1002.1,1003.9,95.3,0,0
889,2022-07-08 02:00,26,235.7,2.2,1,1002.1,1003.9,99.9,0,0
889,2022-07-08 03:00,25.5,224.8,1.1,0,1002,1003.8,99.9,0,0
889,2022-07-08 04:00,25.1,227.2,1,0,1001.9,1003.7,99.9,0,0
889,2022-07-08 05:00,25.1,240.3,1.5,0,1002,1003.8,99.9,0,0
889,2022-07-08 06:00,25,240.9,1.6,0,1002.1,1003.9,99.9,0,0
889,2022-07-08 07:00,25.2,228.4,1.8,0,1002.3,1004.1,98.9,0,0
889,2022-07-08 08:00,25.5,234.3,1.8,0,1002.3,1004.1,96.8,0,0
889,2022-07-08 09:00,25.7,239.1,1.8,0,1002.4,1004.2,95.7,0,0
889,2022-07-08 10:00,26.1,245.1,2,0,1002.3,1004.1,92.2,0,0
889,2022-07-08 11:00,27.1,233.3,1.6,0,1002,1003.8,87.8,0,0
889,2022-07-08 12:00,27.7,223.8,1.2,0,1001.8,1003.6,85.2,0,0
889,2022-07-08 13:00,27.6,249.2,1.4,0,1001.1,1002.9,82.9,0,0
889,2022-07-08 14:00,28.6,225.8,1.9,0,1000.7,1002.5,85.2,0,0
889,2022-07-08 15:00,28.3,252.4,2.2,0,1000.3,1002.1,80.4,0,0
889,2022-07-08 16:00,28.6,244,2,0,999.9,1001.7,79.7,0,0
889,2022-07-08 17:00,29,222.6,1.6,0,999.8,1001.6,75,0,0
889,2022-07-08 18:00,28.7,242.4,1.6,0,999.6,1001.4,71.8,0,0
889,2022-07-08 19:00,28.1,233.9,1.7,0,1000,1001.8,75.1,0,0
889,2022-07-08 20:00,27.1,180.3,.7,0,1000,1001.8,81.5,0,0
889,2022-07-08 21:00,26.5,292.6,1,0,1000.8,1002.6,91,0,0
889,2022-07-08 22:00,26.1,325.3,.6,0,1001.1,1002.9,92.6,0,0
889,2022-07-08 23:00,26,238.1,1.7,0,1001,1002.8,91.4,0,0
889,2022-07-09 00:00,25.3,6.6,1.1,0,1000.9,1002.7,95.3,0,0
889,2022-07-09 01:00,24.5,0,.4,0,1000.6,1002.4,99.2,0,0
889,2022-07-09 02:00,24.4,0,.1,0,1000.3,1002.1,99.9,0,0
889,2022-07-09 03:00,24.6,310.1,.6,0,1000.1,1001.9,99.9,0,0
889,2022-07-09 04:00,24.8,0,0,0,1000.1,1001.9,99.9,0,0
889,2022-07-09 05:00,24.7,9.9,.5,0,1000.4,1002.2,99.9,0,0
889,2022-07-09 06:00,24.7,0,.1,0,1000.8,1002.6,99.9,0,0
889,2022-07-09 07:00,25.1,235.3,1.1,0,1001.4,1003.2,99.9,0,0
889,2022-07-09 08:00,25.2,236.9,1.3,0,1001.7,1003.5,98.6,0,0
889,2022-07-09 09:00,25.6,3.3,.8,0,1001.6,1003.4,98.1,0,0
889,2022-07-09 10:00,26.1,272,.7,0,1001.5,1003.3,95.8,0,0
889,2022-07-09 11:00,27.4,225.8,1.6,0,1001.5,1003.3,88.6,0,0
889,2022-07-09 12:00,29.1,19.1,.6,0,1001.4,1003.2,83.4,0,0
889,2022-07-09 13:00,30,348.6,.9,0,1000.9,1002.7,74.4,0,0
889,2022-07-09 14:00,31.7,332.2,1,0,1000.4,1002.2,67.7,0,0
889,2022-07-09 15:00,32.2,216.3,1,0,1000.4,1002.2,64.4,0,0
889,2022-07-09 16:00,31.2,168.4,.5,0,1000.1,1001.9,70.9,0,0
889,2022-07-09 17:00,30.3,0,.4,0,1000.2,1002,79.5,0,0
889,2022-07-09 18:00,30,217.2,1.2,0,999.9,1001.7,76.3,0,0
889,2022-07-09 19:00,29.6,230.3,1.4,0,1000.2,1002,75.7,0,0
889,2022-07-09 20:00,27.6,234.4,.6,0,1001.1,1002.9,84.4,0,0
889,2022-07-09 21:00,26.4,233.5,.5,0,1002.1,1003.9,90,0,0
889,2022-07-09 22:00,25.8,0,.2,0,1002.6,1004.4,94.1,0,0
889,2022-07-09 23:00,25.1,0,.1,0,1002.6,1004.4,96.5,0,0
889,2022-07-10 00:00,24.6,228.8,.6,0,1002.8,1004.6,98.8,0,0
889,2022-07-10 01:00,24.4,232.4,.7,0,1002.6,1004.4,99.9,0,0
889,2022-07-10 02:00,24,231.3,.5,0,1002.5,1004.3,99.9,0,0
889,2022-07-10 03:00,23.8,0,.4,0,1002.6,1004.4,99.9,0,0
889,2022-07-10 04:00,23.3,0,.4,0,1002.6,1004.4,99.9,0,0
889,2022-07-10 05:00,23.2,231.8,.6,0,1002.6,1004.4,99.9,0,0
889,2022-07-10 06:00,23.3,0,.4,0,1003,1004.8,99.9,0,0
889,2022-07-10 07:00,25.1,0,0,0,1003.6,1005.4,99.9,0,0
889,2022-07-10 08:00,26.2,0,0,0,1004.4,1006.2,99.9,0,0
889,2022-07-10 09:00,28.3,219.6,.5,0,1004.6,1006.4,92.8,0,0
889,2022-07-10 10:00,30,7.8,.8,0,1004.6,1006.4,75.7,0,0
889,2022-07-10 11:00,31.6,37.3,.7,0,1004.6,1006.4,69.9,0,0
889,2022-07-10 12:00,32.9,338.2,1.1,0,1003.8,1005.6,65.5,0,0
889,2022-07-10 13:00,33.2,20.7,1.1,0,1003.4,1005.2,59.5,0,0
889,2022-07-10 14:00,34.5,7.9,1.2,0,1002.4,1004.2,56.3,0,0
889,2022-07-10 15:00,35.6,45.2,.7,0,1001.9,1003.7,51.6,0,0
889,2022-07-10 16:00,35.4,51.2,.7,0,1002,1003.8,54.7,0,0
889,2022-07-10 17:00,33.7,203.1,.7,0,1001,1002.8,61.3,0,0
889,2022-07-10 18:00,32.6,238.8,1.9,0,1001.1,1002.9,63,0,0
889,2022-07-10 19:00,30.9,343.9,1.3,0,1001.9,1003.7,63.5,0,0
889,2022-07-10 20:00,30.1,299.5,.9,0,1002.1,1003.9,63.8,0,0
889,2022-07-10 21:00,29.3,221.6,.8,0,1002.3,1004.1,65.2,0,0
889,2022-07-10 22:00,29,230.3,1,0,1002.8,1004.6,64.8,0,0
889,2022-07-10 23:00,27.2,203.7,.8,0,1003,1004.8,71.8,0,0
889,2022-07-11 00:00,28.4,246.1,2.4,0,1003.3,1005.1,56.5,0,0
889,2022-07-11 01:00,26.8,237.1,3.1,0,1004,1005.8,68.8,0,0
889,2022-07-11 02:00,23.1,212.6,.5,.5,1003.6,1005.5,92,0,0
889,2022-07-11 03:00,23.3,0,0,0,1003.4,1005.2,95.7,0,0
889,2022-07-11 04:00,23.3,170.9,.9,0,1003,1004.8,97.4,0,0
889,2022-07-11 05:00,23.9,223.4,.5,0,1003.1,1004.9,96.6,0,0
889,2022-07-11 06:00,23.9,0,.3,0,1003.3,1005.1,96.8,0,0
889,2022-07-11 07:00,24.6,188.2,.5,0,1003.7,1005.5,97.7,0,0
889,2022-07-11 08:00,25.9,158.4,.7,0,1003.7,1005.5,92.2,0,0
889,2022-07-11 09:00,28.2,131.2,.6,0,1003.6,1005.4,77.5,0,0
889,2022-07-11 10:00,28.9,12,1,0,1003.6,1005.4,71.2,0,0
889,2022-07-11 11:00,30,343.2,1,0,1003.7,1005.5,71.9,0,0
889,2022-07-11 12:00,30.1,255,.6,0,1003.7,1005.5,70.1,0,0
889,2022-07-11 13:00,29,219.5,.8,0,1003.4,1005.2,76.1,0,0
889,2022-07-11 14:00,26.8,210.1,1.5,0,1003.7,1005.5,96.6,0,0
889,2022-07-11 15:00,29.8,208.6,1,0,1003.4,1005.2,81.3,0,0
889,2022-07-11 16:00,29.9,179.4,.6,0,1003.5,1005.3,81.2,0,0
889,2022-07-11 17:00,28.5,133.3,.6,.5,1003.4,1005.2,84.2,0,0
889,2022-07-11 18:00,26.3,0,.4,1.5,1003.7,1005.5,97.4,0,0
889,2022-07-11 19:00,25.4,0,.3,1,1004.4,1006.2,99.9,0,0
889,2022-07-11 20:00,25.1,0,.3,0,1004.9,1006.8,99.9,0,0
889,2022-07-11 21:00,24.4,31.2,.7,0,1005.8,1007.6,99.9,0,0
889,2022-07-11 22:00,24,53,.5,0,1006.3,1008.1,99.9,0,0
889,2022-07-11 23:00,23.9,41.7,.5,0,1006.4,1008.2,99.9,0,0
889,2022-07-12 00:00,24.1,164.4,.5,0,1006.9,1008.7,95.2,0,0
889,2022-07-12 01:00,24.4,0,.3,0,1006.5,1008.3,93.3,0,0
889,2022-07-12 02:00,24.3,111.8,.9,0,1006.3,1008.1,88.6,0,0
889,2022-07-12 03:00,24.3,94.7,1.1,0,1005.5,1007.3,86.6,0,0
889,2022-07-12 04:00,22.9,0,.3,0,1006.1,1008,88.6,0,0
889,2022-07-12 05:00,22,0,.4,0,1006.4,1008.3,94.6,0,0
889,2022-07-12 06:00,22.8,93.4,.8,0,1006.4,1008.3,96.4,0,0
889,2022-07-12 07:00,24.4,131.4,.6,0,1006.2,1008,86,0,0
889,2022-07-12 08:00,25.4,0,.4,0,1006.3,1008.2,83.7,0,0
889,2022-07-12 09:00,27,0,.4,0,1006.9,1008.7,76.5,0,0
889,2022-07-12 10:00,27.5,18.7,1,0,1007.5,1009.3,74.3,0,0
889,2022-07-12 11:00,28.2,22.1,1.9,0,1007.7,1009.5,70.3,0,0
889,2022-07-12 12:00,29.2,27.7,1.1,0,1007,1008.8,70.3,0,0
889,2022-07-12 13:00,29.3,10.2,1.1,0,1006.5,1008.3,71.1,0,0
889,2022-07-12 14:00,30.1,309.6,1,0,1005.3,1007.1,70.3,0,0
889,2022-07-12 15:00,30.2,0,.4,0,1005.4,1007.2,73.8,0,0
889,2022-07-12 16:00,30.1,173.8,.6,0,1005.5,1007.3,73.5,0,0
889,2022-07-12 17:00,29.8,196.9,.6,0,1005.2,1007,77.6,0,0
889,2022-07-12 18:00,29.8,0,.3,0,1005,1006.8,81.2,0,0
889,2022-07-12 19:00,28.4,0,.2,0,1005.4,1007.2,84.6,0,0
889,2022-07-12 20:00,27.7,0,.3,0,1005.3,1007.1,88.4,0,0
889,2022-07-12 21:00,27.1,227.5,.5,0,1005.6,1007.4,89.9,0,0
889,2022-07-12 22:00,26.8,0,.3,0,1005.2,1007,92.3,0,0
889,2022-07-12 23:00,27,221.7,.5,0,1004.4,1006.2,87.8,0,0
889,2022-07-13 00:00,27.1,75.4,1.2,0,1004.2,1006,91.9,0,0
889,2022-07-13 01:00,26.6,0,.2,0,1004.9,1006.7,88.8,0,0
889,2022-07-13 02:00,26.4,0,.1,0,1004.9,1006.7,93.3,0,0
889,2022-07-13 03:00,26.5,204.3,.6,0,1004.8,1006.6,96,0,0
889,2022-07-13 04:00,26.5,128,.5,0,1004.2,1006,97.3,0,0
889,2022-07-13 05:00,26.2,8.4,.8,0,1003.6,1005.4,98.6,0,0
889,2022-07-13 06:00,25.8,157.2,.5,0,1004.1,1005.9,99,0,0
889,2022-07-13 07:00,25.3,139.6,.8,.5,1004,1005.8,99.9,0,0
889,2022-07-13 08:00,25.3,0,.2,.5,1004.2,1006,99.9,0,0
889,2022-07-13 09:00,25,49.3,.7,.5,1003.3,1005.1,99.9,0,0
889,2022-07-13 10:00,24.7,345.2,.5,1.5,1003.4,1005.2,99.9,0,0
889,2022-07-13 11:00,24.2,20.6,.9,16.5,1002.9,1004.7,99.9,0,0
889,2022-07-13 12:00,24.1,33,1.3,5,1002.1,1003.9,99.9,0,0
889,2022-07-13 13:00,24.2,21.5,1.4,4,1000.8,1002.6,99.9,0,0
889,2022-07-13 14:00,24.3,13,1.1,6,999.4,1001.2,99.9,0,0
889,2022-07-13 15:00,24.6,294.4,1.3,17,997.4,999.2,99.9,0,0
889,2022-07-13 16:00,24.7,255.8,1.8,21,996.5,998.3,99.9,0,0
889,2022-07-13 17:00,24.4,20.9,.8,18,997.4,999.2,99.9,0,0
889,2022-07-13 18:00,24.4,0,.1,18.5,997.5,999.3,99.9,0,0
889,2022-07-13 19:00,24.4,0,.4,4.5,997.3,999.1,99.9,0,0
889,2022-07-13 20:00,24.6,190.5,.6,3,997.4,999.2,99.9,0,0
889,2022-07-13 21:00,25.1,226.7,1.1,0,997.6,999.4,99.9,0,0
889,2022-07-13 22:00,25.1,196.8,.8,0,997.5,999.3,99.9,0,0
889,2022-07-13 23:00,25.1,226.5,.8,0,997.7,999.5,99.9,0,0
889,2022-07-14 00:00,25,0,.3,0,997.4,999.2,99.9,0,0
889,2022-07-14 01:00,24.8,233.3,1.1,0,997.3,999.1,99.9,0,0
889,2022-07-14 02:00,24.5,240,1.2,0,997.1,998.9,99.9,0,0
889,2022-07-14 03:00,23.9,241,2,.5,997.3,999.1,99.9,0,0
889,2022-07-14 04:00,23.6,203.3,1.1,0,997,998.8,99.9,0,0
889,2022-07-14 05:00,23.5,222.1,1.2,0,997.2,999,99.9,0,0
889,2022-07-14 06:00,23.6,0,.1,0,997.4,999.2,99.9,0,0
889,2022-07-14 07:00,24,0,.4,0,997.6,999.4,99.9,0,0
889,2022-07-14 08:00,24.4,250.3,.9,,998,999.8,99.9,,
889,2022-07-14 09:00,24.6,267.1,.9,,998.5,1000.3,99.9,,
889,2022-07-14 10:00,25.2,11.9,1.3,,998.3,1000.1,99.9,,
889,2022-07-14 11:00,26,355.9,1,,998.6,1000.4,99.4,,
889,2022-07-14 12:00,27.4,310.2,1.1,,998.8,1000.6,88.5,,
889,2022-07-14 13:00,29.5,312.5,.9,,998.7,1000.5,79.8,,
889,2022-07-14 14:00,29.9,13.7,1.1,,998.6,1000.4,73.5,,
889,2022-07-14 15:00,29.8,247.5,1.8,,998.6,1000.4,73.9,,
889,2022-07-14 16:00,29.2,224.7,2.6,,998.3,1000.1,78.7,,
889,2022-07-14 17:00,28.9,234.1,2.5,,998.4,1000.2,78.7,,
889,2022-07-14 18:00,28.3,231.5,1.9,,998.3,1000.1,79.5,,
889,2022-07-14 19:00,27.7,220.2,2,,998.4,1000.2,82,,
889,2022-07-14 20:00,25.9,226.5,2.6,,998.9,1000.7,91.4,,
889,2022-07-14 21:00,24.9,243.3,1.2,,999.6,1001.4,95,,
889,2022-07-14 22:00,24.3,201.4,.8,,1000,1001.8,97.1,,
889,2022-07-14 23:00,23.3,0,.2,,999.6,1001.4,98.6,,
889,2022-07-15 00:00,23.2,216.7,.5,,999.6,1001.4,99.9,0,0
889,2022-07-15 01:00,23.6,238.5,1.3,0,999.5,1001.3,99.9,0,0
889,2022-07-15 02:00,23.6,209.6,.8,0,999.4,1001.2,99.7,0,0
889,2022-07-15 03:00,23.3,232.9,1.2,0,999.4,1001.2,99.9,0,0
889,2022-07-15 04:00,23.2,216.3,.6,0,999.4,1001.2,99.9,0,0
889,2022-07-15 05:00,22.4,217.1,.6,0,999.4,1001.3,99.9,0,0
889,2022-07-15 06:00,22.2,203.5,1.2,0,999.6,1001.5,99.9,0,0
889,2022-07-15 07:00,22.6,0,0,0,1000,1001.9,99.9,0,0
889,2022-07-15 08:00,24.3,208.3,.7,0,999.9,1001.7,99.9,0,0
889,2022-07-15 09:00,25.6,277.8,.5,0,999.7,1001.5,90.8,0,0
889,2022-07-15 10:00,28.2,154.7,1.3,0,999,1000.8,83.8,0,0
889,2022-07-15 11:00,27.8,251.9,1.3,0,998.7,1000.5,74,0,0
889,2022-07-15 12:00,28.8,303.9,.9,0,998.6,1000.4,72.2,0,0
889,2022-07-15 13:00,29.7,221.9,1.5,0,998.2,1000,72.3,0,0
889,2022-07-15 14:00,30.5,236.1,2.1,0,997.6,999.4,62.8,0,0
889,2022-07-15 15:00,31.3,227.2,1.9,0,997.4,999.2,59,0,0
889,2022-07-15 16:00,30,246.9,2.5,0,997.3,999.1,59,0,0
889,2022-07-15 17:00,30.2,239,2.2,0,996.7,998.5,58.4,0,0
889,2022-07-15 18:00,28.4,257.3,2,0,996.8,998.6,60.2,0,0
889,2022-07-15 19:00,28.4,245.5,2.3,0,996.7,998.5,60.9,0,0
889,2022-07-15 20:00,26.7,238.9,.9,0,996.9,998.7,68.3,0,0
889,2022-07-15 21:00,24.4,0,.2,0,997.3,999.1,80.4,0,0
889,2022-07-15 22:00,23.5,225.9,.6,0,997.3,999.1,94,0,0
889,2022-07-15 23:00,23.3,218,.5,0,997.2,999,96.5,0,0
889,2022-07-16 00:00,23.5,0,.3,0,996.8,998.6,97.9,0,0
889,2022-07-16 01:00,23.7,199.5,.9,0,996.6,998.4,99.5,0,0
889,2022-07-16 02:00,23.5,213.3,.8,0,996.3,998.1,98.8,0,0
889,2022-07-16 03:00,23.8,201.4,1.3,0,996.2,998,98.9,0,0
889,2022-07-16 04:00,23.9,177.7,.6,0,996.1,997.9,97.6,0,0
889,2022-07-16 05:00,23.4,0,.1,0,996.3,998.1,98.2,0,0
889,2022-07-16 06:00,22.8,192.6,.6,0,995.9,997.7,99.5,0,0
889,2022-07-16 07:00,24.1,0,.1,0,996.3,998.1,99.9,0,0
889,2022-07-16 08:00,25.3,240.1,1,0,996.5,998.3,92.8,0,0
889,2022-07-16 09:00,26.1,239.8,1.7,0,996.5,998.3,87.4,0,0
889,2022-07-16 10:00,28.5,204.3,1.9,0,996.3,998.1,78.1,0,0
889,2022-07-16 11:00,27.4,244.1,1.9,0,996.2,998,76.8,0,0
889,2022-07-16 12:00,30.1,260.9,2.1,0,996.1,997.9,66.5,0,0
889,2022-07-16 13:00,30.2,217.1,2,0,995.9,997.7,68.7,0,0
889,2022-07-16 14:00,29.5,36.7,1.2,0,996.2,998,73.6,0,0
889,2022-07-16 15:00,28.5,20.7,1.5,0,996,997.8,79.5,0,0
889,2022-07-16 16:00,28.6,3,.9,0,996.1,997.9,75.5,0,0
889,2022-07-16 17:00,28,334.1,1.3,0,996.5,998.3,76.5,0,0
889,2022-07-16 18:00,26,97.1,1.2,0,997,998.8,87.3,0,0
889,2022-07-16 19:00,24.6,0,.3,4,997.1,998.9,96.8,0,0
889,2022-07-16 20:00,24,200.4,.8,0,997.5,999.3,99.2,0,0
889,2022-07-16 21:00,23.4,0,.3,0,998.2,1000,99.9,0,0
889,2022-07-16 22:00,23,0,.2,0,998.6,1000.4,99.9,0,0
889,2022-07-16 23:00,22.4,0,0,0,998.1,999.9,99.9,0,0
889,2022-07-17 00:00,22.4,0,.3,0,998.3,1000.1,99.9,0,0
889,2022-07-17 01:00,22,0,0,0,998.5,1000.4,99.9,0,0
889,2022-07-17 02:00,21.8,0,.4,0,998.2,1000.1,99.9,0,0
889,2022-07-17 03:00,21.6,0,.2,0,998.2,1000.1,99.9,0,0
889,2022-07-17 04:00,21.3,0,.1,0,998.6,1000.5,99.9,0,0
889,2022-07-17 05:00,21.8,0,.4,0,998.7,1000.6,99.9,0,0
889,2022-07-17 06:00,22.2,0,0,0,998.8,1000.7,99.9,0,0
889,2022-07-17 07:00,22.8,199.2,.7,0,999.4,1001.2,99.9,0,0
889,2022-07-17 08:00,23.7,220.5,.9,0,999.3,1001.1,99.9,0,0
889,2022-07-17 09:00,24.5,262.1,.5,0,999.1,1000.9,99.9,0,0
889,2022-07-17 10:00,25.8,211.1,1.6,0,999.4,1001.2,92,0,0
889,2022-07-17 11:00,27.1,218.5,1.7,0,999.1,1000.9,83.1,0,0
889,2022-07-17 12:00,27.4,251.9,1.8,0,999.1,1000.9,79.7,0,0
889,2022-07-17 13:00,27.7,0,.1,0,998.7,1000.5,84,0,0
889,2022-07-17 14:00,29,39.2,.8,0,998.3,1000.1,81,0,0
889,2022-07-17 15:00,29.6,233.2,1.7,0,998.1,999.9,66.8,0,0
889,2022-07-17 16:00,29,241.1,3.5,0,998,999.8,71.2,0,0
889,2022-07-17 17:00,29.3,258.3,1.9,0,998,999.8,66.1,0,0
889,2022-07-17 18:00,28.8,233.1,.9,0,997.5,999.3,72.7,0,0
889,2022-07-17 19:00,27.7,218.8,1.6,0,998.2,1000,71,0,0
889,2022-07-17 20:00,26.2,192.2,.9,0,998.9,1000.7,76.6,0,0
889,2022-07-17 21:00,24.7,0,.4,0,999.7,1001.5,84.6,0,0
889,2022-07-17 22:00,23.4,0,.3,0,1000.1,1001.9,89.7,0,0
889,2022-07-17 23:00,23.2,219.2,.6,0,1000.2,1002,93.2,0,0
889,2022-07-18 00:00,23.8,0,.3,0,1000.3,1002.1,94.3,0,0
889,2022-07-18 01:00,24.5,187.4,.6,0,999.9,1001.7,95.6,0,0
889,2022-07-18 02:00,23.5,0,.3,0,999.5,1001.3,97,0,0
889,2022-07-18 03:00,22.7,222.8,.7,0,999.2,1001,99.2,0,0
889,2022-07-18 04:00,22.6,0,.2,0,999.4,1001.2,99.9,0,0
889,2022-07-18 05:00,22.5,0,.4,0,999.8,1001.7,99.9,0,0
889,2022-07-18 06:00,22.8,238.1,.5,0,999.4,1001.2,99.9,0,0
889,2022-07-18 07:00,24.1,57,.5,0,999.2,1001,99.9,0,0
889,2022-07-18 08:00,25.2,23.8,.7,0,999.1,1000.9,98.7,0,0
889,2022-07-18 09:00,26.4,79,.6,0,998.9,1000.7,89.9,0,0
889,2022-07-18 10:00,29.2,85.2,.9,0,997.8,999.6,77,0,0
889,2022-07-18 11:00,29.2,184.1,1.1,0,997.5,999.3,75.7,0,0
889,2022-07-18 12:00,29.3,286.4,1.4,0,997.1,998.9,74.1,0,0
889,2022-07-18 13:00,30.8,83.4,1.4,0,997.1,998.9,59.2,0,0
889,2022-07-18 14:00,30.4,65,1.2,0,996.5,998.3,61.6,0,0
889,2022-07-18 15:00,29.7,141.2,1.4,0,996.3,998.1,66,0,0
889,2022-07-18 16:00,29.5,101.3,1.1,0,995.9,997.7,67.6,0,0
889,2022-07-18 17:00,30.4,231,1.1,0,995.8,997.6,64.5,0,0
889,2022-07-18 18:00,29.5,192,.8,0,995.7,997.5,66.8,0,0
889,2022-07-18 19:00,28.7,174.3,.9,0,996.4,998.2,65.6,0,0
889,2022-07-18 20:00,26.8,188,.5,0,996.6,998.4,75.3,0,0
889,2022-07-18 21:00,25.7,0,.3,0,997.1,998.9,87,0,0
889,2022-07-18 22:00,25.6,234.7,.9,0,997.4,999.2,90.9,0,0
889,2022-07-18 23:00,25.4,0,.3,0,997.7,999.5,92.5,0,0
889,2022-07-19 00:00,24.8,307.6,.6,0,998,999.8,96.2,0,0
889,2022-07-19 01:00,24.4,0,.1,0,998,999.8,97.6,0,0
889,2022-07-19 02:00,24.3,0,.3,0,998.1,999.9,97.9,0,0
889,2022-07-19 03:00,24,0,.4,0,997.9,999.7,98.7,0,0
889,2022-07-19 04:00,23.7,0,.3,0,997.9,999.7,99.7,0,0
889,2022-07-19 05:00,23.3,0,0,0,998.3,1000.1,99.9,0,0
889,2022-07-19 06:00,23.1,0,.3,0,998.8,1000.6,99.9,0,0
889,2022-07-19 07:00,24.3,0,0,0,999.1,1000.9,99.9,0,0
889,2022-07-19 08:00,26.2,165.4,.6,0,999.5,1001.3,99.6,0,0
889,2022-07-19 09:00,28.1,352.9,.7,0,999.8,1001.6,86,0,0
889,2022-07-19 10:00,29.5,259.1,.7,0,999.5,1001.3,76.3,0,0
889,2022-07-19 11:00,29.7,217.5,.9,0,1000,1001.8,78.3,0,0
889,2022-07-19 12:00,29.9,314.6,1.1,0,999.7,1001.5,69.9,0,0
889,2022-07-19 13:00,29.8,248.3,2.4,0,999.9,1001.7,69.7,0,0
889,2022-07-19 14:00,30.1,236,3,0,1000.1,1001.9,67.2,0,0
889,2022-07-19 15:00,30.7,240.3,3.1,0,1000.3,1002.1,62.4,0,0
889,2022-07-19 16:00,31.2,251.6,2,0,1000.3,1002.1,60.4,0,0
889,2022-07-19 17:00,30.8,252.5,2.3,0,1000.6,1002.4,62.6,0,0
889,2022-07-19 18:00,29.2,225.7,2.2,0,1001.2,1003,67.6,0,0
889,2022-07-19 19:00,27.9,238,3.1,0,1002,1003.8,72.2,0,0
889,2022-07-19 20:00,26.9,234.3,1.5,0,1002.7,1004.5,80.5,0,0
889,2022-07-19 21:00,25.9,198.5,1.1,0,1003.4,1005.2,86.9,0,0
889,2022-07-19 22:00,25.7,200.2,1.1,0,1003.8,1005.6,91.7,0,0
889,2022-07-19 23:00,25.5,189.7,.8,0,1004,1005.8,93.7,0,0
889,2022-07-20 00:00,25.6,196.4,.9,0,1004,1005.8,93.8,0,0
889,2022-07-20 01:00,25.5,184.4,1,0,1004.2,1006,94.7,0,0
889,2022-07-20 02:00,25.4,211.4,1.3,0,1004.4,1006.2,97.5,0,0
889,2022-07-20 03:00,25.4,205,1.4,0,1004.5,1006.3,95.9,0,0
889,2022-07-20 04:00,24.7,220.2,.7,0,1004.6,1006.4,97.6,0,0
889,2022-07-20 05:00,24.9,209.3,.9,0,1004.9,1006.7,99.2,0,0
889,2022-07-20 06:00,24.8,195,.7,0,1005.1,1006.9,98.8,0,0
889,2022-07-20 07:00,25.4,211.5,.7,0,1005.5,1007.3,98.6,0,0
889,2022-07-20 08:00,26.6,0,.4,0,1005.6,1007.4,96.1,0,0
889,2022-07-20 09:00,27.8,203.3,.9,0,1005.6,1007.4,86.8,0,0
889,2022-07-20 10:00,28.5,271.1,.9,0,1005.5,1007.3,79.3,0,0
889,2022-07-20 11:00,29.4,244.7,1.4,0,1005.4,1007.2,73.5,0,0
889,2022-07-20 12:00,30.6,234.9,1.9,0,1005.2,1007,61.2,0,0
889,2022-07-20 13:00,31.2,237.6,1.8,0,1004.8,1006.6,60.4,0,0
889,2022-07-20 14:00,30.9,242.8,2.1,0,1004.5,1006.3,61,0,0
889,2022-07-20 15:00,31.1,277.5,2.1,0,1004.5,1006.3,55,0,0
889,2022-07-20 16:00,30.9,256.1,1,0,1004,1005.8,57.4,0,0
889,2022-07-20 17:00,29.8,359.2,1.4,0,1004.1,1005.9,63.3,0,0
889,2022-07-20 18:00,28.9,356.9,1.5,0,1004,1005.8,63.5,0,0
889,2022-07-20 19:00,28.3,330.1,.9,0,1003.9,1005.7,67.5,0,0
889,2022-07-20 20:00,27.7,268.7,.6,0,1003.7,1005.5,72,0,0
889,2022-07-20 21:00,27.6,310.7,.8,0,1004,1005.8,77.8,0,0
889,2022-07-20 22:00,25.7,0,.1,0,1004,1005.8,92.2,0,0
889,2022-07-20 23:00,24.8,0,0,.5,1003.5,1005.3,98.8,0,0
889,2022-07-21 00:00,24.2,0,.3,1,1003.1,1004.9,99.9,0,0
889,2022-07-21 01:00,24.2,29.4,1.3,.5,1002.1,1003.9,99.9,0,0
889,2022-07-21 02:00,23.8,18.9,1,0,1001.8,1003.6,99.9,0,0
889,2022-07-21 03:00,22.4,43.4,.7,1.5,1001.1,1003,99.9,0,0
889,2022-07-21 04:00,21.9,27.6,1,3,1000.6,1002.5,99.9,0,0
889,2022-07-21 05:00,21.7,86.3,1.1,1.5,999.7,1001.6,99.9,0,0
889,2022-07-21 06:00,21.6,27.8,.9,4.5,999.9,1001.8,99.9,0,0
889,2022-07-21 07:00,21.2,26.4,1.2,2.5,999.5,1001.4,99.9,0,0
889,2022-07-21 08:00,21.3,31.2,1.2,3.5,999.4,1001.3,99.9,0,0
889,2022-07-21 09:00,22,23.4,.5,2,999,1000.9,99.9,0,0
889,2022-07-21 10:00,22.2,21.6,.7,.5,998.8,1000.7,99.9,0,0
889,2022-07-21 11:00,23,354.9,.9,0,999.1,1000.9,99.9,0,0
889,2022-07-21 12:00,23.3,263.5,1.3,0,999.5,1001.3,99.9,0,0
889,2022-07-21 13:00,23.8,264.9,1.8,0,999.7,1001.5,96.5,0,0
889,2022-07-21 14:00,24.3,309.3,1.4,0,999.9,1001.7,92.7,0,0
889,2022-07-21 15:00,25.1,296.5,1.2,0,1000.1,1001.9,90.4,0,0
889,2022-07-21 16:00,25.3,303.8,.9,0,1000.3,1002.1,86.7,0,0
889,2022-07-21 17:00,25.4,307.8,1.3,0,1000.6,1002.4,84.7,0,0
889,2022-07-21 18:00,25.4,274.2,.7,0,1000.7,1002.5,85.8,0,0
889,2022-07-21 19:00,25.9,281.8,.9,0,1001.1,1002.9,82.3,0,0
889,2022-07-21 20:00,25.5,254.3,.7,0,1001.8,1003.6,83.9,0,0
889,2022-07-21 21:00,24.7,237.6,.6,0,1002.4,1004.2,87.2,0,0
889,2022-07-21 22:00,23.7,261.9,.7,0,1003,1004.8,94.3,0,0
889,2022-07-21 23:00,24.6,295.8,.6,0,1002.9,1004.7,90.6,0,0
889,2022-07-22 00:00,23.4,0,.2,0,1003.2,1005,93.2,0,0
889,2022-07-22 01:00,23.8,274.7,.5,0,1003.3,1005.1,95.6,0,0
889,2022-07-22 02:00,23.6,242.1,.5,0,1003.4,1005.2,97.4,0,0
889,2022-07-22 03:00,24.4,260.3,1.1,0,1003.6,1005.4,92.9,0,0
889,2022-07-22 04:00,24.1,252.9,1.1,0,1003.5,1005.3,92.7,0,0
889,2022-07-22 05:00,24,255.2,1.1,0,1003.5,1005.3,92.7,0,0
889,2022-07-22 06:00,23.7,0,.4,0,1004,1005.8,94.5,0,0
889,2022-07-22 07:00,24.1,242.9,1.1,0,1004.3,1006.1,94.5,0,0
889,2022-07-22 08:00,24.6,244.5,1.9,0,1004.6,1006.4,91,0,0
889,2022-07-22 09:00,25.6,280.5,1.1,0,1004.5,1006.3,86.2,0,0
889,2022-07-22 10:00,26.5,20.9,1.5,0,1004.3,1006.1,83.3,0,0
889,2022-07-22 11:00,28.2,28.3,1.1,0,1004,1005.8,75.2,0,0
889,2022-07-22 12:00,28.1,236.9,1.3,0,1003.7,1005.5,74.7,0,0
889,2022-07-22 13:00,28,228.2,1.1,0,1003.4,1005.2,75.7,0,0
889,2022-07-22 14:00,24,199.7,1.3,7,1003.7,1005.5,99.9,0,0
889,2022-07-22 15:00,25.7,202.3,1.3,0,1003.6,1005.4,99.9,0,0
889,2022-07-22 16:00,24.8,178.3,1.2,4.5,1003.8,1005.6,99.9,0,0
889,2022-07-22 17:00,26.2,209.2,.9,0,1003.7,1005.5,99.9,0,0
889,2022-07-22 18:00,27,202.7,.7,0,1003.7,1005.5,95.7,0,0
889,2022-07-22 19:00,25.4,244.3,1.6,0,1003.8,1005.6,94.6,0,0
889,2022-07-22 20:00,23.7,0,.2,.5,1004.2,1006,98.1,0,0
889,2022-07-22 21:00,23.3,0,.4,0,1004.6,1006.5,99.9,0,0
889,2022-07-22 22:00,22.9,0,.1,0,1005,1006.9,99.9,0,0
889,2022-07-22 23:00,22.7,0,.1,0,1005.3,1007.2,99.9,0,0
889,2022-07-23 00:00,22.7,0,.1,0,1004.9,1006.8,99.9,0,0
889,2022-07-23 01:00,22.6,0,0,0,1004.9,1006.8,99.9,0,0
889,2022-07-23 02:00,22.3,0,0,0,1004.9,1006.8,99.9,0,0
889,2022-07-23 03:00,22,230.4,.5,0,1004.7,1006.6,99.9,0,0
889,2022-07-23 04:00,21.8,0,0,0,1004.6,1006.5,99.9,0,0
889,2022-07-23 05:00,22,0,.1,0,1004.3,1006.2,99.9,0,0
889,2022-07-23 06:00,22.1,0,.2,0,1004.7,1006.6,99.9,0,0
889,2022-07-23 07:00,23.2,0,.4,0,1004.7,1006.6,99.9,0,0
889,2022-07-23 08:00,23.8,0,.3,0,1005.2,1007,99.9,0,0
889,2022-07-23 09:00,25.5,101.1,1.2,0,1004.6,1006.4,99.9,0,0
889,2022-07-23 10:00,25.9,68.4,1.1,0,1004.5,1006.3,90.4,0,0
889,2022-07-23 11:00,27.1,66.4,.9,0,1004.7,1006.5,83.9,0,0
889,2022-07-23 12:00,27.4,199.5,.8,0,1004.3,1006.1,80.4,0,0
889,2022-07-23 13:00,28.5,79.7,1.2,0,1003.7,1005.5,77.5,0,0
889,2022-07-23 14:00,28.2,186.4,.9,0,1003.3,1005.1,73.7,0,0
889,2022-07-23 15:00,28.4,184.8,.6,0,1002.6,1004.4,74.7,0,0
889,2022-07-23 16:00,27.5,0,.4,0,1002.1,1003.9,80.9,0,0
889,2022-07-23 17:00,25.7,0,.4,.5,1002.1,1003.9,93.2,0,0
889,2022-07-23 18:00,24.7,0,.2,.5,1001.2,1003,97.7,0,0
889,2022-07-23 19:00,24.3,0,.3,0,1001.3,1003.1,99.9,0,0
889,2022-07-23 20:00,24.1,0,.3,1,1001.1,1002.9,99.9,0,0
889,2022-07-23 21:00,23.9,54.7,.6,.5,1001.4,1003.2,99.9,0,0
889,2022-07-23 22:00,23.4,0,.2,2.5,1001.4,1003.2,99.9,0,0
889,2022-07-23 23:00,22.9,93.1,1.1,8.5,1001,1002.8,99.9,0,0
889,2022-07-24 00:00,22.7,85.9,1.3,5,1000.4,1002.2,99.9,0,0
889,2022-07-24 01:00,22.8,0,.4,1.5,1000.2,1002,99.9,0,0
889,2022-07-24 02:00,22.6,75.3,.7,1,999.6,1001.4,99.9,0,0
889,2022-07-24 03:00,22.7,0,.3,0,999.2,1001,99.9,0,0
889,2022-07-24 04:00,22.9,0,.3,0,999,1000.8,99.9,0,0
889,2022-07-24 05:00,23.1,118.2,.7,0,999,1000.8,99.9,0,0
889,2022-07-24 06:00,23.2,25.7,1.3,0,999.1,1000.9,99.9,0,0
889,2022-07-24 07:00,23.7,0,.2,0,999.2,1001,99.9,0,0
889,2022-07-24 08:00,24.5,97.5,1,0,999.6,1001.4,99.9,0,0
889,2022-07-24 09:00,25.3,85.2,1,0,999.9,1001.7,99.9,0,0
889,2022-07-24 10:00,25.7,108.4,.6,0,1000.1,1001.9,99.9,0,0
889,2022-07-24 11:00,26.5,338.6,.5,0,1000.2,1002,96.3,0,0
889,2022-07-24 12:00,27.6,8.2,.7,0,1000.4,1002.2,88.5,0,0
889,2022-07-24 13:00,28.3,356.3,1,0,1000.1,1001.9,81.1,0,0
889,2022-07-24 14:00,26,0,.3,0,1000.3,1002.1,94.9,0,0
889,2022-07-24 15:00,27.4,201.9,.5,0,1000.3,1002.1,98.1,0,0
889,2022-07-24 16:00,29.3,0,.3,0,1000.3,1002.1,83.4,0,0
889,2022-07-24 17:00,28.8,0,.4,0,1000.7,1002.5,78.5,0,0
889,2022-07-24 18:00,27.7,329.8,.9,0,1001,1002.8,88.7,0,0
889,2022-07-24 19:00,27.4,258.4,.9,0,1001.4,1003.2,88.4,0,0
889,2022-07-24 20:00,26.6,227,.6,0,1001.9,1003.7,90.7,0,0
889,2022-07-24 21:00,25.8,272.6,.5,0,1002.7,1004.5,96.3,0,0
889,2022-07-24 22:00,26.1,0,.4,0,1003.3,1005.1,97.2,0,0
889,2022-07-24 23:00,25.1,0,0,0,1003.4,1005.2,98.9,0,0
889,2022-07-25 00:00,24.1,0,.1,0,1004.1,1005.9,99.9,0,0
889,2022-07-25 01:00,23.8,0,0,0,1004.6,1006.4,99.9,0,0
889,2022-07-25 02:00,24.2,228.6,.6,0,1004.8,1006.6,99.9,0,0
889,2022-07-25 03:00,24.1,236.9,.7,0,1005.1,1006.9,99.9,0,0
889,2022-07-25 04:00,23.7,230.5,.8,0,1005.4,1007.2,99.9,0,0
889,2022-07-25 05:00,22.7,0,.1,0,1005.7,1007.6,99.9,0,0
889,2022-07-25 06:00,22.6,0,.3,0,1006.2,1008.1,99.9,0,0
889,2022-07-25 07:00,23.7,0,0,0,1006.9,1008.8,99.9,0,0
889,2022-07-25 08:00,24.9,353.5,.8,0,1007.3,1009.1,99.9,0,0
889,2022-07-25 09:00,27.6,122.5,.7,0,1007.6,1009.4,97.2,0,0
889,2022-07-25 10:00,29.4,11.1,1.2,0,1007.8,1009.6,75.8,0,0
889,2022-07-25 11:00,29.4,260.2,.7,0,1008.1,1009.9,71.2,0,0
889,2022-07-25 12:00,30.3,292.2,1.3,0,1007.9,1009.7,65,0,0
889,2022-07-25 13:00,31.3,329.4,.9,0,1007.4,1009.2,59.7,0,0
889,2022-07-25 14:00,32,338.8,1.1,0,1007.1,1008.9,55.2,0,0
889,2022-07-25 15:00,32.7,347,1.2,0,1007,1008.8,55.4,0,0
889,2022-07-25 16:00,32.8,321.8,1.3,0,1006.9,1008.7,51.5,0,0
889,2022-07-25 17:00,31.4,226.8,2.3,0,1006.5,1008.3,66.8,0,0
889,2022-07-25 18:00,30.3,248,1.8,0,1006.4,1008.2,68.8,0,0
889,2022-07-25 19:00,30.5,318.7,1,0,1006.6,1008.4,65.9,0,0
889,2022-07-25 20:00,28.3,232.2,.5,0,1006.9,1008.7,75.2,0,0
889,2022-07-25 21:00,26.8,233.8,.9,0,1007.5,1009.3,90.2,0,0
889,2022-07-25 22:00,26.2,0,.3,0,1007.9,1009.7,91.5,0,0
889,2022-07-25 23:00,25.6,227.5,.6,0,1008.2,1010.1,96.4,0,0
889,2022-07-26 00:00,25.7,241.2,.7,0,1008.4,1010.3,97,0,0
889,2022-07-26 01:00,24.8,0,.4,0,1008.4,1010.2,98.5,0,0
889,2022-07-26 02:00,24.4,0,.4,0,1008.2,1010,99.6,0,0
889,2022-07-26 03:00,23.6,224,.5,0,1008.1,1010,99.9,0,0
889,2022-07-26 04:00,23.3,219.9,.6,0,1008.1,1010,99.9,0,0
889,2022-07-26 05:00,22.9,0,.2,0,1008.4,1010.3,99.9,0,0
889,2022-07-26 06:00,23.1,0,.3,0,1008.4,1010.3,99.9,0,0
889,2022-07-26 07:00,24.5,0,0,0,1008.7,1010.5,99.9,0,0
889,2022-07-26 08:00,26.2,37.8,1,0,1008.9,1010.7,99.9,0,0
889,2022-07-26 09:00,28,15.2,1.2,0,1008.7,1010.5,90.2,0,0
889,2022-07-26 10:00,30.1,17.6,1.5,0,1008.4,1010.2,76.9,0,0
889,2022-07-26 11:00,31.9,40.1,1.3,0,1008.1,1009.9,69.3,0,0
889,2022-07-26 12:00,33.1,190.3,1.1,0,1007.9,1009.7,59,0,0
889,2022-07-26 13:00,34.2,143.2,.6,0,1007.2,1009,53.4,0,0
889,2022-07-26 14:00,33.3,218,1,0,1007.1,1008.9,53.8,0,0
889,2022-07-26 15:00,33.3,275.1,.6,0,1006.7,1008.5,58.3,0,0
889,2022-07-26 16:00,32.9,337.1,1.6,0,1006.5,1008.3,59.2,0,0
889,2022-07-26 17:00,33,346.8,1.1,0,1006.5,1008.3,58.1,0,0
889,2022-07-26 18:00,32.4,269.3,1.3,0,1006.4,1008.2,63.1,0,0
889,2022-07-26 19:00,31.2,267.9,.7,0,1006.6,1008.4,68,0,0
889,2022-07-26 20:00,30.3,251.9,1,0,1006.8,1008.6,69.8,0,0
889,2022-07-26 21:00,28.2,0,.1,0,1007.1,1008.9,79.1,0,0
889,2022-07-26 22:00,27.5,0,.2,0,1007.3,1009.1,90.9,0,0
889,2022-07-26 23:00,26.8,234.8,.5,0,1007.8,1009.6,95.2,0,0
889,2022-07-27 00:00,26.5,0,.1,0,1007.9,1009.7,96.4,0,0
889,2022-07-27 01:00,26.5,228.8,.5,0,1007.5,1009.3,97.8,0,0
889,2022-07-27 02:00,26.6,0,.1,0,1007.5,1009.3,98.7,0,0
889,2022-07-27 03:00,26,0,.4,0,1007.4,1009.2,99.3,0,0
889,2022-07-27 04:00,25.6,0,.3,0,1007.2,1009.1,99.9,0,0
889,2022-07-27 05:00,25.1,0,.2,0,1007.5,1009.4,99.9,0,0
889,2022-07-27 06:00,25,0,.2,0,1007.8,1009.7,99.9,0,0
889,2022-07-27 07:00,25.9,0,.3,0,1008,1009.8,99.9,0,0
889,2022-07-27 08:00,27,46.5,.6,0,1008.3,1010.1,97,0,0
889,2022-07-27 09:00,29,56.7,1.4,0,1008.6,1010.4,71,0,0
889,2022-07-27 10:00,30.4,216.1,.6,0,1008.6,1010.4,67.7,0,0
889,2022-07-27 11:00,31.1,95,.8,0,1008.9,1010.7,58,0,0
889,2022-07-27 12:00,31.9,257.1,1.4,0,1008.3,1010.1,61.4,0,0
889,2022-07-27 13:00,31.9,359.3,.9,0,1007.7,1009.5,63,0,0
889,2022-07-27 14:00,32.7,26,1.2,0,1007.1,1008.9,63.3,0,0
889,2022-07-27 15:00,32.7,91.7,1.3,0,1007.2,1009,60.7,0,0
889,2022-07-27 16:00,32.8,71.3,.9,0,1007,1008.8,60,0,0
889,2022-07-27 17:00,32.5,101.7,1.3,0,1007.1,1008.9,58.1,0,0
889,2022-07-27 18:00,32,186.8,1.1,0,1006.8,1008.6,58.6,0,0
889,2022-07-27 19:00,31.2,191.4,1,0,1007.2,1009,59.4,0,0
889,2022-07-27 20:00,28.9,0,.4,0,1007.6,1009.4,64.8,0,0
889,2022-07-27 21:00,26.3,0,.3,0,1008.2,1010,73.8,0,0
889,2022-07-27 22:00,25.3,217.5,.5,0,1008.5,1010.4,79.9,0,0
889,2022-07-27 23:00,24.9,214.4,.5,0,1008.6,1010.4,84.5,0,0
889,2022-07-28 00:00,24.3,0,.1,0,1008.8,1010.6,89.6,0,0
889,2022-07-28 01:00,24.1,219.5,.5,0,1008.9,1010.8,92.1,0,0
889,2022-07-28 02:00,24.2,0,.4,0,1008.9,1010.7,94.5,0,0
889,2022-07-28 03:00,26.2,33.6,.8,0,1009.1,1010.9,82.6,0,0
889,2022-07-28 04:00,25.5,102,.8,0,1009.3,1011.2,82,0,0
889,2022-07-28 05:00,25.9,92.2,1.1,0,1009.3,1011.2,80.7,0,0
889,2022-07-28 06:00,23.9,0,.3,0,1009.5,1011.4,85.4,0,0
889,2022-07-28 07:00,24.9,135.2,.5,0,1009.6,1011.4,91.9,0,0
889,2022-07-28 08:00,27.3,74.1,.9,0,1009.8,1011.6,76,0,0
889,2022-07-28 09:00,28.6,56.3,1.5,0,1009.5,1011.3,70.6,0,0
889,2022-07-28 10:00,29.5,92.6,1.5,0,1009.3,1011.1,69.8,0,0
889,2022-07-28 11:00,30.6,147.7,1.3,0,1009.6,1011.4,64.8,0,0
889,2022-07-28 12:00,31.8,118.3,1.3,0,1009.2,1011,62.1,0,0
889,2022-07-28 13:00,32.5,159.8,1.3,0,1008.8,1010.6,58.3,0,0
889,2022-07-28 14:00,33.9,101.9,.8,0,1008.4,1010.2,53,0,0
889,2022-07-28 15:00,33.9,236,1.3,0,1008.1,1009.9,54.2,0,0
889,2022-07-28 16:00,33.8,303.4,1.5,0,1008,1009.8,55.9,0,0
889,2022-07-28 17:00,32.4,229.2,.9,0,1008,1009.8,60.9,0,0
889,2022-07-28 18:00,32,198.9,.5,0,1007.8,1009.6,63.9,0,0
889,2022-07-28 19:00,30.6,200.8,.7,0,1008.1,1009.9,71.2,0,0
889,2022-07-28 20:00,29.4,0,.3,0,1008.4,1010.2,73.8,0,0
889,2022-07-28 21:00,28.5,0,.4,0,1009.3,1011.1,79.5,0,0
889,2022-07-28 22:00,28.3,0,.4,0,1009.8,1011.6,81.5,0,0
889,2022-07-28 23:00,27.7,0,.3,0,1010.2,1012,81.8,0,0
889,2022-07-29 00:00,27.5,0,.1,0,1010.3,1012.1,84.8,0,0
889,2022-07-29 01:00,27.7,0,.2,0,1010.5,1012.3,90.4,0,0
889,2022-07-29 02:00,27.1,0,.3,0,1010.5,1012.3,90.1,0,0
889,2022-07-29 03:00,26.1,0,.1,0,1010.3,1012.2,93.9,0,0
889,2022-07-29 04:00,25.8,0,0,0,1010.4,1012.3,95.3,0,0
889,2022-07-29 05:00,25.7,0,.1,0,1010.7,1012.6,96.6,0,0
889,2022-07-29 06:00,27.1,0,.4,0,1011,1012.8,94.8,0,0
889,2022-07-29 07:00,27.6,0,.4,0,1011.3,1013.1,91.2,0,0
889,2022-07-29 08:00,28.8,74.2,1,0,1011.5,1013.3,84.2,0,0
889,2022-07-29 09:00,30.2,92.2,1.1,0,1011.3,1013.1,78.7,0,0
889,2022-07-29 10:00,31.6,152.5,.9,0,1011.4,1013.2,73.5,0,0
889,2022-07-29 11:00,32.1,238,1.4,0,1011.2,1013,70.8,0,0
889,2022-07-29 12:00,33.8,105.6,1.2,0,1011,1012.8,60.4,0,0
889,2022-07-29 13:00,33.1,132,.6,0,1010.6,1012.4,66.5,0,0
889,2022-07-29 14:00,34,163.1,.8,0,1009.9,1011.7,60.4,0,0
889,2022-07-29 15:00,34.8,214.2,1,0,1009.4,1011.2,57.3,0,0
889,2022-07-29 16:00,35.2,0,.4,0,1009.1,1010.9,55.7,0,0
889,2022-07-29 17:00,33.2,333.7,.9,0,1008.9,1010.7,61.8,0,0
889,2022-07-29 18:00,33,279.3,1.5,0,1008.7,1010.5,64.9,0,0
889,2022-07-29 19:00,31.8,271.7,.5,0,1008.8,1010.6,66.9,0,0
889,2022-07-29 20:00,31,255.7,.7,0,1009.3,1011.1,72.4,0,0
889,2022-07-29 21:00,30.3,231.1,1,0,1009.8,1011.6,77.3,0,0
889,2022-07-29 22:00,29.1,0,.4,0,1010.2,1012,84.6,0,0
889,2022-07-29 23:00,28.5,231.7,.6,0,1010.2,1012,92.4,0,0
889,2022-07-30 00:00,27.8,217.9,.6,0,1010.1,1011.9,95.4,0,0
889,2022-07-30 01:00,27.6,224.3,.5,0,1009.7,1011.5,97.1,0,0
889,2022-07-30 02:00,26.8,202.9,.7,0,1009.4,1011.2,97.4,0,0
889,2022-07-30 03:00,26.6,0,.4,0,1009.4,1011.2,94.8,0,0
889,2022-07-30 04:00,26.4,122.2,.5,0,1009.1,1010.9,93.8,0,0
889,2022-07-30 05:00,26,0,.3,0,1009.2,1011.1,92.9,0,0
889,2022-07-30 06:00,25.7,0,.4,0,1009,1010.9,96.1,0,0
889,2022-07-30 07:00,26.9,0,.3,0,1008.9,1010.7,98,0,0
889,2022-07-30 08:00,29.6,107,.9,0,1009.1,1010.9,83.5,0,0
889,2022-07-30 09:00,31.6,22.3,1.6,0,1009.2,1011,71.1,0,0
889,2022-07-30 10:00,33.5,99.6,.6,0,1009.2,1011,63.8,0,0
889,2022-07-30 11:00,34.3,221.7,.7,0,1008.9,1010.7,58.2,0,0
889,2022-07-30 12:00,35.6,77.5,1.2,0,1007.9,1009.7,53.6,0,0
889,2022-07-30 13:00,35.6,239.6,1.6,0,1007.2,1009,53.7,0,0
889,2022-07-30 14:00,35.7,243.4,1.7,0,1006.5,1008.3,53.5,0,0
889,2022-07-30 15:00,35.2,257.1,1.3,0,1006,1007.8,55.3,0,0
889,2022-07-30 16:00,35.6,283.5,1.5,0,1005.9,1007.7,52.7,0,0
889,2022-07-30 17:00,34.4,47.2,2,0,1005.9,1007.7,55.5,0,0
889,2022-07-30 18:00,33.7,198.7,1.1,0,1005.8,1007.6,59.8,0,0
889,2022-07-30 19:00,32.3,67.5,1.1,0,1006.2,1008,61,0,0
889,2022-07-30 20:00,30.4,0,.3,0,1006.6,1008.4,72.2,0,0
889,2022-07-30 21:00,30.3,109.1,1.1,0,1006.6,1008.4,71.9,0,0
889,2022-07-30 22:00,30.8,107.8,.9,0,1007.2,1009,68.9,0,0
889,2022-07-30 23:00,30.6,90.6,1.2,0,1007.2,1009,69.1,0,0
889,2022-07-31 00:00,29.8,0,.3,0,1006.7,1008.5,72.6,0,0
889,2022-07-31 01:00,29.3,0,.4,0,1006.5,1008.3,75.2,0,0
889,2022-07-31 02:00,28.6,113.3,.8,0,1006.5,1008.3,80.4,0,0
889,2022-07-31 03:00,27.7,0,.1,0,1006,1007.8,90.1,0,0
889,2022-07-31 04:00,27.9,22.6,.8,0,1005.4,1007.2,90.3,0,0
889,2022-07-31 05:00,27.8,0,.2,0,1005.2,1007,88.7,0,0
889,2022-07-31 06:00,27.9,24.3,.6,0,1005.4,1007.2,90.3,0,0
889,2022-07-31 07:00,27.8,119.5,.8,0,1005.3,1007.1,91.6,0,0
889,2022-07-31 08:00,28,102.1,1.1,0,1005.1,1006.9,92.2,0,0
889,2022-07-31 09:00,29.1,100.3,1.4,0,1005.2,1007,84.5,0,0
889,2022-07-31 10:00,29.1,0,.3,0,1005.4,1007.2,89.1,0,0
889,2022-07-31 11:00,28.8,0,.4,0,1005.2,1007,87.9,0,0
889,2022-07-31 12:00,28.4,0,.1,1.5,1005,1006.8,97.1,0,0
889,2022-07-31 13:00,27.5,78.6,.7,2,1005,1006.8,99.2,0,0
889,2022-07-31 14:00,27.5,0,.2,1.5,1004.6,1006.4,99.9,0,0
889,2022-07-31 15:00,27,36.6,.5,5,1004.1,1005.9,99.9,0,0
889,2022-07-31 16:00,26.8,95.4,.7,1.5,1003.7,1005.5,99.9,0,0
889,2022-07-31 17:00,26.9,103.9,1,.5,1004,1005.8,99.9,0,0
889,2022-07-31 18:00,27.2,87.4,.5,.5,1003.7,1005.5,99.9,0,0
889,2022-07-31 19:00,26.9,85.5,1.4,.5,1003.8,1005.6,99.9,0,0
889,2022-07-31 20:00,26.5,47.2,1.2,4,1003.9,1005.7,99.9,0,0
889,2022-07-31 21:00,26,64.7,1.1,9,1004,1005.8,99.9,0,0
889,2022-07-31 22:00,25.8,0,.3,14,1004.3,1006.1,99.9,0,0
889,2022-07-31 23:00,25.7,42.7,1,15,1004,1005.8,99.9,0,0
889,2022-08-01 00:00,25.8,78.4,.6,0,1003.9,1005.7,99.9,0,0
889,2022-08-01 01:00,25.8,93.5,.8,.5,1003.7,1005.5,99.9,0,0
889,2022-08-01 02:00,25.8,34.3,1,0,1003.5,1005.3,99.9,0,0
889,2022-08-01 03:00,25.9,42.1,.5,0,1003.3,1005.1,99.9,0,0
889,2022-08-01 04:00,25.6,358.7,.9,8.5,1003.6,1005.4,99.9,0,0
889,2022-08-01 05:00,25.5,0,.3,5.5,1004,1005.8,99.9,0,0
889,2022-08-01 06:00,25.6,337.1,.8,6.5,1004.3,1006.1,99.9,0,0
889,2022-08-01 07:00,25.6,0,.2,8,1004.6,1006.4,99.9,0,0
889,2022-08-01 08:00,25.9,0,.4,1,1004.7,1006.5,99.9,0,0
889,2022-08-01 09:00,26.6,21,1,0,1005,1006.8,99.9,0,0
889,2022-08-01 10:00,28,62.3,.9,0,1005.2,1007,99.9,0,0
889,2022-08-01 11:00,28.9,41.2,1.3,0,1005.3,1007.1,97.3,0,0
889,2022-08-01 12:00,31,101.4,1,0,1004.6,1006.4,85.9,0,0
889,2022-08-01 13:00,32.1,55.5,.8,0,1004.3,1006.1,80,0,0
889,2022-08-01 14:00,33.8,87.7,1.1,0,1003.6,1005.4,76.4,0,0
889,2022-08-01 15:00,32.5,88.9,.9,0,1003.5,1005.3,76.6,0,0
889,2022-08-01 16:00,32,92.5,1.4,0,1003.3,1005.1,78.1,0,0
889,2022-08-01 17:00,31.7,92,1.6,0,1003.1,1004.9,76.4,0,0
889,2022-08-01 18:00,33,75.8,1.8,0,1002.6,1004.4,70.9,0,0
889,2022-08-01 19:00,31.5,54.4,1.9,0,1002.7,1004.5,72.9,0,0
889,2022-08-01 20:00,30.8,84.8,1.6,0,1002.9,1004.7,74.2,0,0
889,2022-08-01 21:00,30.8,68.7,1.4,0,1003.3,1005.1,73.2,0,0
889,2022-08-01 22:00,30.6,57.2,1.2,0,1003.4,1005.2,74.3,0,0
889,2022-08-01 23:00,29,319.8,.9,.5,1003.7,1005.5,84,0,0
889,2022-08-02 00:00,27.3,268.4,.8,0,1004.2,1006,97.9,0,0
889,2022-08-02 01:00,26.9,0,.3,1,1004.7,1006.5,99.9,0,0
889,2022-08-02 02:00,26.7,68.1,.6,2,1004.8,1006.6,99.9,0,0
889,2022-08-02 03:00,26.5,0,.4,4.5,1005.3,1007.1,99.9,0,0
889,2022-08-02 04:00,26.5,0,.3,.5,1005.2,1007,99.9,0,0
889,2022-08-02 05:00,26.5,0,.2,0,1005.5,1007.3,99.9,0,0
889,2022-08-02 06:00,26.4,0,.3,0,1006,1007.8,99.9,0,0
889,2022-08-02 07:00,26.9,0,.3,0,1006.4,1008.2,99.9,0,0
889,2022-08-02 08:00,27.3,183.4,.6,0,1006.5,1008.3,99.9,0,0
889,2022-08-02 09:00,27.7,169.3,.8,0,1006.8,1008.6,99.9,0,0
889,2022-08-02 10:00,28.3,222.3,1.2,0,1007,1008.8,95.7,0,0
889,2022-08-02 11:00,28.7,178.9,1.3,0,1006.8,1008.6,89.1,0,0
889,2022-08-02 12:00,29.7,204.7,1.9,0,1006.6,1008.4,85.7,0,0
889,2022-08-02 13:00,29,206.4,1.4,0,1006.3,1008.1,87.6,0,0
889,2022-08-02 14:00,28.9,224.8,1.6,0,1006.1,1007.9,92.4,0,0
889,2022-08-02 15:00,27.9,0,.2,.5,1006.1,1007.9,97.7,0,0
889,2022-08-02 16:00,27.6,223.2,1.3,1,1006.4,1008.2,99.9,0,0
889,2022-08-02 17:00,27.9,226.2,1,0,1006.5,1008.3,99.9,0,0
889,2022-08-02 18:00,26.8,227,1.9,4,1006.8,1008.6,99.9,0,0
889,2022-08-02 19:00,26.9,220.4,1.2,2,1007,1008.8,99.9,0,0
889,2022-08-02 20:00,26.7,189,1.1,0,1007.2,1009,99.9,0,0
889,2022-08-02 21:00,26.9,215.3,1.4,0,1007.5,1009.3,99.9,0,0
889,2022-08-02 22:00,26.4,228.9,2.2,1,1008,1009.8,99.9,0,0
889,2022-08-02 23:00,25.9,220.4,1.6,5.5,1008.1,1009.9,99.9,0,0
889,2022-08-03 00:00,26.2,280.8,.5,3.5,1008.2,1010,99.9,0,0
889,2022-08-03 01:00,26.1,217.9,1.6,3.5,1008.1,1009.9,99.9,0,0
889,2022-08-03 02:00,26.2,226.9,1.8,2,1008.3,1010.1,99.9,0,0
889,2022-08-03 03:00,25.9,223.5,.8,.5,1008.2,1010,99.9,0,0
889,2022-08-03 04:00,26,213.5,1.7,1,1008,1009.8,99.9,0,0
889,2022-08-03 05:00,25.7,252,1.5,14,1008.2,1010.1,99.9,0,0
889,2022-08-03 06:00,25.7,231.5,1.8,8.5,1008.5,1010.4,99.9,0,0
889,2022-08-03 07:00,25.9,227,1.6,4,1009,1010.9,99.9,0,0
889,2022-08-03 08:00,26.1,231.5,1.6,11,1009.1,1010.9,99.9,0,0
889,2022-08-03 09:00,26.6,231.6,1.6,.5,1009.3,1011.1,99.9,0,0
889,2022-08-03 10:00,27.2,236.9,2.2,.5,1009.6,1011.4,99.9,0,0
889,2022-08-03 11:00,28.3,229.9,1.8,0,1009.7,1011.5,99.9,0,0
889,2022-08-03 12:00,29.4,232.2,1.5,0,1009.4,1011.2,93.8,0,0
889,2022-08-03 13:00,30.4,256.6,1.2,0,1008.5,1010.3,87.9,0,0
889,2022-08-03 14:00,31.2,245,2.6,0,1008,1009.8,80.3,0,0
889,2022-08-03 15:00,31.5,239.9,2.8,0,1007.8,1009.6,76.3,0,0
889,2022-08-03 16:00,31.2,252.3,2.1,0,1007.8,1009.6,77.5,0,0
889,2022-08-03 17:00,30.6,219.1,2.5,0,1007.8,1009.6,83.7,0,0
889,2022-08-03 18:00,29.8,232.9,2.3,0,1007.4,1009.2,83.9,0,0
889,2022-08-03 19:00,29.2,236.7,1.7,0,1007.6,1009.4,88.1,0,0
889,2022-08-03 20:00,28.5,221,1.4,0,1007.9,1009.7,93.4,0,0
889,2022-08-03 21:00,28.2,240.1,1.6,0,1008.3,1010.1,96.3,0,0
889,2022-08-03 22:00,27.9,230.7,.7,0,1008.6,1010.4,97.2,0,0
889,2022-08-03 23:00,27.8,232.6,1.5,0,1008.5,1010.3,98.6,0,0
889,2022-08-04 00:00,27.7,242.2,1.1,0,1008.5,1010.3,98.8,0,0
889,2022-08-04 01:00,27.6,238.3,2.2,0,1008.6,1010.4,99.3,0,0
889,2022-08-04 02:00,27.3,227,1.8,0,1008.4,1010.2,99.9,0,0
889,2022-08-04 03:00,27.2,243.2,2,0,1008.4,1010.2,99.9,0,0
889,2022-08-04 04:00,26.8,236,.9,0,1008.7,1010.5,99.9,0,0
889,2022-08-04 05:00,26.8,234,1.4,0,1008.9,1010.7,99.9,0,0
889,2022-08-04 06:00,26.4,226.3,1.1,0,1009.1,1010.9,99.9,0,0
889,2022-08-04 07:00,27,227.1,.7,0,1009.4,1011.2,99.9,0,0
889,2022-08-04 08:00,28,252.5,1.5,0,1009.8,1011.6,96.5,0,0
889,2022-08-04 09:00,28.6,267.9,1.1,0,1009.6,1011.4,89.9,0,0
889,2022-08-04 10:00,30.6,263.6,1.1,0,1009.4,1011.2,81.2,0,0
889,2022-08-04 11:00,31.1,5.5,1.4,0,1009.1,1010.9,76.2,0,0
889,2022-08-04 12:00,32.2,244.2,1.2,0,1008.6,1010.4,69.6,0,0
889,2022-08-04 13:00,32.1,313.7,.5,0,1007.8,1009.6,75,0,0
889,2022-08-04 14:00,32.5,254.2,1.1,0,1007.3,1009.1,69,0,0
889,2022-08-04 15:00,33.7,280.1,1.1,0,1006.9,1008.7,64.3,0,0
889,2022-08-04 16:00,33.4,247.1,1.5,0,1006.6,1008.4,64.3,0,0
889,2022-08-04 17:00,32.9,260.3,1.6,0,1006.6,1008.4,67.7,0,0
889,2022-08-04 18:00,31.8,230.9,2.1,0,1006.4,1008.2,69.4,0,0
889,2022-08-04 19:00,30.5,228.1,1.7,0,1006.1,1007.9,76.3,0,0
889,2022-08-04 20:00,28.2,0,.2,0,1006.5,1008.3,87.9,0,0
889,2022-08-04 21:00,27.1,0,.1,0,1006.7,1008.5,93.2,0,0
889,2022-08-04 22:00,26.7,0,.1,0,1006.7,1008.5,96.4,0,0
889,2022-08-04 23:00,26.7,228.4,.5,0,1006.6,1008.4,99.1,0,0
889,2022-08-05 00:00,26.3,216.3,.5,0,1006.5,1008.3,99.9,0,0
889,2022-08-05 01:00,26.4,0,.4,0,1006.3,1008.1,99.9,0,0
889,2022-08-05 02:00,26.4,0,.2,0,1006.4,1008.2,99.9,0,0
889,2022-08-05 03:00,26.6,0,.2,0,1006.4,1008.2,99.9,0,0
889,2022-08-05 04:00,26.4,0,.3,0,1006.1,1007.9,99.9,0,0
889,2022-08-05 05:00,26.4,0,.3,0,1006,1007.8,99.9,0,0
889,2022-08-05 06:00,26.3,0,0,0,1006,1007.8,99.9,0,0
889,2022-08-05 07:00,26.7,210.3,.5,0,1006,1007.8,99.9,0,0
889,2022-08-05 08:00,27.7,0,.2,0,1005.7,1007.5,99.9,0,0
889,2022-08-05 09:00,29.1,196.1,1.1,0,1005.5,1007.3,99.8,0,0
889,2022-08-05 10:00,30.1,230.4,2.2,0,1005.3,1007.1,87.3,0,0
889,2022-08-05 11:00,31.8,217.5,1.5,0,1005,1006.8,82.9,0,0
889,2022-08-05 12:00,32,228.5,2.6,0,1004.5,1006.3,75.7,0,0
889,2022-08-05 13:00,31.4,240.8,3,0,1004.2,1006,74.7,0,0
889,2022-08-05 14:00,32.5,257.2,2.7,0,1003.5,1005.3,71.9,0,0
889,2022-08-05 15:00,32.8,232,3,0,1002.7,1004.5,70.7,0,0
889,2022-08-05 16:00,32.5,231.1,1.6,0,1002.4,1004.2,71.4,0,0
889,2022-08-05 17:00,31.8,219.6,2.4,0,1003,1004.8,72.2,0,0
889,2022-08-05 18:00,31.3,226.9,2.7,0,1002.5,1004.3,69.8,0,0
889,2022-08-05 19:00,30.2,209.9,1.1,0,1003.1,1004.9,78.3,0,0
889,2022-08-05 20:00,29.4,237.9,2.4,0,1003.1,1004.9,84.7,0,0
889,2022-08-05 21:00,29,245.8,1.6,0,1003.8,1005.6,89.4,0,0
889,2022-08-05 22:00,28.7,212.3,.8,0,1004.3,1006.1,92.1,0,0
889,2022-08-05 23:00,28.7,225.6,1.3,0,1004.4,1006.2,94.4,0,0
889,2022-08-06 00:00,28.5,234.2,1.4,0,1004.6,1006.4,94.5,0,0
889,2022-08-06 01:00,28.3,229.1,2,0,1004.6,1006.4,96.2,0,0
889,2022-08-06 02:00,28.1,239,1.1,0,1004.5,1006.3,97.4,0,0
889,2022-08-06 03:00,27.6,197,.8,0,1003.9,1005.7,97.8,0,0
889,2022-08-06 04:00,27,233.6,.6,0,1003.9,1005.7,99.1,0,0
889,2022-08-06 05:00,26.7,0,.3,0,1004.2,1006,99.9,0,0
889,2022-08-06 06:00,26.7,193.8,.5,0,1004.5,1006.3,99.9,0,0
889,2022-08-06 07:00,27.4,194.8,1.2,0,1004.7,1006.5,99.9,0,0
889,2022-08-06 08:00,28.5,221.3,1.2,0,1004.5,1006.3,96.3,0,0
889,2022-08-06 09:00,29.8,234.7,1.4,0,1004.9,1006.7,87.2,0,0
889,2022-08-06 10:00,30,214.3,1,0,1004.2,1006,88.8,0,0
889,2022-08-06 11:00,30.7,198.7,.7,0,1004.6,1006.4,83.8,0,0
889,2022-08-06 12:00,29.4,175.9,.8,1.5,1004.7,1006.5,96.1,0,0
889,2022-08-06 13:00,29.1,0,.4,.5,1004.3,1006.1,99.4,0,0
889,2022-08-06 14:00,30.6,0,.4,0,1004.2,1006,99.4,0,0
889,2022-08-06 15:00,32.7,196.5,.5,0,1003.9,1005.7,77.6,0,0
889,2022-08-06 16:00,30.1,286.9,.6,0,1003.7,1005.5,92.3,0,0
889,2022-08-06 17:00,30.9,17.5,.5,0,1003.1,1004.9,91.7,0,0
889,2022-08-06 18:00,30.5,0,.3,0,1003.2,1005,91.1,0,0
889,2022-08-06 19:00,29.3,0,.2,0,1003.4,1005.2,96.2,0,0
889,2022-08-06 20:00,28.4,0,.1,0,1003.8,1005.6,98.8,0,0
889,2022-08-06 21:00,28.2,0,.4,0,1004.8,1006.6,99.9,0,0
889,2022-08-06 22:00,28.6,230,1.1,.5,1004.9,1006.7,99.9,0,0
889,2022-08-06 23:00,27.3,220.2,.8,.5,1005.1,1006.9,99.9,0,0
889,2022-08-07 00:00,26.9,0,.2,0,1005.4,1007.2,99.9,0,0
889,2022-08-07 01:00,26.6,0,.1,0,1005.1,1006.9,99.9,0,0
889,2022-08-07 02:00,26.3,0,.1,0,1004.9,1006.7,99.9,0,0
889,2022-08-07 03:00,26.2,0,.2,0,1004.9,1006.7,99.9,0,0
889,2022-08-07 04:00,26.2,0,.4,0,1005.1,1006.9,99.9,0,0
889,2022-08-07 05:00,26.4,0,0,0,1005.3,1007.1,99.9,0,0
889,2022-08-07 06:00,26.5,0,0,0,1005.4,1007.2,99.9,0,0
889,2022-08-07 07:00,27.2,0,.1,0,1005.1,1006.9,99.9,0,0
889,2022-08-07 08:00,28.1,299.6,.7,0,1004.9,1006.7,99.9,0,0
889,2022-08-07 09:00,28.4,0,.4,.5,1005.2,1007,99.9,0,0
889,2022-08-07 10:00,28.8,0,.3,0,1005.3,1007.1,99.9,0,0
889,2022-08-07 11:00,29.1,0,.4,0,1005,1006.8,99.9,0,0
889,2022-08-07 12:00,29.3,0,.2,0,1004.7,1006.5,99.9,0,0
889,2022-08-07 13:00,32.3,211.2,.8,0,1004.1,1005.9,87.1,0,0
889,2022-08-07 14:00,33.1,218.8,2.1,0,1003.7,1005.5,77.7,0,0
889,2022-08-07 15:00,32.2,216,2.2,0,1003.6,1005.4,79.7,0,0
889,2022-08-07 16:00,31.8,220.1,1.9,0,1003.9,1005.7,74.9,0,0
889,2022-08-07 17:00,31.2,223.9,2.6,0,1003.6,1005.4,81.4,0,0
889,2022-08-07 18:00,30.5,202.9,1.7,0,1003.3,1005.1,82.1,0,0
889,2022-08-07 19:00,29.8,203.4,1.2,0,1003.6,1005.4,86.8,0,0
889,2022-08-07 20:00,29.6,222.4,1.6,0,1003.8,1005.6,88.1,0,0
889,2022-08-07 21:00,29.6,245.6,1.1,0,1004,1005.8,87.4,0,0
889,2022-08-07 22:00,29.3,214.4,1.6,0,1004.4,1006.2,90,0,0
889,2022-08-07 23:00,28.6,202.6,1.3,.5,1004.4,1006.2,95.1,0,0
889,2022-08-08 00:00,28.7,226.3,1.9,0,1004.4,1006.2,94.9,0,0
889,2022-08-08 01:00,28.8,219.1,1.6,0,1004,1005.8,92.8,0,0
889,2022-08-08 02:00,28.9,204.9,2,0,1003.7,1005.5,91.8,0,0
889,2022-08-08 03:00,29,211.1,2.3,0,1003.5,1005.3,91.2,0,0
889,2022-08-08 04:00,28.9,220.9,1.7,0,1003.3,1005.1,90.2,0,0
889,2022-08-08 05:00,28.9,211.7,2.4,0,1004.2,1006,88.6,0,0
889,2022-08-08 06:00,28.3,210.1,2.1,0,1004.6,1006.4,92.3,0,0
889,2022-08-08 07:00,27.7,208.4,1.5,.5,1004.5,1006.3,97.4,0,0
889,2022-08-08 08:00,28,218.2,1.9,0,1004.6,1006.4,97.6,0,0
889,2022-08-08 09:00,27.9,208.1,1.6,.5,1004.2,1006,98.3,0,0
889,2022-08-08 10:00,28.6,199.2,1.6,0,1003.9,1005.7,96.1,0,0
889,2022-08-08 11:00,29.1,221.7,2.2,0,1003.8,1005.6,93,0,0
889,2022-08-08 12:00,28.8,219.2,2.6,0,1004,1005.8,93.7,0,0
889,2022-08-08 13:00,25.6,243.4,2.3,30.5,1005.4,1007.2,99.9,0,0
889,2022-08-08 14:00,25.1,189.9,1.4,20,1005.1,1007,99.9,0,0
889,2022-08-08 15:00,25.4,135.4,1.1,2.5,1004.5,1006.3,99.9,0,0
889,2022-08-08 16:00,26.1,200,.8,10,1003.6,1005.4,99.9,0,0
889,2022-08-08 17:00,26.7,222.8,1.3,1,1003.4,1005.2,99.9,0,0
889,2022-08-08 18:00,26.4,228.5,2.6,20,1003.3,1005.1,99.9,0,0
889,2022-08-08 19:00,26.8,206.7,1,4,1004.6,1006.4,99.9,0,0
889,2022-08-08 20:00,26.6,21.5,.9,48.5,1004.2,1006,99.9,0,0
889,2022-08-08 21:00,26,231.3,2.9,97,1005,1006.8,99.9,0,0
889,2022-08-08 22:00,26.1,210.9,2.2,47.5,1004.6,1006.4,99.9,0,0
889,2022-08-08 23:00,26.2,267.8,.7,21.5,1004.7,1006.5,99.9,0,0
889,2022-08-09 00:00,26.1,0,.1,5,1004.6,1006.4,99.9,0,0
889,2022-08-09 01:00,26.3,201.1,1.3,1,1004.2,1006,99.9,0,0
889,2022-08-09 02:00,26.1,248,.8,1,1004.2,1006,99.9,0,0
889,2022-08-09 03:00,25.6,236,1.9,19.5,1004.1,1005.9,99.9,0,0
889,2022-08-09 04:00,25.8,233.7,2.6,4,1004.6,1006.4,99.9,0,0
889,2022-08-09 05:00,25.7,0,.1,7.5,1004.3,1006.1,99.9,0,0
889,2022-08-09 06:00,25.5,214.9,1.8,1,1004.9,1006.7,99.9,0,0
889,2022-08-09 07:00,25.6,219.1,1.1,1,1004.8,1006.6,99.9,0,0
889,2022-08-09 08:00,25.6,213.5,.8,0,1005.2,1007,99.9,0,0
889,2022-08-09 09:00,25.7,208.7,.9,0,1005.3,1007.1,99.9,0,0
889,2022-08-09 10:00,25.8,196.3,1.1,2,1005.5,1007.3,99.9,0,0
889,2022-08-09 11:00,25.7,222.9,1.4,1,1005.3,1007.1,99.9,0,0
889,2022-08-09 12:00,25.7,218.3,1.8,5,1004.9,1006.7,99.9,0,0
889,2022-08-09 13:00,26,218.2,1.6,6,1004.6,1006.4,99.9,0,0
889,2022-08-09 14:00,26.2,205.7,1.2,3,1003.9,1005.7,99.9,0,0
889,2022-08-09 15:00,26.8,205,1.7,.5,1003,1004.8,99.9,0,0
889,2022-08-09 16:00,27,196.7,1.5,.5,1002.7,1004.5,99.9,0,0
889,2022-08-09 17:00,26.8,196.9,1.9,.5,1002.3,1004.1,99.9,0,0
889,2022-08-09 18:00,26.5,242.2,1.8,9.5,1002.8,1004.6,99.9,0,0
889,2022-08-09 19:00,25.4,224,1.1,6.5,1003.1,1004.9,99.9,0,0
889,2022-08-09 20:00,25.3,0,.3,6,1003,1004.8,99.9,0,0
889,2022-08-09 21:00,24.5,0,.1,12,1003.1,1004.9,99.9,0,0
889,2022-08-09 22:00,23.9,64.4,.5,1,1003,1004.8,99.9,0,0
889,2022-08-09 23:00,22.9,252.9,1.3,6.5,1003.7,1005.6,99.9,0,0
889,2022-08-10 00:00,22.1,242.3,1.7,5,1004.1,1006,99.9,0,0
889,2022-08-10 01:00,22,225.7,.7,5.5,1004,1005.9,99.9,0,0
889,2022-08-10 02:00,22.1,0,0,1.5,1003.9,1005.8,99.9,0,0
889,2022-08-10 03:00,22,0,.1,0,1003.7,1005.6,99.9,0,0
889,2022-08-10 04:00,21.8,244.8,1,0,1004.2,1006.1,99.9,0,0
889,2022-08-10 05:00,21.8,0,.3,0,1004.3,1006.2,99.9,0,0
889,2022-08-10 06:00,21.7,0,.1,0,1004.5,1006.4,99.9,0,0
889,2022-08-10 07:00,21.9,0,.1,0,1004.7,1006.6,99.9,0,0
889,2022-08-10 08:00,22.4,0,.2,0,1004.7,1006.6,99.9,0,0
889,2022-08-10 09:00,23.8,0,.3,0,1005.3,1007.1,99.9,0,0
889,2022-08-10 10:00,25.2,46.2,.5,0,1005.4,1007.3,99.9,0,0
889,2022-08-10 11:00,27.5,33.4,1,0,1005.3,1007.1,82.8,0,0
889,2022-08-10 12:00,29.3,167.7,.8,0,1004.7,1006.5,80.4,0,0
889,2022-08-10 13:00,28.7,187.7,1,0,1004.3,1006.1,77.3,0,0
889,2022-08-10 14:00,29.3,28.6,.7,0,1004,1005.8,71.9,0,0
889,2022-08-10 15:00,28.3,203.8,1.6,0,1004,1005.8,80.6,0,0
889,2022-08-10 16:00,27,201.3,1.6,0,1004.2,1006,86.2,0,0
889,2022-08-10 17:00,26,195.6,1,0,1004.2,1006,91.3,0,0
889,2022-08-10 18:00,25.8,0,0,0,1003.9,1005.7,93.6,0,0
889,2022-08-10 19:00,25.2,0,.3,0,1004.1,1005.9,95,0,0
889,2022-08-10 20:00,24.7,186.6,1,0,1004,1005.8,97.8,0,0
889,2022-08-10 21:00,24.8,134.9,.7,0,1004.5,1006.3,98.7,0,0
889,2022-08-10 22:00,24.3,0,.2,.5,1004.8,1006.6,99.9,0,0
889,2022-08-10 23:00,24.1,0,.2,1,1004.8,1006.6,99.9,0,0
889,2022-08-11 00:00,24,0,0,1.5,1004.3,1006.1,99.9,0,0
889,2022-08-11 01:00,23.9,0,0,0,1003.8,1005.6,99.9,0,0
889,2022-08-11 02:00,23.8,0,.2,3,1003.3,1005.1,99.9,0,0
889,2022-08-11 03:00,23.8,0,0,3.5,1002.3,1004.1,99.9,0,0
889,2022-08-11 04:00,23.8,15.9,.5,1.5,1001.6,1003.4,99.9,0,0
889,2022-08-11 05:00,23.6,0,.2,1.5,1001.9,1003.7,99.9,0,0
889,2022-08-11 06:00,23.6,0,.2,,1002.2,1004,99.9,,
889,2022-08-11 07:00,23.5,0,.1,,1002.5,1004.3,99.9,,
889,2022-08-11 08:00,23.6,0,.1,,1002.6,1004.4,99.9,,
889,2022-08-11 09:00,24.1,0,.4,,1002.4,1004.2,99.9,,
889,2022-08-11 10:00,24,33.3,.6,,1002.7,1004.5,99.9,,
889,2022-08-11 11:00,24.6,0,.2,,1002.9,1004.7,99.9,,
889,2022-08-11 12:00,25.3,224.9,.7,,1002.9,1004.7,99.9,,
889,2022-08-11 13:00,25.5,213.9,1.4,,1002.8,1004.6,99.9,,
889,2022-08-11 14:00,27.3,204.4,1.7,,1002.3,1004.1,91.8,,
889,2022-08-11 15:00,27.7,238.9,1.7,,1001.7,1003.5,84.4,,
889,2022-08-11 16:00,27.3,210.2,1.3,,1002.1,1003.9,87.7,,
889,2022-08-11 17:00,26.6,210.9,1.2,,1002.3,1004.1,90.3,,
889,2022-08-11 18:00,26.2,196.1,1,,1002.1,1003.9,94.5,,
889,2022-08-11 19:00,25.7,186.2,1,,1002,1003.8,96.1,,
889,2022-08-11 20:00,25.3,0,.3,,1002.6,1004.4,98.1,,
889,2022-08-11 21:00,25.1,0,.4,,1003,1004.8,99.6,,
889,2022-08-11 22:00,24.6,226.7,.5,,1003.3,1005.1,99.9,,
889,2022-08-11 23:00,24.6,242.9,1,,1004,1005.8,99.9,,
889,2022-08-12 00:00,24.7,329.9,.7,,1003.9,1005.7,99.9,0,0
889,2022-08-12 01:00,24.5,0,.2,0,1003.7,1005.5,99.9,0,0
889,2022-08-12 02:00,24,0,.3,0,1003.8,1005.6,99.9,0,0
889,2022-08-12 03:00,22.9,0,.1,0,1004.2,1006.1,99.9,0,0
889,2022-08-12 04:00,22.8,0,.1,0,1004.3,1006.2,99.9,0,0
889,2022-08-12 05:00,22.7,0,0,0,1004.3,1006.2,99.9,0,0
889,2022-08-12 06:00,22.2,0,0,0,1004.7,1006.6,99.9,0,0
889,2022-08-12 07:00,22.6,0,0,0,1004.7,1006.6,99.9,0,0
889,2022-08-12 08:00,24.2,0,0,0,1005.2,1007,99.9,0,0
889,2022-08-12 09:00,26.3,1.7,.8,0,1005.3,1007.1,99.4,0,0
889,2022-08-12 10:00,28.6,20.3,.9,0,1005.5,1007.3,73.4,0,0
889,2022-08-12 11:00,29.5,5.7,1.5,0,1005.8,1007.6,71.2,0,0
889,2022-08-12 12:00,30.4,351.9,1.6,0,1005.6,1007.4,66.6,0,0
889,2022-08-12 13:00,31.6,344.1,1.3,0,1005,1006.8,56.4,0,0
889,2022-08-12 14:00,32.7,14.1,1.1,0,1004.4,1006.2,46.2,0,0
889,2022-08-12 15:00,33.2,25.2,.9,0,1003.8,1005.6,46.5,0,0
889,2022-08-12 16:00,33.2,305.8,1.1,0,1003.5,1005.3,51.2,0,0
889,2022-08-12 17:00,31.8,234.1,1.9,0,1003.1,1004.9,64,0,0
889,2022-08-12 18:00,31.1,230.7,1.2,0,1002.9,1004.7,67,0,0
889,2022-08-12 19:00,29.3,241.1,1.2,0,1003.5,1005.3,72.4,0,0
889,2022-08-12 20:00,27.7,0,.4,0,1004.6,1006.4,77.4,0,0
889,2022-08-12 21:00,25.7,0,.3,0,1005.1,1006.9,92,0,0
889,2022-08-12 22:00,24.7,0,.3,0,1005.2,1007,96.5,0,0
889,2022-08-12 23:00,24,218.7,.5,0,1004.8,1006.6,99.1,0,0
889,2022-08-13 00:00,23.8,0,.3,0,1004.7,1006.5,99.9,0,0
889,2022-08-13 01:00,24.2,211.1,.5,0,1004.6,1006.4,99.9,0,0
889,2022-08-13 02:00,24,0,.1,0,1004.3,1006.1,99.9,0,0
889,2022-08-13 03:00,24.4,0,.4,0,1004.1,1005.9,99.9,0,0
889,2022-08-13 04:00,24.6,200,.5,0,1004.2,1006,99.9,0,0
889,2022-08-13 05:00,24.2,228.2,.6,0,1003.8,1005.6,99.4,0,0
889,2022-08-13 06:00,24.3,237,.5,0,1004.3,1006.1,99.2,0,0
889,2022-08-13 07:00,24.7,234.4,.6,0,1004.4,1006.2,98.3,0,0
889,2022-08-13 08:00,25.9,122.5,.5,0,1004.5,1006.3,93.4,0,0
889,2022-08-13 09:00,26.3,121.2,.5,0,1004.3,1006.1,89.2,0,0
889,2022-08-13 10:00,26.2,0,.3,0,1005.1,1006.9,92.3,0,0
889,2022-08-13 11:00,25.2,0,.4,0,1005.4,1007.3,93.3,0,0
889,2022-08-13 12:00,24.3,0,.4,0,1005.1,1006.9,96.8,0,0
889,2022-08-13 13:00,24,0,.1,1,1004.5,1006.3,99.9,0,0
889,2022-08-13 14:00,23.9,0,.3,1.5,1003.9,1005.7,99.9,0,0
889,2022-08-13 15:00,24.7,35.9,.9,1,1002.9,1004.7,99.9,0,0
889,2022-08-13 16:00,25.9,202.5,.5,0,1003.2,1005,99.9,0,0
889,2022-08-13 17:00,27.2,232.1,.9,0,1002.3,1004.1,98.4,0,0
889,2022-08-13 18:00,27.3,287.1,.7,0,1002.7,1004.5,93,0,0
889,2022-08-13 19:00,26.5,202.3,.6,0,1003.4,1005.2,95.9,0,0
889,2022-08-13 20:00,25.1,0,.2,0,1003.7,1005.5,98.9,0,0
889,2022-08-13 21:00,25.3,0,.1,0,1004.3,1006.1,99.9,0,0
889,2022-08-13 22:00,25.2,0,.3,0,1004.5,1006.3,99.9,0,0
889,2022-08-13 23:00,25.5,0,.2,0,1004.5,1006.3,99.9,0,0
889,2022-08-14 00:00,25.4,0,.3,0,1004.4,1006.2,99.9,0,0
889,2022-08-14 01:00,25.4,0,.1,0,1004.4,1006.2,99.9,0,0
889,2022-08-14 02:00,25.3,0,.4,0,1004,1005.8,99.9,0,0
889,2022-08-14 03:00,25.3,0,.4,0,1004.1,1005.9,99.9,0,0
889,2022-08-14 04:00,25,0,0,0,1004.2,1006.1,99.9,0,0
889,2022-08-14 05:00,24.6,0,.4,0,1003.8,1005.6,99.9,0,0
889,2022-08-14 06:00,24.5,0,.1,0,1004,1005.8,99.9,0,0
889,2022-08-14 07:00,25.3,0,.2,0,1004.1,1005.9,99.9,0,0
889,2022-08-14 08:00,26.1,23.7,.9,0,1004.4,1006.2,99.9,0,0
889,2022-08-14 09:00,26.5,26.6,.6,0,1004.7,1006.5,99.9,0,0
889,2022-08-14 10:00,27.8,22.1,1.6,0,1005,1006.8,94.7,0,0
889,2022-08-14 11:00,29.9,10,1.4,0,1004.7,1006.5,88.2,0,0
889,2022-08-14 12:00,30.5,25.7,1.4,0,1004.1,1005.9,81.9,0,0
889,2022-08-14 13:00,32.2,219.8,.6,0,1003.6,1005.4,74.6,0,0
889,2022-08-14 14:00,32.8,213.9,1.8,0,1003.5,1005.3,70.4,0,0
889,2022-08-14 15:00,31.6,227.4,2,0,1003.5,1005.3,73.9,0,0
889,2022-08-14 16:00,31.2,242.3,1.7,0,1003.4,1005.2,78.5,0,0
889,2022-08-14 17:00,30.8,243.1,1.5,0,1003.2,1005,80.5,0,0
889,2022-08-14 18:00,28.6,0,.3,.5,1003,1004.8,94.8,0,0
889,2022-08-14 19:00,28,194.8,.7,0,1003.4,1005.2,99.6,0,0
889,2022-08-14 20:00,27.7,0,.4,0,1003.4,1005.2,99.9,0,0
889,2022-08-14 21:00,27.5,0,.2,0,1003.5,1005.3,99.7,0,0
889,2022-08-14 22:00,27.1,0,.3,0,1003.5,1005.3,99.9,0,0
889,2022-08-14 23:00,27.1,222.4,.8,0,1003.2,1005,99.9,0,0
889,2022-08-15 00:00,27.6,193,1.5,0,1003.1,1004.9,97.4,0,0
889,2022-08-15 01:00,27.8,219.4,.9,0,1002.8,1004.6,94.3,0,0
889,2022-08-15 02:00,27.7,220.6,1.5,0,1002.6,1004.4,94.4,0,0
889,2022-08-15 03:00,27.8,219.2,2.1,0,1002,1003.8,93.4,0,0
889,2022-08-15 04:00,27.7,219.4,2.8,0,1001.3,1003.1,93.8,0,0
889,2022-08-15 05:00,27.8,236.3,2.2,0,1000.7,1002.5,93,0,0
889,2022-08-15 06:00,28.2,229,2.1,0,1000.9,1002.7,90.9,0,0
889,2022-08-15 07:00,28.6,208.9,3,0,1000.4,1002.2,89.2,0,0
889,2022-08-15 08:00,28.9,222.9,3.1,0,1000.1,1001.9,88.5,0,0
889,2022-08-15 09:00,29.4,229.7,3.6,0,1000,1001.8,86.4,0,0
889,2022-08-15 10:00,29.8,222.2,3.2,0,999.7,1001.5,84.3,0,0
889,2022-08-15 11:00,30.6,232.1,3,0,999.7,1001.5,81.6,0,0
889,2022-08-15 12:00,30.9,230.9,4,0,999.2,1001,79.3,0,0
889,2022-08-15 13:00,31.1,219.9,2.9,0,998.7,1000.5,79.1,0,0
889,2022-08-15 14:00,30.6,220.4,3.4,0,997.8,999.6,81.9,0,0
889,2022-08-15 15:00,30.3,225.1,3,0,997.2,999,84.1,0,0
889,2022-08-15 16:00,29.8,215.1,3.3,0,996.6,998.4,86.7,0,0
889,2022-08-15 17:00,29.5,218.9,2.9,0,996.5,998.3,88.9,0,0
889,2022-08-15 18:00,29.3,212.9,3.1,0,996,997.8,91,0,0
889,2022-08-15 19:00,28.1,225,2.9,1.5,996.3,998.1,99.4,0,0
889,2022-08-15 20:00,28.1,235.5,2.8,0,997.1,998.9,99.9,0,0
889,2022-08-15 21:00,28.2,241.5,2.6,0,997.5,999.3,99.9,0,0
889,2022-08-15 22:00,28.2,240.7,2.8,0,997.7,999.5,99.9,0,0
889,2022-08-15 23:00,27.8,244.1,1.9,.5,997.9,999.7,99.9,0,0
889,2022-08-16 00:00,27,222,2.1,0,998.3,1000.1,99.9,0,0
889,2022-08-16 01:00,26.8,237.6,2.1,0,998.3,1000.1,99.2,0,0
889,2022-08-16 02:00,26.6,241.5,1.7,0,998.1,999.9,98.3,0,0
889,2022-08-16 03:00,26.5,244,1.7,0,998.6,1000.4,96.7,0,0
889,2022-08-16 04:00,26,244.3,2.4,0,999.1,1000.9,94.9,0,0
889,2022-08-16 05:00,25.6,244.1,1.6,0,999.4,1001.2,94.7,0,0
889,2022-08-16 06:00,24.9,228.8,1.2,0,999.9,1001.7,93.9,0,0
889,2022-08-16 07:00,24.8,207.4,1.7,0,1001,1002.8,97.4,0,0
889,2022-08-16 08:00,25.3,225.7,1.9,0,1001.7,1003.5,89.4,0,0
889,2022-08-16 09:00,26.3,238,1.7,0,1002,1003.8,83.5,0,0
889,2022-08-16 10:00,27.8,247.5,1.9,0,1002.1,1003.9,79.3,0,0
889,2022-08-16 11:00,27.6,308.3,1.5,0,1002.3,1004.1,75.9,0,0
889,2022-08-16 12:00,29.3,227.9,1,0,1002.1,1003.9,70.8,0,0
889,2022-08-16 13:00,30.6,250,1.7,0,1001.7,1003.5,64.8,0,0
889,2022-08-16 14:00,31,205,1.9,0,1001.7,1003.5,63.4,0,0
889,2022-08-16 15:00,31.1,262.7,1.9,0,1001.6,1003.4,61.2,0,0
889,2022-08-16 16:00,30.6,243.2,2.2,0,1001.8,1003.6,59.5,0,0
889,2022-08-16 17:00,30.9,243.4,1.3,0,1002.1,1003.9,57,0,0
889,2022-08-16 18:00,30.1,212.5,1.6,0,1002.4,1004.2,59.3,0,0
889,2022-08-16 19:00,27.9,196.7,1,0,1002.7,1004.5,66.7,0,0
889,2022-08-16 20:00,24.5,237.6,.6,0,1003.3,1005.1,84.6,0,0
889,2022-08-16 21:00,23.5,231.6,.7,0,1003.8,1005.6,92.4,0,0
889,2022-08-16 22:00,22.8,0,.4,0,1004,1005.9,94.9,0,0
889,2022-08-16 23:00,22.7,225.8,1,0,1004.2,1006.1,99.6,0,0
889,2022-08-17 00:00,22.3,0,.1,0,1004.4,1006.3,99.9,0,0
889,2022-08-17 01:00,22.1,218.7,.7,0,1004.4,1006.3,99.9,0,0
889,2022-08-17 02:00,22.4,0,.3,0,1004.1,1006,99.9,0,0
889,2022-08-17 03:00,21.8,0,.4,0,1004.4,1006.3,99.9,0,0
889,2022-08-17 04:00,21.8,0,.3,0,1004.3,1006.2,99.9,0,0
889,2022-08-17 05:00,21.3,215,.5,0,1004.5,1006.4,99.9,0,0
889,2022-08-17 06:00,21.3,213.8,.5,0,1005,1006.9,99.9,0,0
889,2022-08-17 07:00,22.2,0,.2,0,1005.3,1007.2,99.9,0,0
889,2022-08-17 08:00,24.4,38.7,.5,0,1005.3,1007.1,99.9,0,0
889,2022-08-17 09:00,26.2,9.1,.8,0,1005.1,1006.9,92.9,0,0
889,2022-08-17 10:00,27.5,143.3,.5,0,1005.2,1007,86,0,0
889,2022-08-17 11:00,28.1,112.9,1,0,1004.7,1006.5,79.3,0,0
889,2022-08-17 12:00,30.2,46.1,1.2,0,1004.1,1005.9,69.4,0,0
889,2022-08-17 13:00,31,196.6,1,0,1003.8,1005.6,69.4,0,0
889,2022-08-17 14:00,31.5,208.7,1.1,0,1003.3,1005.1,66.6,0,0
889,2022-08-17 15:00,30.9,226.2,1.7,0,1002.8,1004.6,67.9,0,0
889,2022-08-17 16:00,31,238.3,2.6,0,1002.6,1004.4,62.8,0,0
889,2022-08-17 17:00,30.7,215.7,2.1,0,1002.9,1004.7,58.4,0,0
889,2022-08-17 18:00,29.2,242.8,1.7,0,1003.4,1005.2,62,0,0
889,2022-08-17 19:00,27.9,267.1,.5,0,1004,1005.8,68.1,0,0
889,2022-08-17 20:00,26.5,218.9,.5,0,1004.3,1006.1,73.6,0,0
889,2022-08-17 21:00,25.6,226.2,.5,0,1004.7,1006.5,81.3,0,0
889,2022-08-17 22:00,23.7,0,.3,0,1005.3,1007.1,92.5,0,0
889,2022-08-17 23:00,24.3,112.3,.8,0,1005.6,1007.4,92.5,0,0
889,2022-08-18 00:00,22.9,0,.1,0,1005.7,1007.6,94.9,0,0
889,2022-08-18 01:00,22.4,0,.3,0,1005.6,1007.5,98.2,0,0
889,2022-08-18 02:00,22.4,0,.3,0,1005.7,1007.6,99.9,0,0
889,2022-08-18 03:00,23.4,0,.4,0,1005.6,1007.5,99.9,0,0
889,2022-08-18 04:00,22.4,217.2,.5,0,1005.7,1007.6,99.9,0,0
889,2022-08-18 05:00,22.8,0,0,0,1005.8,1007.7,99.9,0,0
889,2022-08-18 06:00,22.8,0,.2,0,1006.2,1008.1,99.9,0,0
889,2022-08-18 07:00,23.2,189.1,.5,0,1006.4,1008.3,99.9,0,0
889,2022-08-18 08:00,24,211.7,.8,0,1006.7,1008.5,99.9,0,0
889,2022-08-18 09:00,25.9,167.7,1,0,1006.7,1008.5,86.5,0,0
889,2022-08-18 10:00,28.2,88.4,1.1,0,1006.7,1008.5,72.8,0,0
889,2022-08-18 11:00,29.1,83.5,.9,0,1006.4,1008.2,69.5,0,0
889,2022-08-18 12:00,30.3,137.9,1,0,1005.8,1007.6,64.9,0,0
889,2022-08-18 13:00,30.2,245.7,.7,0,1005.8,1007.6,63.9,0,0
889,2022-08-18 14:00,29.7,242.1,1.2,0,1005.4,1007.2,61.2,0,0
889,2022-08-18 15:00,29.7,192.2,1.8,0,1005.3,1007.1,61.2,0,0
889,2022-08-18 16:00,28.7,229.5,2.2,0,1005.5,1007.3,68.6,0,0
889,2022-08-18 17:00,29.1,222,1.5,0,1005.6,1007.4,64.1,0,0
889,2022-08-18 18:00,27.9,230.8,2.4,0,1005.3,1007.1,66.7,0,0
889,2022-08-18 19:00,26.7,191.6,.6,0,1005.3,1007.1,74.2,0,0
889,2022-08-18 20:00,25.3,0,.4,0,1005.9,1007.8,82.6,0,0
889,2022-08-18 21:00,24.7,228.5,.5,0,1005.9,1007.7,90.1,0,0
889,2022-08-18 22:00,23.4,0,.1,0,1005.8,1007.7,93.2,0,0
889,2022-08-18 23:00,23.1,0,.3,0,1005.5,1007.4,95,0,0
889,2022-08-19 00:00,22.7,241.7,.7,0,1005.3,1007.2,97.4,0,0
889,2022-08-19 01:00,22,237.5,.5,0,1004.7,1006.6,98.4,0,0
889,2022-08-19 02:00,22.2,228.6,.5,0,1004.4,1006.3,99.9,0,0
889,2022-08-19 03:00,22.4,238.1,.5,0,1004,1005.9,99.9,0,0
889,2022-08-19 04:00,22.5,0,.4,0,1003.2,1005.1,99.9,0,0
889,2022-08-19 05:00,22.7,0,.4,0,1003.2,1005.1,99.9,0,0
889,2022-08-19 06:00,23.3,97.9,.5,0,1003.6,1005.4,99.9,0,0
889,2022-08-19 07:00,24.3,0,.2,0,1003.3,1005.1,97.7,0,0
889,2022-08-19 08:00,25.1,306,.9,0,1002.9,1004.7,89.1,0,0
889,2022-08-19 09:00,26.6,264.4,.6,0,1002.9,1004.7,82.8,0,0
889,2022-08-19 10:00,27.8,232.2,.8,0,1002.5,1004.3,74,0,1
889,2022-08-19 11:00,27.7,189,.6,0,1002.2,1004,77.7,0,-1
889,2022-08-19 12:00,27.9,226,1.2,0,1002,1003.8,80.2,0,1
889,2022-08-19 13:00,27.5,249.6,.6,0,1001,1002.8,85,0,-1
889,2022-08-19 14:00,27.6,116.8,.7,0,999.5,1001.3,87.1,0,1
889,2022-08-19 15:00,28.4,179.2,1.1,0,998,999.8,90,0,-1
889,2022-08-19 16:00,28.6,203.9,1.6,0,997.3,999.1,91.6,0,1
889,2022-08-19 17:00,26.6,265.4,1,16.5,998.5,1000.3,99.9,0,-1
889,2022-08-19 18:00,26.8,230.7,1.7,14.5,998.3,1000.1,99.9,0,1
889,2022-08-19 19:00,27,239.5,1.1,0,998.3,1000.1,99.9,0,-1
889,2022-08-19 20:00,27,251.4,1.3,4.5,998.8,1000.6,99.9,0,1
889,2022-08-19 21:00,27.1,241.1,1.3,2,999.2,1001,99.9,0,-1
889,2022-08-19 22:00,27.3,240.5,1.6,3,999.1,1000.9,99.9,0,1
889,2022-08-19 23:00,27.3,234.3,1.7,1,998.9,1000.7,99.9,0,-1
889,2022-08-20 00:00,27.4,241.2,1.7,0,998.6,1000.4,99.9,0,1
889,2022-08-20 01:00,27.1,243.6,1.1,0,998.3,1000.1,99.9,0,0
889,2022-08-20 02:00,27.1,241.1,1,0,998.2,1000,99.9,0,0
889,2022-08-20 03:00,26.9,245.1,1.3,0,998.4,1000.2,99.9,0,0
889,2022-08-20 04:00,26.2,0,.3,0,998.6,1000.4,99.9,0,0
889,2022-08-20 05:00,26.2,0,.3,0,998.7,1000.5,99.9,0,0
889,2022-08-20 06:00,26.2,233.6,1.1,0,999.1,1000.9,99.9,0,0
889,2022-08-20 07:00,26.2,244.6,1.2,0,999.8,1001.6,99.9,0,0
889,2022-08-20 08:00,26.5,297.4,1.3,0,1000.4,1002.2,95.4,0,0
889,2022-08-20 09:00,27.4,13.2,1.6,0,1000.6,1002.4,90.8,0,0
889,2022-08-20 10:00,28.8,15,1.3,0,1000.4,1002.2,83.2,0,0
889,2022-08-20 11:00,30,326.2,1.3,0,1000.5,1002.3,75.8,0,0
889,2022-08-20 12:00,30.7,251.3,1.4,0,1000.1,1001.9,69.8,0,0
889,2022-08-20 13:00,32,263.6,1.9,0,1000.1,1001.9,71.6,0,0
889,2022-08-20 14:00,31.8,255.8,1.3,0,1000,1001.8,68.3,0,0
889,2022-08-20 15:00,32.4,235.6,1.7,0,999.6,1001.4,64.1,0,0
889,2022-08-20 16:00,32.5,298.7,1.5,0,999.6,1001.4,64,0,0
889,2022-08-20 17:00,31.2,252.9,1.5,0,999.6,1001.4,73,0,0
889,2022-08-20 18:00,30.7,242.9,1.5,0,999.8,1001.6,75.7,0,0
889,2022-08-20 19:00,29.6,268,1.1,0,1000.4,1002.2,81.8,0,0
889,2022-08-20 20:00,28.2,238.7,1.3,0,1001.1,1002.9,88.8,0,0
889,2022-08-20 21:00,27.3,0,.2,0,1001.5,1003.3,91.7,0,0
889,2022-08-20 22:00,25.9,0,0,0,1002,1003.8,95.7,0,0
889,2022-08-20 23:00,25.4,223.3,.7,0,1001.9,1003.7,99.1,0,0
889,2022-08-21 00:00,25.2,0,.3,0,1002,1003.8,99.9,0,0
889,2022-08-21 01:00,24.9,194.5,.5,0,1002.1,1003.9,99.9,0,0
889,2022-08-21 02:00,24.6,0,.3,0,1002,1003.8,99.9,0,0
889,2022-08-21 03:00,24.4,0,.4,0,1002,1003.8,99.9,0,0
889,2022-08-21 04:00,24.1,0,.2,0,1002.1,1003.9,99.9,0,0
889,2022-08-21 05:00,24.1,0,.3,0,1002.6,1004.4,99.9,0,0
889,2022-08-21 06:00,24.5,0,0,0,1003.3,1005.1,99.9,0,0
889,2022-08-21 07:00,24.8,0,.2,0,1003.8,1005.6,99.9,0,0
889,2022-08-21 08:00,25.6,13.8,.6,0,1004.1,1005.9,99.9,0,0
889,2022-08-21 09:00,27,32.1,.6,0,1004.5,1006.3,98.3,0,0
889,2022-08-21 10:00,29,36.3,1,0,1004.8,1006.6,83.6,0,0
889,2022-08-21 11:00,30.6,54.1,1.1,0,1004.4,1006.2,74,0,0
889,2022-08-21 12:00,31.4,32.9,1.3,0,1004.2,1006,69.1,0,0
889,2022-08-21 13:00,31.9,174,.7,0,1003.6,1005.4,70.2,0,0
889,2022-08-21 14:00,32.2,248,.5,0,1003.2,1005,68.9,0,0
889,2022-08-21 15:00,32.4,214.8,1.3,0,1002.4,1004.2,61.8,0,0
889,2022-08-21 16:00,30.4,0,.4,0,1002.4,1004.2,75.1,0,0
889,2022-08-21 17:00,30.5,240.7,1.3,0,1002.5,1004.3,69.2,0,0
889,2022-08-21 18:00,30.6,304.6,.9,0,1002.4,1004.2,69.1,0,0
889,2022-08-21 19:00,29.7,283.9,.8,0,1002.7,1004.5,67.3,0,0
889,2022-08-21 20:00,26.8,231.9,1.2,0,1003.1,1004.9,87.7,0,0
889,2022-08-21 21:00,25.9,0,.3,0,1003.8,1005.6,90.2,0,0
889,2022-08-21 22:00,25.3,238.8,.6,0,1003.7,1005.5,95.1,0,0
889,2022-08-21 23:00,24.6,205.9,.6,0,1003.2,1005,96.7,0,0
889,2022-08-22 00:00,24.7,0,.4,0,1003.4,1005.2,97.8,0,0
889,2022-08-22 01:00,24.1,223.3,.8,0,1003.2,1005,98.6,0,0
889,2022-08-22 02:00,23.6,0,.2,0,1002.9,1004.7,99.9,0,0
889,2022-08-22 03:00,23.4,230.3,.6,0,1002.8,1004.6,99.9,0,0
889,2022-08-22 04:00,23.6,0,.4,0,1002.7,1004.5,99.9,0,0
889,2022-08-22 05:00,23.4,0,.4,0,1002.5,1004.3,99.9,0,0
889,2022-08-22 06:00,23.8,0,.1,0,1002.7,1004.5,99.9,0,0
889,2022-08-22 07:00,24.7,0,.3,0,1003,1004.8,99.9,0,0
889,2022-08-22 08:00,26.1,0,.4,0,1003.5,1005.3,99.9,0,0
889,2022-08-22 09:00,27.6,206.4,1.3,0,1003.6,1005.4,90.9,0,0
889,2022-08-22 10:00,28.6,210.1,1.6,0,1003.4,1005.2,83,0,0
889,2022-08-22 11:00,29.7,192.4,1.5,0,1002.6,1004.4,76.2,0,0
889,2022-08-22 12:00,30.4,221.6,1.8,0,1002.3,1004.1,71.4,0,0
889,2022-08-22 13:00,30.5,225.8,1.9,0,1002.1,1003.9,67.5,0,0
889,2022-08-22 14:00,31.1,219.9,1.8,0,1001.7,1003.5,68,0,0
889,2022-08-22 15:00,29.7,204.2,1.5,0,1001.5,1003.3,71.3,0,0
889,2022-08-22 16:00,29.9,242.2,2.6,0,1002,1003.8,66.8,0,0
889,2022-08-22 17:00,29.1,235.4,1.6,0,1001.7,1003.5,67.4,0,0
889,2022-08-22 18:00,28.5,214.5,1.9,0,1001.9,1003.7,70.9,0,0
889,2022-08-22 19:00,27.9,258,1.4,0,1002,1003.8,77.3,0,0
889,2022-08-22 20:00,27.3,230,1.4,0,1002.6,1004.4,82.3,0,0
889,2022-08-22 21:00,27.2,233.1,1,0,1003.1,1004.9,84.3,0,0
889,2022-08-22 22:00,25.3,63.1,.8,.5,1003.4,1005.2,84.8,0,0
889,2022-08-22 23:00,22.4,355.7,.6,2.5,1003.6,1005.5,97.3,0,0
889,2022-08-23 00:00,22.4,0,.1,0,1003.6,1005.5,99.9,0,0
889,2022-08-23 01:00,22.6,0,.3,0,1003.5,1005.4,99.9,0,0
889,2022-08-23 02:00,22.5,0,.2,0,1003.5,1005.4,99.9,0,0
889,2022-08-23 03:00,22.6,0,.2,0,1003,1004.9,99.9,0,0
889,2022-08-23 04:00,23,0,.2,.5,1003.3,1005.2,99.9,0,0
889,2022-08-23 05:00,22.4,0,0,2,1003.5,1005.4,99.9,0,0
889,2022-08-23 06:00,22.6,0,.2,0,1004,1005.9,99.9,0,0
889,2022-08-23 07:00,22.7,0,.2,.5,1004,1005.9,99.9,0,0
889,2022-08-23 08:00,23.3,0,.4,0,1004.3,1006.2,99.9,0,0
889,2022-08-23 09:00,24.2,0,.2,0,1004.8,1006.6,99.9,0,0
889,2022-08-23 10:00,25.5,8,.8,0,1005,1006.8,99.9,0,0
889,2022-08-23 11:00,26.6,356.4,1,0,1004.9,1006.7,89.6,0,0
889,2022-08-23 12:00,28.7,358,.7,0,1004.1,1005.9,81.3,0,0
889,2022-08-23 13:00,29.5,340.6,1.2,0,1003.9,1005.7,70.8,0,0
889,2022-08-23 14:00,29.7,306.8,1.9,0,1003.8,1005.6,65.6,0,0
889,2022-08-23 15:00,29.7,342.5,1.3,0,1003.6,1005.4,62,0,0
889,2022-08-23 16:00,31,325.4,1,0,1003.3,1005.1,54.4,0,0
889,2022-08-23 17:00,29.8,336,1.4,0,1003.6,1005.4,62.2,0,0
889,2022-08-23 18:00,29.2,267.9,1.3,0,1003.7,1005.5,60,0,0
889,2022-08-23 19:00,27.3,300.7,1.5,0,1004.3,1006.1,62.9,0,0
889,2022-08-23 20:00,25.9,247.6,1.2,0,1004.8,1006.6,64.8,0,0
889,2022-08-23 21:00,25.3,254,1.1,0,1005.6,1007.5,67.9,0,0
889,2022-08-23 22:00,23.2,0,.3,0,1006,1007.9,75.1,0,0
889,2022-08-23 23:00,21.3,233.8,.5,0,1006,1007.9,90.7,0,0
889,2022-08-24 00:00,20.7,0,.3,0,1005.8,1007.7,94.6,0,0
889,2022-08-24 01:00,21,0,.3,0,1005.7,1007.6,96.6,0,0
889,2022-08-24 02:00,20.9,235.9,.9,0,1005.9,1007.8,97.9,0,0
889,2022-08-24 03:00,21,0,.3,0,1005.8,1007.7,98.3,0,0
889,2022-08-24 04:00,21.1,223,.7,0,1006,1007.9,95.2,0,0
889,2022-08-24 05:00,23.1,121.5,.5,0,1006,1007.9,81.6,0,0
889,2022-08-24 06:00,22.4,0,.4,0,1006.3,1008.2,81.2,0,0
889,2022-08-24 07:00,22.8,0,.2,0,1006.7,1008.6,88.4,0,0
889,2022-08-24 08:00,24.8,22.3,1.1,0,1007.4,1009.2,71.1,0,0
889,2022-08-24 09:00,26,36.2,.7,0,1007.9,1009.7,69.5,0,0
889,2022-08-24 10:00,26.8,84.9,1.3,0,1007.9,1009.7,64.6,0,0
889,2022-08-24 11:00,27.2,52.5,1.5,0,1007.8,1009.6,66.2,0,0
889,2022-08-24 12:00,27.9,138.4,1.5,0,1007.2,1009,66.6,0,0
889,2022-08-24 13:00,27.9,268.1,1.3,0,1006.7,1008.5,63.1,0,0
889,2022-08-24 14:00,27.4,150.7,1,0,1006.3,1008.1,63.8,0,0
889,2022-08-24 15:00,26.5,216,.8,0,1006.3,1008.1,66,0,0
889,2022-08-24 16:00,27.2,223.4,.9,0,1005.6,1007.4,64.9,0,0
889,2022-08-24 17:00,27.2,136.4,.8,0,1005.4,1007.2,63.8,0,0
889,2022-08-24 18:00,26.6,281.5,.7,0,1005.4,1007.2,67.4,0,0
889,2022-08-24 19:00,26,176.9,.6,0,1005.5,1007.3,69.8,0,0
889,2022-08-24 20:00,23.5,0,.3,0,1005.8,1007.7,83,0,0
889,2022-08-24 21:00,22.8,0,.2,0,1006.2,1008.1,86.4,0,0
889,2022-08-24 22:00,22.2,0,.4,0,1006.4,1008.3,91.7,0,0
889,2022-08-24 23:00,21.9,227.1,.6,0,1006.2,1008.1,94.7,0,0
889,2022-08-25 00:00,21.1,0,.4,0,1006.2,1008.1,95.7,0,0
889,2022-08-25 01:00,20.6,0,.4,0,1006.1,1008,97.5,0,0
889,2022-08-25 02:00,20.3,234.1,.6,0,1005.8,1007.7,98.4,0,0
889,2022-08-25 03:00,20,0,.3,0,1005.4,1007.3,98.9,0,0
889,2022-08-25 04:00,20,0,.4,0,1005.7,1007.6,99.6,0,0
889,2022-08-25 05:00,20,0,.3,0,1005.7,1007.6,99.9,0,0
889,2022-08-25 06:00,20.2,232.3,.6,0,1005.6,1007.5,99.9,0,0
889,2022-08-25 07:00,21,0,.3,0,1006.1,1008,99.9,0,0
889,2022-08-25 08:00,22.7,0,.3,0,1006.2,1008.1,99.9,0,0
889,2022-08-25 09:00,22.9,0,0,0,1006.3,1008.2,98.7,0,0
889,2022-08-25 10:00,24.4,0,.3,0,1006.4,1008.2,85.8,0,0
889,2022-08-25 11:00,25.1,0,.2,0,1006.6,1008.5,81.8,0,0
889,2022-08-25 12:00,23.7,177.3,.6,.5,1006.7,1008.6,94,0,0
889,2022-08-25 13:00,23.5,195.7,.8,.5,1006.1,1008,97.9,0,0
889,2022-08-25 14:00,22.7,232.8,2.2,0,1006,1007.9,74.9,0,0
889,2022-08-25 15:00,21,0,.3,0,1005.6,1007.5,88.6,0,0
889,2022-08-25 16:00,22.2,201.8,.5,0,1005.6,1007.5,93.2,0,0
889,2022-08-25 17:00,22.7,210.3,.8,.5,1005.9,1007.8,89.9,0,0
889,2022-08-25 18:00,22.6,219.4,.5,0,1005.8,1007.7,90.9,0,0
889,2022-08-25 19:00,22.2,239,1,0,1005.9,1007.8,93.4,0,0
889,2022-08-25 20:00,22.7,291.3,1.1,0,1006.4,1008.3,85.1,0,0
889,2022-08-25 21:00,22.6,257.9,1.4,0,1007,1008.9,82,0,0
889,2022-08-25 22:00,21.3,247.8,.7,0,1006.9,1008.8,90.1,0,0
889,2022-08-25 23:00,21.5,264.5,.6,0,1007.1,1009,92.4,0,0
889,2022-08-26 00:00,21.6,0,.4,0,1007,1008.9,88.4,0,0
889,2022-08-26 01:00,20.8,234.5,1,0,1006.5,1008.4,95,0,0
889,2022-08-26 02:00,20.5,0,.4,0,1006.3,1008.2,96.9,0,0
889,2022-08-26 03:00,19.5,224,.5,0,1005.5,1007.4,98.4,0,0
889,2022-08-26 04:00,19.1,231.3,.7,0,1006.3,1008.2,99.9,0,0
889,2022-08-26 05:00,19.5,0,.4,0,1006.2,1008.1,99.9,0,0
889,2022-08-26 06:00,18.9,0,.2,0,1006.3,1008.2,99.9,0,0
889,2022-08-26 07:00,19.5,0,.2,0,1006.8,1008.7,99.9,0,0
889,2022-08-26 08:00,21.5,104.6,.5,0,1006.6,1008.5,99.9,0,0
889,2022-08-26 09:00,23.9,20.8,.8,0,1006.5,1008.3,91.2,0,0
889,2022-08-26 10:00,25.8,16.8,.9,0,1006.8,1008.6,75.3,0,0
889,2022-08-26 11:00,26.6,21.6,1.1,0,1006.3,1008.1,64.7,0,0
889,2022-08-26 12:00,27.1,14.9,1,0,1005.6,1007.4,65.2,0,0
889,2022-08-26 13:00,27.2,263.4,1.3,0,1005.2,1007,65.4,0,0
889,2022-08-26 14:00,28.6,239.6,2.2,0,1004.4,1006.2,61.7,0,0
889,2022-08-26 15:00,27.7,220.9,2.2,0,1004,1005.8,65.3,0,0
889,2022-08-26 16:00,28.5,249.4,3,0,1003.9,1005.7,57.2,0,0
889,2022-08-26 17:00,26.8,246.3,2.5,0,1003.9,1005.7,62.3,0,0
889,2022-08-26 18:00,26.4,244.6,2.5,0,1004.6,1006.4,65.4,0,0
889,2022-08-26 19:00,25.3,245.5,2.4,0,1004.7,1006.5,71.3,0,0
889,2022-08-26 20:00,24.8,238.8,2.2,0,1005.4,1007.2,74.8,0,0
889,2022-08-26 21:00,24.5,245.2,1.2,0,1005.9,1007.7,78.1,0,0
889,2022-08-26 22:00,24.2,241.4,2.3,0,1006.3,1008.1,78.5,0,0
889,2022-08-26 23:00,23.2,220.7,1.2,0,1006.1,1008,86.8,0,0
889,2022-08-27 00:00,22.7,215.4,1,0,1006.1,1008,94.6,0,0
889,2022-08-27 01:00,21.9,217.2,.5,0,1005.8,1007.7,95.8,0,0
889,2022-08-27 02:00,23,192,1.5,0,1005.3,1007.2,96.1,0,0
889,2022-08-27 03:00,22.1,264.1,1.2,0,1005.9,1007.8,96,0,0
889,2022-08-27 04:00,20.9,300.9,1.2,0,1006.9,1008.8,83.6,0,0
889,2022-08-27 05:00,20.2,264,1.3,0,1007.2,1009.1,85.1,0,0
889,2022-08-27 06:00,19.5,272.6,.9,0,1008.1,1010,82.4,0,0
889,2022-08-27 07:00,19.3,265.4,1.7,0,1008.9,1010.8,80.8,0,0
889,2022-08-27 08:00,19.8,304.7,1.1,0,1009.2,1011.1,71.1,0,0
889,2022-08-27 09:00,21.3,288.1,1.2,0,1009.3,1011.2,60.1,0,0
889,2022-08-27 10:00,22.9,351.2,1.5,0,1009.2,1011.1,45.4,0,0
889,2022-08-27 11:00,23.5,303.4,1.6,0,1009.2,1011.1,45.1,0,0
889,2022-08-27 12:00,23.9,259,1.9,0,1008.8,1010.7,45.3,0,0
889,2022-08-27 13:00,24.5,324.6,2,0,1008.6,1010.4,43.6,0,0
889,2022-08-27 14:00,25.1,266.5,1.9,0,1008.4,1010.3,43.6,0,0
889,2022-08-27 15:00,25.4,342.7,2.2,0,1008.1,1010,44.4,0,0
889,2022-08-27 16:00,25.8,335.8,1.7,0,1008,1009.9,44,0,0
889,2022-08-27 17:00,25.4,333.3,2.1,0,1008,1009.9,46.6,0,0
889,2022-08-27 18:00,25.2,331.5,1.3,0,1008.4,1010.3,47.2,0,0
889,2022-08-27 19:00,23.4,269.4,1.2,0,1008.8,1010.7,51.7,0,0
889,2022-08-27 20:00,22.7,286.9,1.1,0,1009.7,1011.6,56.2,0,0
889,2022-08-27 21:00,22.1,299.6,1,0,1010.7,1012.6,59.6,0,0
889,2022-08-27 22:00,21.5,286.7,.9,0,1011.2,1013.1,62.3,0,0
889,2022-08-27 23:00,19,228.1,.8,0,1011.6,1013.5,71.7,0,0
889,2022-08-28 00:00,17.8,235.2,.7,0,1011.8,1013.7,79.9,0,0
889,2022-08-28 01:00,16.6,225.1,.6,0,1012.1,1014,89.1,0,0
889,2022-08-28 02:00,16,235.7,.7,0,1012.1,1014,92.2,0,0
889,2022-08-28 03:00,15.4,0,.4,0,1012.4,1014.3,94.5,0,0
889,2022-08-28 04:00,15.3,207,.5,0,1012.6,1014.5,97.3,0,0
889,2022-08-28 05:00,14.7,215.4,.5,0,1013.2,1015.1,98,0,0
889,2022-08-28 06:00,14.6,0,.4,0,1013.6,1015.5,99.3,0,0
889,2022-08-28 07:00,15.1,0,0,0,1014.3,1016.2,99.9,0,0
889,2022-08-28 08:00,18.5,17.2,1.1,0,1014.6,1016.5,99.7,0,0
889,2022-08-28 09:00,21.8,57.5,1,0,1014.6,1016.5,69.1,0,0
889,2022-08-28 10:00,23.1,11.4,1.8,0,1014.7,1016.6,60.7,0,0
889,2022-08-28 11:00,24.5,28.4,1.5,0,1014.4,1016.3,55.4,0,0
889,2022-08-28 12:00,26.9,96.2,.9,0,1013.8,1015.7,49.8,0,0
889,2022-08-28 13:00,27.6,90.7,1.3,0,1013,1014.8,43.1,0,0
889,2022-08-28 14:00,27.5,278.9,1.1,0,1012.8,1014.6,46.2,0,0
889,2022-08-28 15:00,28.6,113.1,1.2,0,1012.2,1014,39.9,0,0
889,2022-08-28 16:00,29.8,136.4,.8,0,1012,1013.8,39.2,0,0
889,2022-08-28 17:00,29.2,136.6,1,0,1011.9,1013.7,38.9,0,0
889,2022-08-28 18:00,28.3,170.8,.6,0,1011.8,1013.6,42.4,0,0
889,2022-08-28 19:00,23.3,228.4,.7,0,1012.1,1014,64.5,0,0
889,2022-08-28 20:00,21.2,236.5,.6,0,1012.7,1014.6,71.6,0,0
889,2022-08-28 21:00,21.7,229.6,.8,0,1013.3,1015.2,74.9,0,0
889,2022-08-28 22:00,21.2,231.5,.5,0,1012.9,1014.8,78,0,0
889,2022-08-28 23:00,21.3,221,.6,0,1013,1014.9,82.3,0,0
889,2022-08-29 00:00,21.1,0,.4,0,1012.9,1014.8,86.7,0,0
889,2022-08-29 01:00,21.2,0,.3,0,1013.1,1015,87.6,0,0
889,2022-08-29 02:00,21.5,0,.1,0,1013,1014.9,75.7,0,0
889,2022-08-29 03:00,21,0,.3,0,1013,1014.9,80.5,0,0
889,2022-08-29 04:00,21.7,101.9,.5,0,1013.3,1015.2,73.6,0,0
889,2022-08-29 05:00,19.4,0,.3,0,1013.6,1015.5,89.9,0,0
889,2022-08-29 06:00,19.4,0,.4,0,1013.6,1015.5,91.3,0,0
889,2022-08-29 07:00,18.5,217.7,.5,.5,1014.6,1016.5,97.1,0,0
889,2022-08-29 08:00,18.5,182.6,.6,1,1014.7,1016.6,99.4,0,0
889,2022-08-29 09:00,19.6,0,.1,.5,1014.8,1016.7,99.9,0,0
889,2022-08-29 10:00,19.7,118.1,.8,.5,1015.3,1017.2,99.9,0,0
889,2022-08-29 11:00,20.6,101.2,1.1,0,1015.1,1017,98.5,0,0
889,2022-08-29 12:00,21.5,100.1,.7,0,1015,1016.9,95.5,0,0
889,2022-08-29 13:00,21.5,64.7,.7,.5,1015,1016.9,91.5,0,0
889,2022-08-29 14:00,21.9,93.1,1.4,0,1014.5,1016.4,88.2,0,0
889,2022-08-29 15:00,22.4,44,1.6,0,1013.8,1015.7,84.4,0,0
889,2022-08-29 16:00,22.1,21.4,.8,0,1013.5,1015.4,83.5,0,0
889,2022-08-29 17:00,22.1,0,.3,0,1013.9,1015.8,81.4,0,0
889,2022-08-29 18:00,22,164.4,.5,0,1013.8,1015.7,68.4,0,0
889,2022-08-29 19:00,20.5,0,.4,0,1013.6,1015.5,81.2,0,0
889,2022-08-29 20:00,20,0,.4,0,1014.1,1016,87.7,0,0
889,2022-08-29 21:00,20.5,0,.4,0,1015,1016.9,86.2,0,0
889,2022-08-29 22:00,21.3,82.2,1.1,0,1014.3,1016.2,79,0,0
889,2022-08-29 23:00,20.9,84.1,1,0,1014,1015.9,83.1,0,0
889,2022-08-30 00:00,21.1,19.2,.7,0,1013.6,1015.5,78.6,0,0
889,2022-08-30 01:00,20.9,51.2,1.2,0,1013,1014.9,79.4,0,0
889,2022-08-30 02:00,19.6,91.5,.8,.5,1012.9,1014.8,90.3,0,0
889,2022-08-30 03:00,18.6,0,0,1.5,1013.2,1015.1,98.2,0,0
889,2022-08-30 04:00,18.6,0,.2,4,1012.8,1014.7,99.9,0,0
889,2022-08-30 05:00,18.6,0,.4,3.5,1012.1,1014,99.9,0,0
889,2022-08-30 06:00,18.6,95.6,.8,2,1011.5,1013.4,99.9,0,0
889,2022-08-30 07:00,18.6,129.7,.7,1,1011.9,1013.8,99.9,0,0
889,2022-08-30 08:00,18.7,0,.4,3,1012.1,1014,99.9,0,0
889,2022-08-30 09:00,18.7,106.7,.7,2.5,1011.6,1013.5,99.9,0,0
889,2022-08-30 10:00,19,24.8,.7,4.5,1011.5,1013.4,99.9,0,0
889,2022-08-30 11:00,19.1,74.3,.5,2.5,1010.8,1012.7,99.9,0,0
889,2022-08-30 12:00,19.4,85.4,.5,1,1010.7,1012.6,99.9,0,0
889,2022-08-30 13:00,19.7,95.9,.5,1.5,1010.2,1012.1,99.9,0,0
889,2022-08-30 14:00,19.6,109.4,.7,3.5,1009,1010.9,99.9,0,0
889,2022-08-30 15:00,19.8,48.7,.7,2.5,1008.9,1010.8,99.9,0,0
889,2022-08-30 16:00,20.1,0,.3,1,1007.8,1009.7,99.9,0,0
889,2022-08-30 17:00,20.1,41.3,.5,2,1007.8,1009.7,99.9,0,0
889,2022-08-30 18:00,20.1,0,.2,1.5,1007.7,1009.6,99.9,0,0
889,2022-08-30 19:00,20.1,0,0,2,1007.4,1009.3,99.9,0,0
889,2022-08-30 20:00,20,97,.5,2,1007.3,1009.2,99.9,0,0
889,2022-08-30 21:00,20,0,.1,0,1007.9,1009.8,99.9,0,0
889,2022-08-30 22:00,20,0,0,0,1007.3,1009.2,99.9,0,0
889,2022-08-30 23:00,20,107.1,.6,0,1006.9,1008.8,99.9,0,0
889,2022-08-31 00:00,20,0,.3,0,1007.1,1009,99.9,0,0
889,2022-08-31 01:00,19.8,0,.4,.5,1006.6,1008.5,99.9,0,0
889,2022-08-31 02:00,19.8,0,.1,0,1005.9,1007.8,99.9,0,0
889,2022-08-31 03:00,19.8,0,.2,0,1005.9,1007.8,99.9,0,0
889,2022-08-31 04:00,19.7,0,.2,0,1006,1007.9,99.9,0,0
889,2022-08-31 05:00,19.8,0,.1,0,1005.9,1007.8,99.9,0,0
889,2022-08-31 06:00,19.8,0,.4,0,1006.6,1008.5,99.9,0,0
889,2022-08-31 07:00,19.9,0,0,0,1006.8,1008.7,99.9,0,0
889,2022-08-31 08:00,20.1,0,.3,0,1006.8,1008.7,99.9,0,0
889,2022-08-31 09:00,20.9,0,.2,0,1007.2,1009.1,99.9,0,0
889,2022-08-31 10:00,22.1,0,.4,0,1007.6,1009.5,99.9,0,0
889,2022-08-31 11:00,23.6,311.5,.8,0,1007.7,1009.6,93.8,0,0
889,2022-08-31 12:00,24.2,14.8,.9,0,1007.1,1008.9,80.9,0,0
889,2022-08-31 13:00,23,357.9,1.5,0,1007.1,1009,87,0,0
889,2022-08-31 14:00,24.2,10.7,.9,0,1006.9,1008.7,81.5,0,0
889,2022-08-31 15:00,24.9,22.9,1.1,0,1006.6,1008.4,76.9,0,0
889,2022-08-31 16:00,24.5,137.9,.5,0,1006.6,1008.4,82.3,0,0
889,2022-08-31 17:00,26.4,91.9,1,0,1006.8,1008.6,73.6,0,0
889,2022-08-31 18:00,24.5,358.9,.5,0,1006.9,1008.7,80.5,0,0
889,2022-08-31 19:00,22.2,0,.3,0,1007.2,1009.1,91.8,0,0
889,2022-08-31 20:00,20.3,215.5,.7,0,1007.9,1009.8,97.7,0,0
889,2022-08-31 21:00,19.8,233.2,.6,0,1008.5,1010.4,99.9,0,0
889,2022-08-31 22:00,19.3,225,.7,0,1008.9,1010.8,99.9,0,0
889,2022-08-31 23:00,19.1,225,.7,0,1009.4,1011.3,99.9,0,0
889,2022-09-01 00:00,18.7,0,.3,0,1009.6,1011.5,99.9,0,0
889,2022-09-01 01:00,18.5,0,.4,0,1009.8,1011.7,99.9,0,0
889,2022-09-01 02:00,18.4,0,.4,0,1009.7,1011.6,99.9,0,0
889,2022-09-01 03:00,18,0,.4,0,1010.1,1012,99.9,0,0
889,2022-09-01 04:00,17.8,0,.4,0,1010.7,1012.6,99.9,0,0
889,2022-09-01 05:00,17.4,225.8,.5,0,1010.9,1012.8,99.9,0,0
889,2022-09-01 06:00,17.2,0,.2,0,1011.4,1013.3,99.9,0,0
889,2022-09-01 07:00,17.7,0,0,0,1012,1013.9,99.9,0,0
889,2022-09-01 08:00,19.4,0,.2,0,1012.2,1014.1,99.9,0,0
889,2022-09-01 09:00,21,18.4,1.4,0,1012.6,1014.5,99.9,0,0
889,2022-09-01 10:00,24.5,23.4,.8,0,1013,1014.9,86.2,0,0
889,2022-09-01 11:00,25.7,250,.8,0,1013,1014.9,71,0,0
889,2022-09-01 12:00,28.6,113.4,1,0,1012.3,1014.1,67.9,0,0
889,2022-09-01 13:00,29.6,44.4,.8,0,1011.8,1013.6,56.8,0,0
889,2022-09-01 14:00,30.5,339.5,.9,0,1011.4,1013.2,51.1,0,0
889,2022-09-01 15:00,30.8,357.7,1,0,1010.9,1012.7,50.5,0,0
889,2022-09-01 16:00,31.2,355.9,1,0,1010.9,1012.7,48.5,0,0
889,2022-09-01 17:00,30.7,270.5,1.3,0,1010.9,1012.7,46.5,0,0
889,2022-09-01 18:00,30,308.9,1,0,1011.2,1013,43.1,0,0
889,2022-09-01 19:00,24.1,232.4,.9,0,1011.4,1013.3,70.9,0,0
889,2022-09-01 20:00,22.6,232.1,.7,0,1012.1,1014,80.3,0,0
889,2022-09-01 21:00,21.6,222.7,.6,0,1012.6,1014.5,88.9,0,0
889,2022-09-01 22:00,20.7,0,.3,0,1012.7,1014.6,92.6,0,0
889,2022-09-01 23:00,20.1,0,.4,0,1013.1,1015,95.6,0,0
889,2022-09-02 00:00,19.7,0,.4,0,1013.6,1015.5,97.1,0,0
889,2022-09-02 01:00,19.5,213.8,.5,0,1013.6,1015.5,98.6,0,0
889,2022-09-02 02:00,19.4,0,.4,0,1013.8,1015.7,99.8,0,0
889,2022-09-02 03:00,19.2,0,.3,0,1014.2,1016.1,99.9,0,0
889,2022-09-02 04:00,19.3,0,.4,0,1014.1,1016,99.9,0,0
889,2022-09-02 05:00,18.8,0,.4,0,1014.2,1016.1,99.9,0,0
889,2022-09-02 06:00,18.5,210.5,.5,0,1014.5,1016.4,99.9,0,0
889,2022-09-02 07:00,19,0,.4,0,1015,1016.9,99.9,0,0
889,2022-09-02 08:00,21,90.3,1.3,0,1015.1,1017,99.2,0,0
889,2022-09-02 09:00,24.3,39.2,1.3,0,1015.5,1017.4,69.1,0,0
889,2022-09-02 10:00,25.9,42.6,1.5,0,1015.5,1017.4,61.5,0,0
889,2022-09-02 11:00,27.3,22.2,1.7,0,1015.1,1017,56.4,0,0
889,2022-09-02 12:00,28.7,62.8,1.7,0,1014.5,1016.3,51.4,0,0
889,2022-09-02 13:00,28.8,22.4,1.7,0,1013.8,1015.6,52.3,0,0
889,2022-09-02 14:00,30,36.9,1.8,0,1013.2,1015,49.9,0,0
889,2022-09-02 15:00,29.3,26,1.9,0,1013.2,1015,50.7,0,0
889,2022-09-02 16:00,30.3,24.4,1.7,0,1012.9,1014.7,49.7,0,0
889,2022-09-02 17:00,30.1,23.9,1.4,0,1012.8,1014.6,50.1,0,0
889,2022-09-02 18:00,28.9,44.2,1.2,0,1013.1,1014.9,51.6,0,0
889,2022-09-02 19:00,27,57.9,.9,0,1013.4,1015.2,56.1,0,0
889,2022-09-02 20:00,26.1,70.4,1,0,1014.2,1016.1,57.6,0,0
889,2022-09-02 21:00,25,59.4,1,0,1014.7,1016.6,62.1,0,0
889,2022-09-02 22:00,23.1,0,.3,0,1015.1,1017,69,0,0
889,2022-09-02 23:00,23.1,41.4,.8,0,1015.3,1017.2,66,0,0
889,2022-09-03 00:00,23.1,84.7,1.6,0,1015,1016.9,63.1,0,0
889,2022-09-03 01:00,22.1,80.1,.8,0,1014.5,1016.4,67.3,0,0
889,2022-09-03 02:00,21.2,312.7,.5,0,1013.8,1015.7,72,0,0
889,2022-09-03 03:00,21.9,156.2,.5,0,1013.8,1015.7,68.3,0,0
889,2022-09-03 04:00,21.7,107.6,.7,0,1013.4,1015.3,68.4,0,0
889,2022-09-03 05:00,21.5,87.4,1,0,1013.4,1015.3,68.2,0,0
889,2022-09-03 06:00,20.4,102.6,1.1,0,1013.6,1015.5,73.1,0,0
889,2022-09-03 07:00,20.9,71.7,.6,0,1013.8,1015.7,73,0,0
889,2022-09-03 08:00,22.1,92.1,1.5,0,1013.8,1015.7,65.3,0,0
889,2022-09-03 09:00,23.1,105.3,1.8,0,1014,1015.9,61.8,0,0
889,2022-09-03 10:00,25.2,32.4,1.3,0,1013.7,1015.6,58.9,0,0
889,2022-09-03 11:00,25.7,22.9,1.4,0,1013.4,1015.3,59.8,0,0
889,2022-09-03 12:00,27.4,50,1.3,0,1012.9,1014.7,56.2,0,0
889,2022-09-03 13:00,28.2,24.2,2.1,0,1012.2,1014,57.5,0,0
889,2022-09-03 14:00,29.7,80.4,1.8,0,1011.7,1013.5,51.5,0,0
889,2022-09-03 15:00,28.6,73,1.4,0,1011.5,1013.3,57.8,0,0
889,2022-09-03 16:00,28.2,87.4,1.7,0,1011.4,1013.2,59,0,0
889,2022-09-03 17:00,27.8,106.5,1.3,0,1011.4,1013.2,59,0,0
889,2022-09-03 18:00,27.5,77.5,1.3,0,1011.6,1013.4,59.2,0,0
889,2022-09-03 19:00,26.8,93.8,1.4,0,1011.9,1013.7,61,0,0
889,2022-09-03 20:00,25.9,120.2,1.1,0,1012.1,1014,63.1,0,0
889,2022-09-03 21:00,25.4,96.5,1.1,0,1012.8,1014.7,61.6,0,0
889,2022-09-03 22:00,25,87.2,1.5,0,1012.4,1014.3,61.9,0,0
889,2022-09-03 23:00,24,93.1,.6,0,1012.6,1014.5,65.2,0,0
889,2022-09-04 00:00,23.4,76.6,.6,0,1012,1013.9,70,0,0
889,2022-09-04 01:00,22.5,0,.3,0,1011.6,1013.5,72.3,0,0
889,2022-09-04 02:00,22.2,62.7,.5,0,1011,1012.9,73.6,0,0
889,2022-09-04 03:00,21.6,110.4,.9,0,1011,1012.9,77,0,0
889,2022-09-04 04:00,21.9,84,.6,0,1010.4,1012.3,74.4,0,0
889,2022-09-04 05:00,22.6,86.7,.7,0,1010.3,1012.2,69,0,0
889,2022-09-04 06:00,20.1,0,.3,2,1010.3,1012.2,90.1,0,0
889,2022-09-04 07:00,20,135.2,.5,.5,1009.8,1011.7,98.3,0,0
889,2022-09-04 08:00,20.6,0,.3,0,1009.5,1011.4,99.9,0,0
889,2022-09-04 09:00,21.8,58.4,1.5,.5,1008.7,1010.6,95.5,0,0
889,2022-09-04 10:00,22.1,21.5,1.9,0,1008.7,1010.6,97.2,0,0
889,2022-09-04 11:00,22.4,57.8,.9,1,1007.7,1009.6,98.9,0,0
889,2022-09-04 12:00,23.2,40.9,1.6,0,1006.9,1008.8,95.8,0,0
889,2022-09-04 13:00,23,15.8,1,1.5,1007.2,1009.1,99.9,0,0
889,2022-09-04 14:00,23.4,24,2,1,1005.8,1007.7,99.9,0,0
889,2022-09-04 15:00,23.8,29.2,1.7,0,1005.3,1007.1,99.9,0,0
889,2022-09-04 16:00,24.4,25.1,1.5,0,1004.7,1006.5,99.9,0,0
889,2022-09-04 17:00,24.9,0,.3,0,1005.1,1006.9,99.6,0,0
889,2022-09-04 18:00,24.7,0,.2,0,1004.8,1006.6,99.9,0,0
889,2022-09-04 19:00,24.4,246.5,.8,4.5,1005.5,1007.3,99.9,0,0
889,2022-09-04 20:00,24.3,234.4,2.3,9,1006.1,1007.9,99.9,0,0
889,2022-09-04 21:00,24,246.2,.6,1,1006.6,1008.4,99.9,0,0
889,2022-09-04 22:00,23.4,224.1,1.3,5,1007,1008.9,99.9,0,0
889,2022-09-04 23:00,23.1,214.1,1.2,5.5,1007.3,1009.2,99.9,0,0
889,2022-09-05 00:00,22.9,173.9,.9,0,1007.2,1009.1,99.9,0,0
889,2022-09-05 01:00,22.8,0,.3,0,1007,1008.9,99.9,0,0
889,2022-09-05 02:00,22.6,220.7,.6,.5,1007,1008.9,99.9,0,0
889,2022-09-05 03:00,21.8,283.8,.7,0,1007,1008.9,99.9,0,0
889,2022-09-05 04:00,21.6,255.4,.5,.5,1006.9,1008.8,99.9,0,0
889,2022-09-05 05:00,21.5,0,0,1.5,1006.4,1008.3,99.9,0,0
889,2022-09-05 06:00,21.5,271,.5,1.5,1007,1008.9,99.9,0,0
889,2022-09-05 07:00,21,0,0,.5,1006.9,1008.8,99.9,0,0
889,2022-09-05 08:00,20.8,16.8,.7,1,1006.7,1008.6,99.9,0,0
889,2022-09-05 09:00,19.9,58.3,1,3,1006.7,1008.6,99.9,0,0
889,2022-09-05 10:00,19.8,100.1,.6,3.5,1006.9,1008.8,99.9,0,0
889,2022-09-05 11:00,19.5,23.9,1.1,11,1006.8,1008.7,99.9,0,0
889,2022-09-05 12:00,19.1,0,.4,12,1006.6,1008.5,99.9,0,0
889,2022-09-05 13:00,19.1,351.7,.7,11.5,1005.9,1007.8,99.9,0,0
889,2022-09-05 14:00,19.2,43.9,2,10,1006.2,1008.1,99.9,0,0
889,2022-09-05 15:00,19.2,17.2,.8,9.5,1005.5,1007.4,99.9,0,0
889,2022-09-05 16:00,18.8,21.7,1,8.5,1005.5,1007.4,99.9,0,0
889,2022-09-05 17:00,18.5,18.3,.8,7.5,1005.8,1007.7,99.9,0,0
889,2022-09-05 18:00,18.3,0,.3,9,1005.9,1007.8,99.9,0,0
889,2022-09-05 19:00,18.1,19.1,1.3,6,1005.6,1007.5,99.9,0,0
889,2022-09-05 20:00,18,24.6,1.5,6.5,1005.5,1007.4,99.9,0,0
889,2022-09-05 21:00,18.1,23.6,2.2,11.5,1005.4,1007.3,99.9,0,0
889,2022-09-05 22:00,18,25.8,2.3,10,1004.3,1006.2,99.9,0,0
889,2022-09-05 23:00,18.1,26.7,1.4,9,1003.6,1005.5,99.9,0,0
889,2022-09-06 00:00,18.1,28,1.7,6.5,1002.8,1004.7,99.9,0,0
889,2022-09-06 01:00,17.9,61.4,.9,4.5,1001.2,1003.1,99.9,0,0
889,2022-09-06 02:00,17.7,12.6,.7,10,999.9,1001.8,99.9,0,0
889,2022-09-06 03:00,17.5,17.2,1,11.5,998.8,1000.7,99.9,0,0
889,2022-09-06 04:00,17.6,98.8,.9,4.5,998,999.9,99.9,0,0
889,2022-09-06 05:00,17.7,30.3,1.4,3.5,997.9,999.8,99.9,0,0
889,2022-09-06 06:00,17.8,253.6,1.2,2.5,997.8,999.7,99.9,0,0
889,2022-09-06 07:00,18,262.2,1.4,.5,997.6,999.5,99.9,0,0
889,2022-09-06 08:00,17.9,270.6,1.8,0,998.2,1000.1,99.9,0,0
889,2022-09-06 09:00,18.3,281.5,1.7,0,999.2,1001.1,99.9,0,0
889,2022-09-06 10:00,20.9,299.1,1.7,0,1000.6,1002.5,92.4,0,0
889,2022-09-06 11:00,23.3,290.4,1.9,0,1001.4,1003.2,77.4,0,0
889,2022-09-06 12:00,24.7,290.2,1.9,0,1002.1,1003.9,68.6,0,0
889,2022-09-06 13:00,25,349.1,2.3,0,1002.9,1004.7,63.8,0,0
889,2022-09-06 14:00,26.3,284.2,2.1,0,1003.9,1005.7,55.4,0,0
889,2022-09-06 15:00,27.3,253,2.5,0,1004.2,1006,48.9,0,0
889,2022-09-06 16:00,27.4,266,2,0,1005,1006.8,53.7,0,0
889,2022-09-06 17:00,26.8,258.7,2.2,0,1006.2,1008,53.3,0,0
889,2022-09-06 18:00,25.9,260,2.4,0,1007.3,1009.1,49.3,0,0
889,2022-09-06 19:00,23.7,233.4,1.3,0,1008.2,1010.1,60.9,0,0
889,2022-09-06 20:00,21.4,186.6,1.2,0,1009.2,1011.1,77.4,0,0
889,2022-09-06 21:00,19.3,233.8,1.3,0,1010.4,1012.3,93.1,0,0
889,2022-09-06 22:00,18.7,0,.4,0,1011.2,1013.1,95.5,0,0
889,2022-09-06 23:00,18.4,223.2,.9,0,1011.4,1013.3,98.7,0,0
889,2022-09-07 00:00,18,229.3,.7,0,1011.8,1013.7,99.9,0,0
889,2022-09-07 01:00,18.1,218.4,.5,0,1011.8,1013.7,99.9,0,0
889,2022-09-07 02:00,18.6,0,.2,0,1012,1013.9,99.9,0,0
889,2022-09-07 03:00,18.3,0,.2,0,1012.4,1014.3,99.9,0,0
889,2022-09-07 04:00,17.7,0,.1,0,1012.6,1014.5,99.9,0,0
889,2022-09-07 05:00,17.2,227.9,.6,0,1013.2,1015.1,99.9,0,0
889,2022-09-07 06:00,16.7,0,.1,0,1014,1015.9,99.9,0,0
889,2022-09-07 07:00,17.1,0,.1,0,1014.8,1016.7,99.9,0,0
889,2022-09-07 08:00,18.8,0,0,0,1015.4,1017.3,99.9,0,0
889,2022-09-07 09:00,21.2,0,.2,0,1015.8,1017.7,99.9,0,0
889,2022-09-07 10:00,23.8,3.3,1,0,1016.2,1018.1,90.5,0,0
889,2022-09-07 11:00,26.8,11.4,.8,0,1016.3,1018.2,37.7,0,0
889,2022-09-07 12:00,27.5,26.8,1.7,0,1015.9,1017.8,41.7,0,0
889,2022-09-07 13:00,27.8,6,1.8,0,1015.8,1017.6,33.6,0,0
889,2022-09-07 14:00,28.9,284,1.3,0,1015.4,1017.2,33.1,0,0
889,2022-09-07 15:00,29.1,261.2,1.6,0,1015.1,1016.9,35.6,0,0
889,2022-09-07 16:00,28.8,276.7,1.7,0,1015.1,1016.9,33.6,0,0
889,2022-09-07 17:00,28.1,324.3,1.4,0,1015.5,1017.3,36.2,0,0
889,2022-09-07 18:00,26.8,257,.8,0,1015.7,1017.6,43.4,0,0
889,2022-09-07 19:00,21.4,227.8,1.1,0,1016.1,1018,61.8,0,0
889,2022-09-07 20:00,20.2,227.1,.7,0,1016.7,1018.6,63.7,0,0
889,2022-09-07 21:00,18.6,229.6,.5,0,1017.3,1019.2,70.6,0,0
889,2022-09-07 22:00,17.7,0,.1,0,1017.4,1019.3,79.9,0,0
889,2022-09-07 23:00,17.6,219.1,.7,0,1017.1,1019,91.8,0,0
889,2022-09-08 00:00,17.6,210.8,.6,0,1016.8,1018.7,95.3,0,0
889,2022-09-08 01:00,17.5,0,.3,0,1017.1,1019,97.6,0,0
889,2022-09-08 02:00,16.9,220.8,.5,0,1017,1018.9,99.5,0,0
889,2022-09-08 03:00,16.3,0,.4,0,1017.2,1019.1,99.9,0,0
889,2022-09-08 04:00,15.8,0,.3,0,1017.2,1019.1,99.9,0,0
889,2022-09-08 05:00,15.4,0,.4,0,1017,1018.9,99.9,0,0
889,2022-09-08 06:00,15.1,225.1,.6,0,1017.5,1019.4,99.9,0,0
889,2022-09-08 07:00,15.5,0,.2,0,1017.7,1019.6,99.9,0,0
889,2022-09-08 08:00,17.6,0,.3,0,1018.1,1020,99.9,0,0
889,2022-09-08 09:00,20.5,19,1,0,1018.2,1020.1,98.2,0,0
889,2022-09-08 10:00,23.3,3.2,1.3,0,1018.2,1020.1,71.8,0,0
889,2022-09-08 11:00,25.2,16.9,1.3,0,1017.7,1019.6,62.4,0,0
889,2022-09-08 12:00,27.2,64,.7,0,1016.9,1018.8,54.9,0,0
889,2022-09-08 13:00,28.2,9.8,1.4,0,1016.1,1017.9,50.4,0,0
889,2022-09-08 14:00,29.2,7,1.3,0,1015.5,1017.3,45.1,0,0
889,2022-09-08 15:00,30.3,8.5,1.2,0,1014.8,1016.6,41.8,0,0
889,2022-09-08 16:00,30.8,10.3,.9,0,1014.5,1016.3,38.7,0,0
889,2022-09-08 17:00,29.7,236.1,.6,0,1014.4,1016.2,48,0,0
889,2022-09-08 18:00,26.5,222.5,1.1,0,1014.7,1016.6,63.6,0,0
889,2022-09-08 19:00,24,228.8,.8,0,1014.8,1016.7,72,0,0
889,2022-09-08 20:00,22.7,232.4,.7,0,1015.5,1017.4,76.9,0,0
889,2022-09-08 21:00,21.7,231.6,.5,0,1016,1017.9,89.2,0,0
889,2022-09-08 22:00,21.3,236.2,.6,0,1016.2,1018.1,92.6,0,0
889,2022-09-08 23:00,20.5,0,.4,0,1016.1,1018,95.1,0,0
889,2022-09-09 00:00,20.1,225.5,.5,0,1016,1017.9,97.3,0,0
889,2022-09-09 01:00,19.4,0,.1,0,1015.7,1017.6,98.3,0,0
889,2022-09-09 02:00,19,0,.3,0,1015.6,1017.5,99.9,0,0
889,2022-09-09 03:00,18.4,0,.4,0,1015.6,1017.5,99.9,0,0
889,2022-09-09 04:00,18.2,0,.3,0,1015.5,1017.4,99.9,0,0
889,2022-09-09 05:00,17.8,234.7,.5,0,1015.6,1017.5,99.9,0,0
889,2022-09-09 06:00,17.4,0,.2,0,1015.9,1017.8,99.9,0,0
889,2022-09-09 07:00,17.5,0,0,0,1016.4,1018.3,99.9,0,0
889,2022-09-09 08:00,19.5,19.1,1,0,1016.6,1018.5,99.9,0,0
889,2022-09-09 09:00,22.6,13.6,1.6,0,1016.8,1018.7,93.3,0,0
889,2022-09-09 10:00,23.9,21.2,1.5,0,1016.9,1018.8,72.4,0,0
889,2022-09-09 11:00,26.5,21.9,1.5,0,1016.8,1018.7,58.9,0,0
889,2022-09-09 12:00,27.8,6.9,1,0,1016.4,1018.2,54.9,0,0
889,2022-09-09 13:00,29.3,29.6,1.3,0,1015.7,1017.5,48.2,0,0
889,2022-09-09 14:00,30.4,15.1,1.5,0,1015.1,1016.9,44.4,0,0
889,2022-09-09 15:00,31.1,2.8,1.1,0,1014.7,1016.5,38.7,0,0
889,2022-09-09 16:00,31.1,100.9,1.2,0,1014.3,1016.1,33.7,0,0
889,2022-09-09 17:00,31.8,41.7,.8,0,1014.2,1016,32.6,0,0
889,2022-09-09 18:00,28,200.8,.6,0,1014.3,1016.1,49,0,0
889,2022-09-09 19:00,22.8,233.5,.9,0,1014.6,1016.5,65.9,0,0
889,2022-09-09 20:00,21.6,223,.5,0,1014.9,1016.8,72.1,0,0
889,2022-09-09 21:00,21.1,208.7,.6,0,1015.9,1017.8,78.7,0,0
889,2022-09-09 22:00,21.1,218.5,.5,0,1016.4,1018.3,77.6,0,0
889,2022-09-09 23:00,20.8,234.4,.6,0,1016.6,1018.5,73.4,0,0
889,2022-09-10 00:00,20.1,226.3,.5,0,1016.9,1018.8,74.5,0,0
889,2022-09-10 01:00,19,235.6,.9,0,1016.8,1018.7,77.6,0,0
889,2022-09-10 02:00,17.9,223.6,.6,0,1016.9,1018.8,82.4,0,0
889,2022-09-10 03:00,16.9,236.1,.7,0,1016.7,1018.6,87.4,0,0
889,2022-09-10 04:00,16.2,231.2,.7,0,1016.8,1018.7,86.6,0,0
889,2022-09-10 05:00,16.7,0,.3,0,1017,1018.9,84.2,0,0
889,2022-09-10 06:00,16.7,229.2,.6,0,1016.8,1018.7,85.4,0,0
889,2022-09-10 07:00,17.1,0,.2,0,1017.3,1019.2,85.9,0,0
889,2022-09-10 08:00,19.3,0,.4,0,1017.3,1019.2,86.2,0,0
889,2022-09-10 09:00,20.6,122.6,.6,0,1017.2,1019.1,70.2,0,0
889,2022-09-10 10:00,23.8,119.6,1.1,0,1017.1,1019,48.7,0,0
889,2022-09-10 11:00,25.7,13.9,1.1,0,1017.2,1019.1,42.9,0,0
889,2022-09-10 12:00,26.8,89.9,1.3,0,1016.3,1018.2,44.5,0,0
889,2022-09-10 13:00,28.1,95.7,.9,0,1016.2,1018,41.7,0,0
889,2022-09-10 14:00,27.8,57.2,.6,0,1015.2,1017,41.7,0,0
889,2022-09-10 15:00,29.3,40.3,1,0,1014.6,1016.4,38.7,0,0
889,2022-09-10 16:00,29.4,79,1,0,1014.6,1016.4,37.8,0,0
889,2022-09-10 17:00,29.3,116.5,.7,0,1014.5,1016.3,42,0,0
889,2022-09-10 18:00,25.3,204.1,.6,0,1014.5,1016.4,59.5,0,0
889,2022-09-10 19:00,22.7,222.8,.7,0,1014.6,1016.5,69,0,0
889,2022-09-10 20:00,22.2,236.7,.6,0,1014.8,1016.7,71.6,0,0
889,2022-09-10 21:00,21.9,0,.1,0,1015.2,1017.1,74.7,0,0
889,2022-09-10 22:00,21.7,0,.3,0,1015.1,1017,79,0,0
889,2022-09-10 23:00,21.8,150,.5,0,1015.3,1017.2,77.3,0,0
889,2022-09-11 00:00,23,0,.3,0,1015.5,1017.4,69.7,0,0
889,2022-09-11 01:00,21.3,223,.5,0,1015.2,1017.1,79.3,0,0
889,2022-09-11 02:00,21,0,.3,0,1014.9,1016.8,87,0,0
889,2022-09-11 03:00,20.8,0,.2,0,1014.4,1016.3,88.5,0,0
889,2022-09-11 04:00,20.3,222,.5,0,1014.4,1016.3,91,0,0
889,2022-09-11 05:00,19.8,0,.3,0,1014.2,1016.1,91.4,0,0
889,2022-09-11 06:00,18.8,0,.4,0,1014.6,1016.5,93.6,0,0
889,2022-09-11 07:00,19.3,0,.2,0,1014.7,1016.6,96.8,0,0
889,2022-09-11 08:00,21.7,109.6,.6,0,1014.9,1016.8,93.3,0,0
889,2022-09-11 09:00,23.2,110.1,1.1,0,1014.5,1016.4,73.7,0,0
889,2022-09-11 10:00,25.3,11.5,1.3,0,1014.7,1016.6,66.3,0,0
889,2022-09-11 11:00,25.7,112,.8,0,1014.4,1016.3,62.6,0,0
889,2022-09-11 12:00,25.9,23.1,1.3,0,1014,1015.9,63.1,0,0
889,2022-09-11 13:00,26.1,12.6,1.3,0,1013.5,1015.4,61.1,0,0
889,2022-09-11 14:00,26.9,58.2,.9,0,1012.8,1014.6,57.3,0,0
889,2022-09-11 15:00,26.6,69.7,.8,0,1012.1,1014,57.6,0,0
889,2022-09-11 16:00,24.9,0,.1,0,1012.4,1014.2,72.5,0,0
889,2022-09-11 17:00,23.5,0,.4,0,1012.5,1014.4,83.1,0,0
889,2022-09-11 18:00,22.5,0,.3,0,1012.3,1014.2,86.8,0,0
889,2022-09-11 19:00,21.4,226.7,.7,0,1012.1,1014,97.9,0,0
889,2022-09-11 20:00,21.1,216.9,.6,0,1012.3,1014.2,99.3,0,0
889,2022-09-11 21:00,21.1,225.5,.6,0,1012.7,1014.6,99.9,0,0
889,2022-09-11 22:00,20.7,0,.4,0,1012.8,1014.7,99.9,0,0
889,2022-09-11 23:00,21.1,0,.2,0,1013,1014.9,99.9,0,0
889,2022-09-12 00:00,20.8,0,.3,0,1012.7,1014.6,99.9,0,0
889,2022-09-12 01:00,20.3,231.7,.5,0,1012.5,1014.4,99.9,0,0
889,2022-09-12 02:00,19.5,223.8,.5,0,1012.6,1014.5,99.9,0,0
889,2022-09-12 03:00,19.3,0,.4,0,1012.7,1014.6,99.9,0,0
889,2022-09-12 04:00,19.3,214.8,.5,0,1012.8,1014.7,99.9,0,0
889,2022-09-12 05:00,19.1,0,.4,0,1012.6,1014.5,99.9,0,0
889,2022-09-12 06:00,19.2,0,.2,0,1012.4,1014.3,99.9,0,0
889,2022-09-12 07:00,19.4,210.9,.5,0,1013,1014.9,99.9,0,0
889,2022-09-12 08:00,20.7,0,.2,0,1012.9,1014.8,99.9,0,0
889,2022-09-12 09:00,22.1,19.8,.9,0,1013,1014.9,99.9,0,0
889,2022-09-12 10:00,25.1,38.6,1.1,0,1013.2,1015.1,82.2,0,0
889,2022-09-12 11:00,26.2,140.9,.6,0,1013,1014.9,76.7,0,0
889,2022-09-12 12:00,27,4.4,.9,0,1012.5,1014.3,74.3,0,0
889,2022-09-12 13:00,27.7,25.2,.7,0,1012.3,1014.1,70.1,0,0
889,2022-09-12 14:00,27.9,332.8,.7,0,1012.2,1014,67.4,0,0
889,2022-09-12 15:00,27.8,307.4,.5,0,1012,1013.8,66.5,0,0
889,2022-09-12 16:00,28.1,353.7,.5,0,1011.8,1013.6,68,0,0
889,2022-09-12 17:00,27,315.3,.6,0,1011.8,1013.6,73,0,0
889,2022-09-12 18:00,26.4,266.5,1.2,0,1012,1013.9,72.6,0,0
889,2022-09-12 19:00,24.9,226.2,.7,0,1012.1,1013.9,79.3,0,0
889,2022-09-12 20:00,23.2,0,.3,0,1012.5,1014.4,91,0,0
889,2022-09-12 21:00,22.6,234.7,.5,0,1013,1014.9,95.7,0,0
889,2022-09-12 22:00,22.2,0,.3,0,1012.9,1014.8,97.1,0,0
889,2022-09-12 23:00,22,232.5,.6,0,1013.5,1015.4,99.4,0,0
889,2022-09-13 00:00,21.6,0,.2,0,1013.1,1015,99.6,0,0
889,2022-09-13 01:00,21.3,245.8,.5,0,1013,1014.9,99.9,0,0
889,2022-09-13 02:00,21.2,244.7,.5,0,1012.9,1014.8,99.9,0,0
889,2022-09-13 03:00,20.9,0,.3,0,1012.8,1014.7,99.9,0,0
889,2022-09-13 04:00,20.7,245.9,.5,0,1013,1014.9,99.9,0,0
889,2022-09-13 05:00,20.7,0,.1,0,1013.1,1015,99.9,0,0
889,2022-09-13 06:00,20.7,238.4,.5,0,1013.5,1015.4,99.9,0,0
889,2022-09-13 07:00,20.8,0,.3,0,1013.6,1015.5,99.9,0,0
889,2022-09-13 08:00,22,0,.1,0,1014.1,1016,99.9,0,0
889,2022-09-13 09:00,23.6,22.8,.8,0,1014.4,1016.3,99.9,0,0
889,2022-09-13 10:00,25.1,19.8,1.2,0,1014.7,1016.6,84.1,0,0
889,2022-09-13 11:00,26.4,22.3,1,0,1014.6,1016.5,73.6,0,0
889,2022-09-13 12:00,26.8,30.6,.8,0,1014.4,1016.3,73.7,0,0
889,2022-09-13 13:00,26.8,84.3,1.1,0,1014.3,1016.2,69.6,0,0
889,2022-09-13 14:00,26.9,95.8,1.2,0,1014,1015.9,70.3,0,0
889,2022-09-13 15:00,26.5,125.3,1,0,1014.3,1016.2,74.6,0,0
889,2022-09-13 16:00,25.6,0,.3,0,1014.6,1016.5,87,0,0
889,2022-09-13 17:00,26.6,66.6,.9,0,1014.6,1016.5,77.3,0,0
889,2022-09-13 18:00,26.2,54.2,.6,0,1014.7,1016.6,78.2,0,0
889,2022-09-13 19:00,25.8,51.5,.6,0,1014.8,1016.7,77.4,0,0
889,2022-09-13 20:00,25.1,9.6,.6,0,1015.2,1017.1,81.2,0,0
889,2022-09-13 21:00,24.1,0,.2,0,1015.6,1017.5,84.1,0,0
889,2022-09-13 22:00,25.3,101.9,1.4,0,1015.5,1017.4,74.7,0,0
889,2022-09-13 23:00,25.2,85.8,1.1,0,1015.1,1017,72.8,0,0
889,2022-09-14 00:00,24.2,113.4,.6,0,1015,1016.9,78,0,0
889,2022-09-14 01:00,24.9,93.4,1.9,0,1014.8,1016.7,67.4,0,0
889,2022-09-14 02:00,24.8,122.7,.7,0,1014.9,1016.8,62.2,0,0
889,2022-09-14 03:00,24.2,0,.4,0,1015.2,1017.1,63,0,0
889,2022-09-14 04:00,22.7,219,.5,0,1015.2,1017.1,73.2,0,0
889,2022-09-14 05:00,23.3,34.8,.7,0,1015,1016.9,63,0,0
889,2022-09-14 06:00,24.4,107.5,1.1,0,1015.1,1017,54.3,0,0
889,2022-09-14 07:00,24.8,79.9,1.3,0,1015.3,1017.2,52,0,0
889,2022-09-14 08:00,24.8,80.1,1.1,0,1015.2,1017.1,54.9,0,0
889,2022-09-14 09:00,25,100.1,1,0,1015.3,1017.2,56.9,0,0
889,2022-09-14 10:00,25.6,81.2,1.5,0,1015.8,1017.7,56.8,0,0
889,2022-09-14 11:00,26.7,88.4,1.5,0,1015.6,1017.5,58.8,0,0
889,2022-09-14 12:00,28.1,32.3,1.2,0,1015,1016.8,57.5,0,0
889,2022-09-14 13:00,29.3,75.9,1.5,0,1014.4,1016.2,54.9,0,0
889,2022-09-14 14:00,29.3,99.3,1.7,0,1013.8,1015.6,52.7,0,0
889,2022-09-14 15:00,28.8,41.5,1.6,0,1013.1,1014.9,49.5,0,0
889,2022-09-14 16:00,28.1,69.2,1.4,0,1012.8,1014.6,50.3,0,0
889,2022-09-14 17:00,26.9,75.9,1.5,0,1012.9,1014.7,47.1,0,0
889,2022-09-14 18:00,26.1,83.8,2.1,0,1013.2,1015.1,47.3,0,0
889,2022-09-14 19:00,25.2,83.1,2.1,0,1013.4,1015.3,52.1,0,0
889,2022-09-14 20:00,24.7,96.2,2,0,1014,1015.9,54.1,0,0
889,2022-09-14 21:00,24.2,79.6,1.5,0,1014.3,1016.2,57.7,0,0
889,2022-09-14 22:00,24,88.2,2.1,0,1014.1,1016,60.2,0,0
889,2022-09-14 23:00,23.7,75.9,1.1,0,1013.8,1015.7,62.4,0,0
889,2022-09-15 00:00,23.5,106.7,1.1,0,1013.4,1015.3,63.5,0,0
889,2022-09-15 01:00,22.8,71.1,.7,0,1013.2,1015.1,66.8,0,0
889,2022-09-15 02:00,20.8,76.1,.6,0,1012.9,1014.8,76.7,0,0
889,2022-09-15 03:00,22.8,87.6,.7,0,1012.6,1014.5,70.5,0,0
889,2022-09-15 04:00,21.6,80.7,.9,0,1012.2,1014.1,77.1,0,0
889,2022-09-15 05:00,21.9,79.5,.5,0,1011.8,1013.7,76.5,0,0
889,2022-09-15 06:00,22.4,93.5,1.2,0,1011.7,1013.6,75.7,0,0
889,2022-09-15 07:00,21.9,96.3,.7,0,1012.1,1014,81.5,0,0
889,2022-09-15 08:00,24,89.1,1.2,0,1011.5,1013.4,71.9,0,0
889,2022-09-15 09:00,25.3,85.2,1.4,0,1011.3,1013.2,66.4,0,0
889,2022-09-15 10:00,26.5,81,1.5,0,1011.3,1013.2,61.6,0,0
889,2022-09-15 11:00,27.3,111.3,1.4,0,1011,1012.8,59.2,0,0
889,2022-09-15 12:00,27.4,99.3,1.5,0,1010.4,1012.2,57.3,0,0
889,2022-09-15 13:00,28.3,93.7,1.6,0,1009.3,1011.1,57.2,0,0
889,2022-09-15 14:00,28.8,103.2,1.2,0,1008.3,1010.1,58.6,0,0
889,2022-09-15 15:00,29.2,95.8,1.4,0,1007.8,1009.6,58.5,0,0
889,2022-09-15 16:00,28.9,99.2,1.7,0,1007.7,1009.5,59.8,0,0
889,2022-09-15 17:00,27.9,113.5,1,0,1007.7,1009.5,65.6,0,0
889,2022-09-15 18:00,26.8,0,.3,0,1007.3,1009.1,70.7,0,0
889,2022-09-15 19:00,25.5,155.3,.5,0,1007.1,1009,79.2,0,0
889,2022-09-15 20:00,25.5,0,.3,0,1007.3,1009.2,76.3,0,0
889,2022-09-15 21:00,24.3,0,.3,0,1007.4,1009.2,87.5,0,0
889,2022-09-15 22:00,24.3,93.4,.8,0,1007.4,1009.2,90.7,0,0
889,2022-09-15 23:00,25.7,73,.7,0,1007.5,1009.4,80.5,0,0
889,2022-09-16 00:00,26.4,77.2,1.3,0,1007.2,1009,75,0,0
889,2022-09-16 01:00,26,73.2,.8,0,1006.9,1008.7,71.9,0,0
889,2022-09-16 02:00,25.6,66,1.5,0,1006.2,1008,69.5,0,0
889,2022-09-16 03:00,25.4,84.7,1.3,0,1006.3,1008.2,67.1,0,0
889,2022-09-16 04:00,25.1,33.9,1,0,1006.4,1008.3,67.7,0,0
889,2022-09-16 05:00,24.8,39.6,1.1,0,1006,1007.8,69.1,0,0
889,2022-09-16 06:00,24.6,47.7,.9,0,1006,1007.8,70.5,0,0
889,2022-09-16 07:00,24.6,64,1.3,0,1006.4,1008.2,72,0,0
889,2022-09-16 08:00,24.9,44.5,1.2,0,1006.5,1008.3,72,0,0
889,2022-09-16 09:00,26.3,32.5,1.6,0,1006.4,1008.2,71.9,0,0
889,2022-09-16 10:00,28.2,39.4,1.6,0,1006.4,1008.2,67,0,0
889,2022-09-16 11:00,28.8,26.1,1.3,0,1006.2,1008,68.9,0,0
889,2022-09-16 12:00,29.9,209.7,1.1,0,1005.6,1007.4,66.6,0,0
889,2022-09-16 13:00,29.7,221.3,1.3,0,1005.1,1006.9,67.7,0,0
889,2022-09-16 14:00,29.4,96.4,.9,0,1004.6,1006.4,68.9,0,0
889,2022-09-16 15:00,30,70,.8,0,1004.3,1006.1,69,0,0
889,2022-09-16 16:00,27.4,0,.4,0,1004.3,1006.1,90.7,0,0
889,2022-09-16 17:00,26,189.6,.5,1,1004.7,1006.5,99.7,0,0
889,2022-09-16 18:00,26,239.1,2.1,0,1005.2,1007,99.9,0,0
889,2022-09-16 19:00,25.2,0,.3,0,1005.6,1007.5,99.9,0,0
889,2022-09-16 20:00,25,223.8,.5,0,1006.3,1008.2,99.9,0,0
889,2022-09-16 21:00,25,0,.3,0,1006.8,1008.7,99.9,0,0
889,2022-09-16 22:00,24.8,0,0,.5,1006.8,1008.6,99.9,0,0
889,2022-09-16 23:00,24.8,209.7,.5,0,1006.7,1008.5,99.9,0,0
889,2022-09-17 00:00,24,254.2,1.6,3,1006.9,1008.7,99.9,0,0
889,2022-09-17 01:00,23.4,250.8,.8,3.5,1006.8,1008.7,99.9,0,0
889,2022-09-17 02:00,23.1,0,0,0,1006.6,1008.5,99.9,0,0
889,2022-09-17 03:00,23.2,0,0,0,1006.8,1008.7,99.9,0,0
889,2022-09-17 04:00,23.4,0,0,0,1006.9,1008.8,99.9,0,0
889,2022-09-17 05:00,23.3,0,.3,0,1006.9,1008.8,99.9,0,0
889,2022-09-17 06:00,23.4,0,.1,1.5,1007,1008.9,99.9,0,0
889,2022-09-17 07:00,23.7,0,0,0,1007.7,1009.6,99.9,0,0
889,2022-09-17 08:00,24.2,0,0,.5,1007.7,1009.5,99.9,0,0
889,2022-09-17 09:00,24.4,0,0,0,1008,1009.8,99.9,0,0
889,2022-09-17 10:00,24.7,0,.1,0,1008.2,1010,99.9,0,0
889,2022-09-17 11:00,25.5,357,.7,0,1008,1009.9,99.9,0,0
889,2022-09-17 12:00,26.6,9.9,.8,0,1007.7,1009.5,99.9,0,0
889,2022-09-17 13:00,27.5,16.2,.8,0,1007.1,1008.9,91.9,0,0
889,2022-09-17 14:00,30.1,349.5,1.1,0,1006.4,1008.2,75.2,0,0
889,2022-09-17 15:00,29.9,334.5,1.1,0,1005.6,1007.4,74,0,0
889,2022-09-17 16:00,31.2,306,.9,0,1005,1006.8,70.6,0,0
889,2022-09-17 17:00,29.4,313.9,1,0,1005,1006.8,75.9,0,0
889,2022-09-17 18:00,27.9,0,.3,0,1005.2,1007,84.7,0,0
889,2022-09-17 19:00,25.9,227.4,.5,0,1005.5,1007.3,90.5,0,0
889,2022-09-17 20:00,25.1,0,.1,0,1006,1007.9,94.3,0,0
889,2022-09-17 21:00,24.1,0,.4,0,1006.2,1008,98.4,0,0
889,2022-09-17 22:00,23.7,0,.3,0,1006.1,1007.9,99.9,0,0
889,2022-09-17 23:00,23,227.3,.6,0,1005.9,1007.8,99.9,0,0
889,2022-09-18 00:00,22.8,0,0,0,1006,1007.9,99.9,0,0
889,2022-09-18 01:00,22.6,0,.4,0,1005.9,1007.8,99.9,0,0
889,2022-09-18 02:00,22.4,0,.3,0,1005.4,1007.3,99.9,0,0
889,2022-09-18 03:00,22.6,0,.2,0,1005,1006.9,99.9,0,0
889,2022-09-18 04:00,22.8,0,.1,0,1004.8,1006.7,99.9,0,0
889,2022-09-18 05:00,22.7,0,.2,0,1004.2,1006.1,99.9,0,0
889,2022-09-18 06:00,22.4,0,.1,0,1004.5,1006.4,99.9,0,0
889,2022-09-18 07:00,22.2,0,0,0,1005,1006.9,99.9,0,0
889,2022-09-18 08:00,23.7,0,.1,0,1004.8,1006.6,99.9,0,0
889,2022-09-18 09:00,25.2,19.5,.5,0,1004.8,1006.6,99.9,0,0
889,2022-09-18 10:00,27.2,110,.8,0,1004.7,1006.5,97.2,0,0
889,2022-09-18 11:00,27.6,8.8,.7,0,1004.2,1006,84.6,0,0
889,2022-09-18 12:00,28.7,10.7,1,0,1003.2,1005,80,0,0
889,2022-09-18 13:00,30,18.1,.9,0,1002.4,1004.2,73.7,0,0
889,2022-09-18 14:00,31,26.3,1.3,0,1001.4,1003.2,63.5,0,0
889,2022-09-18 15:00,31.4,30.8,1.1,0,1000.9,1002.7,63.1,0,0
889,2022-09-18 16:00,33.4,79.9,.9,0,1000.3,1002.1,59.5,0,0
889,2022-09-18 17:00,33.6,38.2,.9,0,999.7,1001.5,56.6,0,0
889,2022-09-18 18:00,30.4,0,.3,0,1000,1001.8,68.8,0,0
889,2022-09-18 19:00,27.9,221.2,.5,0,1000.3,1002.1,76.4,0,0
889,2022-09-18 20:00,27,0,.4,0,1000.2,1002,89.7,0,0
889,2022-09-18 21:00,26.5,119,.5,0,1000.2,1002,91.3,0,0
889,2022-09-18 22:00,27.3,32.2,1,0,1000.4,1002.2,81.6,0,0
889,2022-09-18 23:00,26.4,0,.3,0,999.5,1001.3,84.6,0,0
889,2022-09-19 00:00,24.5,0,.3,0,999.1,1000.9,94.5,0,0
889,2022-09-19 01:00,24.2,94.9,.5,0,998.7,1000.5,95.9,0,0
889,2022-09-19 02:00,25.1,32.5,.8,0,998.4,1000.2,87.2,0,0
889,2022-09-19 03:00,24.2,109.8,.5,0,998.1,999.9,86.8,0,0
889,2022-09-19 04:00,24,0,.2,0,997.5,999.3,86.7,0,0
889,2022-09-19 05:00,22.7,0,.3,0,997.4,999.2,94.1,0,0
889,2022-09-19 06:00,24.9,35.4,1.1,0,997.9,999.7,81.7,0,0
889,2022-09-19 07:00,25,18,.8,0,998.5,1000.3,81.6,0,0
889,2022-09-19 08:00,25.9,21.1,1.3,0,998.4,1000.2,76.3,0,0
889,2022-09-19 09:00,26.3,26.9,1.2,0,998.7,1000.5,73,0,0
889,2022-09-19 10:00,27.2,260.6,1.8,0,999,1000.8,72.3,0,0
889,2022-09-19 11:00,29.3,24.4,2.1,0,998.9,1000.7,60.9,0,0
889,2022-09-19 12:00,29.4,13.6,2.4,0,998.6,1000.4,56,0,0
889,2022-09-19 13:00,29.9,25.6,2.2,0,998.7,1000.5,52.9,0,0
889,2022-09-19 14:00,29.3,10,2.4,0,998.8,1000.6,49.1,0,0
889,2022-09-19 15:00,29.3,27.2,2.4,0,998.8,1000.6,49.7,0,0
889,2022-09-19 16:00,27,28.2,2,0,999.4,1001.2,53,0,0
889,2022-09-19 17:00,26.7,37.2,2,0,1000.1,1001.9,53.1,0,0
889,2022-09-19 18:00,25.1,13.9,1.9,0,1001.3,1003.1,51.2,0,0
889,2022-09-19 19:00,24.3,26.5,1.2,0,1002,1003.8,56.2,0,0
889,2022-09-19 20:00,23.2,24.2,1.4,0,1003.7,1005.6,58,0,0
889,2022-09-19 21:00,23,51.6,1,0,1005,1006.9,61.8,0,0
889,2022-09-19 22:00,21.8,115.1,1.1,0,1005.9,1007.8,62.5,0,0
889,2022-09-19 23:00,20.6,96.7,.5,0,1006.5,1008.4,65.1,0,0
889,2022-09-20 00:00,18,220.2,.6,0,1007.1,1009,78.8,0,0
889,2022-09-20 01:00,19.7,23.1,1,0,1007.7,1009.6,66.3,0,0
889,2022-09-20 02:00,18.9,31.8,.7,0,1008.3,1010.2,68.5,0,0
889,2022-09-20 03:00,16.7,211.5,.5,0,1009,1010.9,77.4,0,0
889,2022-09-20 04:00,15.9,223.8,.6,0,1009.3,1011.2,88.6,0,0
889,2022-09-20 05:00,15.1,233.8,.5,0,1010.3,1012.2,92.2,0,0
889,2022-09-20 06:00,16,0,.4,0,1011.1,1013,92.9,0,0
889,2022-09-20 07:00,15.4,208,.5,0,1011.9,1013.8,93,0,0
889,2022-09-20 08:00,18.4,45.9,.7,0,1012.4,1014.3,82.8,0,0
889,2022-09-20 09:00,20.2,38.7,1.4,0,1012.8,1014.7,68.7,0,0
889,2022-09-20 10:00,22.5,81.8,1.4,0,1012.9,1014.8,52.1,0,0
889,2022-09-20 11:00,23.5,56.5,1.9,0,1013,1014.9,42.1,0,0
889,2022-09-20 12:00,23.5,83.2,1.1,0,1012.7,1014.6,45.3,0,0
889,2022-09-20 13:00,23.4,21.7,1.1,0,1012.3,1014.2,44.6,0,0
889,2022-09-20 14:00,23.6,356.2,.9,0,1011.9,1013.8,45.4,0,0
889,2022-09-20 15:00,24.8,24,1,0,1011.3,1013.1,41.1,0,0
889,2022-09-20 16:00,23.9,3.3,.7,0,1011.1,1013,42.5,0,0
889,2022-09-20 17:00,23.8,209.9,.7,0,1011,1012.9,51.9,0,0
889,2022-09-20 18:00,20.9,231.5,.8,0,1011.4,1013.3,57.5,0,0
889,2022-09-20 19:00,21.3,271.7,1.2,0,1012.2,1014.1,53.1,0,0
889,2022-09-20 20:00,21,299.8,1.7,0,1013.1,1015,53.4,0,0
889,2022-09-20 21:00,19.3,259.1,1,0,1013.7,1015.6,60.2,0,0
889,2022-09-20 22:00,16.9,227.8,.6,0,1014.1,1016,69.8,0,0
889,2022-09-20 23:00,15.9,224.1,.8,0,1014.4,1016.3,68.9,0,0
889,2022-09-21 00:00,14.4,235.1,.6,0,1014.5,1016.4,75.1,0,0
889,2022-09-21 01:00,13.6,229.4,.6,0,1014.5,1016.4,80.3,0,0
889,2022-09-21 02:00,13,225.5,.5,0,1014.5,1016.5,86.1,0,0
889,2022-09-21 03:00,12.5,231.7,.6,0,1014.7,1016.7,89.6,0,0
889,2022-09-21 04:00,12.2,235.4,.5,0,1014.9,1016.9,92.6,0,0
889,2022-09-21 05:00,11.7,230.3,.5,0,1015.1,1017.1,94.3,0,0
889,2022-09-21 06:00,11.6,223.7,.5,0,1015.8,1017.8,96.2,0,0
889,2022-09-21 07:00,12.2,0,.3,0,1016.3,1018.3,98.2,0,0
889,2022-09-21 08:00,14.9,0,.4,0,1016.7,1018.6,99.9,0,0
889,2022-09-21 09:00,18.6,24.7,1.3,0,1016.8,1018.7,80.1,0,0
889,2022-09-21 10:00,20.4,20.9,1.5,0,1017,1018.9,66.7,0,0
889,2022-09-21 11:00,23,116.7,1.4,0,1016.8,1018.7,50.2,0,0
889,2022-09-21 12:00,23.8,227.7,1.4,0,1016.3,1018.2,48.4,0,0
889,2022-09-21 13:00,24.9,204.6,1.2,0,1015.7,1017.6,41.9,0,0
889,2022-09-21 14:00,25.3,121.2,1.1,0,1015,1016.9,41.7,0,0
889,2022-09-21 15:00,25.3,229,1.7,0,1014.6,1016.5,40.3,0,0
889,2022-09-21 16:00,26.4,100.4,1.1,0,1014.4,1016.3,40.1,0,0
889,2022-09-21 17:00,25.5,102.8,.9,0,1014.3,1016.2,39.3,0,0
889,2022-09-21 18:00,22.9,187.5,.7,0,1014.4,1016.3,50.8,0,0
889,2022-09-21 19:00,18.3,222.3,.6,0,1014.7,1016.6,66.8,0,0
889,2022-09-21 20:00,17.4,229.4,.9,0,1015.2,1017.1,72.2,0,0
889,2022-09-21 21:00,16.2,221.5,.5,0,1015.5,1017.4,75.1,0,0
889,2022-09-21 22:00,15.5,0,.1,0,1015.8,1017.7,78.8,0,0
889,2022-09-21 23:00,15.1,220.7,.5,0,1015.7,1017.6,89.2,0,0
889,2022-09-22 00:00,14.3,0,.1,0,1015.5,1017.4,91.2,0,0
889,2022-09-22 01:00,13.6,234,.8,0,1015.6,1017.5,93.5,0,0
889,2022-09-22 02:00,13.4,217.7,.6,0,1015.5,1017.4,93.6,0,0
889,2022-09-22 03:00,13.2,224.2,.5,0,1015.6,1017.6,92.4,0,0
889,2022-09-22 04:00,13.9,107.9,.8,0,1015.5,1017.4,87.2,0,0
889,2022-09-22 05:00,14.1,110.9,.9,0,1015.4,1017.3,84.8,0,0
889,2022-09-22 06:00,13.9,159.1,.6,0,1015.6,1017.5,80.7,0,0
889,2022-09-22 07:00,15.8,89.9,1.3,0,1015.8,1017.7,72.2,0,0
889,2022-09-22 08:00,17.3,48.7,1.2,0,1016,1017.9,65.5,0,0
889,2022-09-22 09:00,19,101.4,.9,0,1015.7,1017.6,63.1,0,0
889,2022-09-22 10:00,20.6,80.5,1.1,0,1015.6,1017.5,58.8,0,0
889,2022-09-22 11:00,22.5,39,1.2,0,1014.8,1016.7,54.9,0,0
889,2022-09-22 12:00,23.4,212,1,0,1013.8,1015.7,53.1,0,0
889,2022-09-22 13:00,23.5,343.6,.8,0,1013.1,1015,50.5,0,0
889,2022-09-22 14:00,24.2,18.8,.7,0,1012.4,1014.3,52.6,0,0
889,2022-09-22 15:00,24.3,211.8,1.3,0,1012,1013.9,51.2,0,0
889,2022-09-22 16:00,25.7,162,.6,0,1011.3,1013.2,47,0,0
889,2022-09-22 17:00,23.5,215.7,1.1,0,1011.5,1013.4,56.6,0,0
889,2022-09-22 18:00,21.3,0,.4,0,1011.6,1013.5,64.6,0,0
889,2022-09-22 19:00,19.9,236.2,.7,0,1011.9,1013.8,69.5,0,0
889,2022-09-22 20:00,18.6,229.7,.9,0,1012.4,1014.3,74.8,0,0
889,2022-09-22 21:00,18.1,215.2,.7,0,1012.7,1014.6,78.1,0,0
889,2022-09-22 22:00,17.1,219.9,.7,0,1012.7,1014.6,86.9,0,0
889,2022-09-22 23:00,16.7,214.9,.7,0,1012.6,1014.5,92,0,0
889,2022-09-23 00:00,16,0,.4,0,1012.1,1014,92.7,0,0
889,2022-09-23 01:00,15.5,229.3,.6,0,1011.6,1013.5,95.2,0,0
889,2022-09-23 02:00,15.1,0,.4,0,1011.1,1013,97.7,0,0
889,2022-09-23 03:00,14.9,237.8,.7,0,1010.9,1012.8,99,0,0
889,2022-09-23 04:00,14.4,238,.7,0,1010.7,1012.6,99.9,0,0
889,2022-09-23 05:00,14.2,0,.4,0,1010.5,1012.4,99.9,0,0
889,2022-09-23 06:00,13.8,218.1,.6,0,1010.6,1012.5,99.9,0,0
889,2022-09-23 07:00,14,0,.1,0,1010.5,1012.4,99.9,0,0
889,2022-09-23 08:00,16.1,0,.3,0,1010.4,1012.3,99.9,0,0
889,2022-09-23 09:00,19.9,219.8,1.9,0,1010.4,1012.3,77.9,0,0
889,2022-09-23 10:00,22.6,227,2.2,0,1010,1011.9,63.7,0,0
889,2022-09-23 11:00,22.4,208.4,3.5,0,1009.2,1011.1,69,0,0
889,2022-09-23 12:00,19.3,248.6,3.2,.5,1009.9,1011.8,93.3,0,0
889,2022-09-23 13:00,20.9,262.3,2.8,0,1009.9,1011.8,57.9,0,0
889,2022-09-23 14:00,20.3,263,3.4,0,1010.4,1012.3,53.8,0,0
889,2022-09-23 15:00,20.5,250.4,3.1,0,1010.7,1012.6,45.8,0,0
889,2022-09-23 16:00,19.8,264.7,2.6,0,1010.5,1012.4,49,0,0
889,2022-09-23 17:00,19.5,250.9,2.8,0,1010.9,1012.8,53.2,0,0
889,2022-09-23 18:00,18.8,243.2,2.5,0,1011.3,1013.2,57.1,0,0
889,2022-09-23 19:00,18.3,267.3,2.2,0,1012.3,1014.2,56.4,0,0
889,2022-09-23 20:00,17.1,239.4,1.6,0,1012.9,1014.8,59.3,0,0
889,2022-09-23 21:00,17.1,248.5,2,0,1013.9,1015.8,60.5,0,0
889,2022-09-23 22:00,16.6,267.9,1.3,0,1014.1,1016,63.9,0,0
889,2022-09-23 23:00,15.8,249.7,1.3,0,1014.5,1016.4,67.2,0,0
889,2022-09-24 00:00,15.7,255.7,1,0,1014.8,1016.7,67.1,0,0
889,2022-09-24 01:00,13.5,243,.8,0,1014.9,1016.8,77.1,0,0
889,2022-09-24 02:00,12.6,0,.4,0,1014.8,1016.8,84.7,0,0
889,2022-09-24 03:00,11.9,232.4,.6,0,1015,1017,93.5,0,0
889,2022-09-24 04:00,12.3,250.4,.8,0,1015,1017,97.2,0,0
889,2022-09-24 05:00,11.6,227.3,.8,0,1015.2,1017.2,96.2,0,0
889,2022-09-24 06:00,11,218.4,.7,0,1015.7,1017.7,98,0,0
889,2022-09-24 07:00,11.2,227.4,.8,0,1016.1,1018.1,99.9,0,0
889,2022-09-24 08:00,13,169.5,.6,0,1016.4,1018.4,99.9,0,0
889,2022-09-24 09:00,16.5,154.6,.7,0,1016.6,1018.5,95,0,0
889,2022-09-24 10:00,19.7,264,1.5,0,1016.8,1018.7,59.4,0,0
889,2022-09-24 11:00,21.4,318.1,1.5,0,1016.8,1018.7,55.7,0,0
889,2022-09-24 12:00,22.5,318.5,1.4,0,1016.4,1018.3,52.7,0,0
889,2022-09-24 13:00,23.7,302.2,1.7,0,1015.8,1017.7,44.5,0,0
889,2022-09-24 14:00,24.2,275.7,2.1,0,1015.1,1017,37.9,0,0
889,2022-09-24 15:00,24.4,256.9,1.7,0,1014.6,1016.5,39,0,0
889,2022-09-24 16:00,24.6,263.8,2.1,0,1014.2,1016.1,41.1,0,0
889,2022-09-24 17:00,23.9,289,1.4,0,1014,1015.9,43.9,0,0
889,2022-09-24 18:00,21.6,261.5,.8,0,1014.2,1016.1,54.4,0,0
889,2022-09-24 19:00,19.1,232.5,.7,0,1014.4,1016.3,66.4,0,0
889,2022-09-24 20:00,17.7,236.5,.6,0,1014.9,1016.8,74.1,0,0
889,2022-09-24 21:00,16.7,228.9,.9,0,1015.5,1017.4,82.2,0,0
889,2022-09-24 22:00,16.7,222.3,.9,0,1015.3,1017.2,92.6,0,0
889,2022-09-24 23:00,16.6,0,.2,0,1015.1,1017,94.4,0,0
889,2022-09-25 00:00,16.4,0,.3,0,1015.1,1017,96.2,0,0
889,2022-09-25 01:00,15.8,0,.4,0,1014.9,1016.8,97.9,0,0
889,2022-09-25 02:00,15.1,228.2,.6,0,1014.9,1016.8,99.6,0,0
889,2022-09-25 03:00,15.3,0,.1,0,1014.5,1016.4,99.9,0,0
889,2022-09-25 04:00,15.3,0,.2,0,1014.2,1016.1,99.9,0,0
889,2022-09-25 05:00,14.4,229.5,.6,0,1014.5,1016.4,99.9,0,0
889,2022-09-25 06:00,14.4,230.6,.5,0,1015.1,1017,99.9,0,0
889,2022-09-25 07:00,14.7,0,.1,0,1015.2,1017.1,99.9,0,0
889,2022-09-25 08:00,16.9,26.2,.5,0,1015.8,1017.7,99.9,0,0
889,2022-09-25 09:00,18.1,22.5,.9,0,1015.9,1017.8,91.6,0,0
889,2022-09-25 10:00,19.8,23,1.2,0,1016.3,1018.2,78.6,0,0
889,2022-09-25 11:00,22.2,0,.4,0,1015.9,1017.8,69.3,0,0
889,2022-09-25 12:00,23.2,28.2,1.1,0,1015.4,1017.3,60,0,0
889,2022-09-25 13:00,24.7,9.6,1.3,0,1014.7,1016.6,44.3,0,0
889,2022-09-25 14:00,25.3,330.9,1.2,0,1014.2,1016.1,39.7,0,0
889,2022-09-25 15:00,26.1,352.8,1.2,0,1013.8,1015.7,39.4,0,0
889,2022-09-25 16:00,25.5,318.5,1.3,0,1013.6,1015.5,42,0,0
889,2022-09-25 17:00,25.4,300.6,.9,0,1013.6,1015.5,44,0,0
889,2022-09-25 18:00,22.9,306.7,.8,0,1013.9,1015.8,53.5,0,0
889,2022-09-25 19:00,19,239.2,.8,0,1014.2,1016.1,68.8,0,0
889,2022-09-25 20:00,17.9,233.8,.7,0,1014.5,1016.4,70.7,0,0
889,2022-09-25 21:00,17.3,229.1,.8,0,1015.1,1017,73.6,0,0
889,2022-09-25 22:00,16.5,219.2,.6,0,1015.3,1017.2,78.3,0,0
889,2022-09-25 23:00,16.2,0,0,0,1015.2,1017.1,82.5,0,0
889,2022-09-26 00:00,15.7,232.6,.5,0,1015.1,1017,89.7,0,0
889,2022-09-26 01:00,14.9,229.5,.8,0,1015.3,1017.2,91.9,0,0
889,2022-09-26 02:00,14.6,0,.4,0,1015.2,1017.1,94.3,0,0
889,2022-09-26 03:00,14.4,0,.3,0,1015.4,1017.3,96,0,0
889,2022-09-26 04:00,14.4,0,.1,0,1015.3,1017.2,97.3,0,0
889,2022-09-26 05:00,13.9,0,.3,0,1015.4,1017.3,98.3,0,0
889,2022-09-26 06:00,13.7,225.9,.6,0,1015.8,1017.7,99.4,0,0
889,2022-09-26 07:00,13.7,0,.4,0,1016.1,1018,99.9,0,0
889,2022-09-26 08:00,16,0,.2,0,1016.3,1018.2,99.9,0,0
889,2022-09-26 09:00,18.8,28,.5,0,1016.7,1018.6,89.3,0,0
889,2022-09-26 10:00,21.1,13.5,1.2,0,1016.8,1018.7,67.6,0,0
889,2022-09-26 11:00,23.2,18,.8,0,1016.4,1018.3,49.2,0,0
889,2022-09-26 12:00,24.4,13.9,1.2,0,1015.8,1017.7,44.3,0,0
889,2022-09-26 13:00,,,,0,,,,0,0
889,2022-09-26 14:00,26.4,331.9,1.3,0,1014.4,1016.3,30.5,0,0
889,2022-09-26 15:00,26.4,14.1,1.3,0,1014.4,1016.3,29.7,0,0
889,2022-09-26 16:00,26.4,303.6,1,0,1014.3,1016.2,31.7,0,0
889,2022-09-26 17:00,25.5,333.9,.9,0,1014.2,1016.1,34.8,0,0
889,2022-09-26 18:00,21.5,230.5,.8,0,1014.5,1016.4,52,0,0
889,2022-09-26 19:00,18.9,232.1,.8,0,1014.5,1016.4,60.5,0,0
889,2022-09-26 20:00,17.7,219.4,.9,0,1015.1,1017,72.2,0,0
889,2022-09-26 21:00,17.4,231.2,.8,0,1015.4,1017.3,76.8,0,0
889,2022-09-26 22:00,16.8,210.5,.5,0,1015.6,1017.5,88.5,0,0
889,2022-09-26 23:00,16.2,216.8,.6,0,1015.5,1017.4,91.9,0,0
889,2022-09-27 00:00,15.6,0,.3,0,1015.6,1017.5,94.4,0,0
889,2022-09-27 01:00,14.7,0,.4,0,1015.4,1017.3,96.5,0,0
889,2022-09-27 02:00,14.2,0,.4,0,1015.4,1017.3,97.9,0,0
889,2022-09-27 03:00,13.8,0,.3,0,1015.6,1017.5,99.5,0,0
889,2022-09-27 04:00,13.1,206.5,.6,0,1015.6,1017.6,99.9,0,0
889,2022-09-27 05:00,12.7,0,.4,0,1015.4,1017.4,99.9,0,0
889,2022-09-27 06:00,12.5,199.7,.5,0,1015.5,1017.5,99.9,0,0
889,2022-09-27 07:00,12.5,0,.3,0,1015.6,1017.6,99.9,0,0
889,2022-09-27 08:00,14.3,0,.2,0,1015.7,1017.6,99.9,0,0
889,2022-09-27 09:00,17.6,74.4,.6,0,1015.8,1017.7,99.9,0,0
889,2022-09-27 10:00,20.4,16.4,1.8,0,1015.5,1017.4,69.9,0,0
889,2022-09-27 11:00,23.5,8.8,1.2,0,1015.4,1017.3,55.1,0,0
889,2022-09-27 12:00,25.4,5.7,1.3,0,1014.9,1016.8,48,0,0
889,2022-09-27 13:00,26.5,5.1,1.3,0,1014.1,1016,41.8,0,0
889,2022-09-27 14:00,27.6,1.7,1.1,0,1013.4,1015.2,40.5,0,0
889,2022-09-27 15:00,28.5,15.6,1.1,0,1012.7,1014.5,37.8,0,0
889,2022-09-27 16:00,28.9,21.3,.7,0,1012.2,1014,35.3,0,0
889,2022-09-27 17:00,28.5,233.5,.6,0,1012,1013.8,43.4,0,0
889,2022-09-27 18:00,21.9,229.8,1,0,1012.2,1014.1,58.8,0,0
889,2022-09-27 19:00,19.3,0,.4,0,1012.5,1014.4,67.6,0,0
889,2022-09-27 20:00,18,0,0,0,1012.7,1014.6,74.9,0,0
889,2022-09-27 21:00,17.7,0,.1,0,1013.2,1015.1,87.5,0,0
889,2022-09-27 22:00,17.1,0,.3,0,1013.2,1015.1,92.8,0,0
889,2022-09-27 23:00,16.6,0,0,0,1013.2,1015.1,95.1,0,0
889,2022-09-28 00:00,16.2,0,0,0,1013.5,1015.4,97.2,0,0
889,2022-09-28 01:00,15.5,0,.4,0,1013.1,1015,98.8,0,0
889,2022-09-28 02:00,15.1,0,.1,0,1013,1014.9,99.9,0,0
889,2022-09-28 03:00,14.8,215.4,.5,0,1012.9,1014.8,99.9,0,0
889,2022-09-28 04:00,14.6,0,.4,0,1012.7,1014.6,99.9,0,0
889,2022-09-28 05:00,14.4,0,.1,0,1012.9,1014.8,99.9,0,0
889,2022-09-28 06:00,14.2,0,.4,0,1012.7,1014.6,99.9,0,0
889,2022-09-28 07:00,14.4,0,.3,0,1012.8,1014.7,99.9,0,0
889,2022-09-28 08:00,16.9,0,.2,0,1012.9,1014.8,99.9,0,0
889,2022-09-28 09:00,19,59,.5,0,1013.3,1015.2,99.9,0,0
889,2022-09-28 10:00,20.7,74.8,.6,0,1013.1,1015,84.7,0,0
889,2022-09-28 11:00,21.7,4.6,.7,0,1013,1014.9,77.3,0,0
889,2022-09-28 12:00,22.3,25.3,1.3,0,1012.6,1014.5,71.9,0,0
889,2022-09-28 13:00,23.7,17.3,1.1,0,1012.2,1014.1,66.6,0,0
889,2022-09-28 14:00,24.8,347,1.1,0,1011.5,1013.3,62.3,0,0
889,2022-09-28 15:00,26.8,350.4,1.1,0,1011,1012.8,56.3,0,0
889,2022-09-28 16:00,26.6,3.1,.8,0,1010.7,1012.5,56,0,0
889,2022-09-28 17:00,26.4,210.9,.6,0,1010.8,1012.7,60.4,0,0
889,2022-09-28 18:00,23.5,242.7,1.4,0,1010.9,1012.8,67.1,0,0
889,2022-09-28 19:00,20.8,213.5,.7,0,1011.2,1013.1,77.3,0,0
889,2022-09-28 20:00,18.7,0,.3,0,1011.6,1013.5,89.9,0,0
889,2022-09-28 21:00,17.8,0,.1,0,1012.2,1014.1,94.4,0,0
889,2022-09-28 22:00,16.8,0,.4,0,1012.5,1014.4,96.3,0,0
889,2022-09-28 23:00,16.8,236.4,.6,0,1012.6,1014.5,98.3,0,0
889,2022-09-29 00:00,16.5,220,.5,0,1012.7,1014.6,99.9,0,0
889,2022-09-29 01:00,16.1,0,.2,0,1012.8,1014.7,99.9,0,0
889,2022-09-29 02:00,15.5,228.1,.5,0,1012.6,1014.5,99.9,0,0
889,2022-09-29 03:00,15.3,0,0,0,1012.4,1014.3,99.9,0,0
889,2022-09-29 04:00,15.2,0,.1,0,1012.4,1014.3,99.9,0,0
889,2022-09-29 05:00,14.9,0,.1,0,1012.7,1014.6,99.9,0,0
889,2022-09-29 06:00,15.3,0,.1,0,1013.2,1015.1,99.9,0,0
889,2022-09-29 07:00,15.5,0,.4,0,1013.8,1015.7,99.9,0,0
889,2022-09-29 08:00,17.7,0,.1,0,1013.9,1015.8,99.9,0,0
889,2022-09-29 09:00,18.9,2.5,.7,0,1014.2,1016.1,99.9,0,0
889,2022-09-29 10:00,20.6,12.8,1.1,0,1014.3,1016.2,94.4,0,0
889,2022-09-29 11:00,22.6,18.6,1.2,0,1013.9,1015.8,78.2,0,0
889,2022-09-29 12:00,24.1,3.3,1.3,0,1013.3,1015.2,68.5,0,0
889,2022-09-29 13:00,25,3.2,1.5,0,1012.7,1014.6,57.4,0,0
889,2022-09-29 14:00,26.2,16.4,1.3,0,1012.2,1014.1,50.9,0,0
889,2022-09-29 15:00,26.8,13.6,1.4,0,1011.9,1013.7,48.9,0,0
889,2022-09-29 16:00,27.1,357.1,.9,0,1011.7,1013.5,47.1,0,0
889,2022-09-29 17:00,25.1,227.1,1.1,0,1012,1013.9,58.5,0,0
889,2022-09-29 18:00,23.1,231.6,1.7,0,1012.5,1014.4,69.9,0,0
889,2022-09-29 19:00,20.7,229.4,1.1,0,1013.1,1015,77.5,0,0
889,2022-09-29 20:00,19.6,220.4,.5,0,1013.7,1015.6,80.8,0,0
889,2022-09-29 21:00,17.6,226.3,.5,0,1014.1,1016,92,0,0
889,2022-09-29 22:00,16.5,233.2,.6,0,1014.3,1016.2,95.2,0,0
889,2022-09-29 23:00,15.8,232.7,.6,0,1014.5,1016.4,96.5,0,0
889,2022-09-30 00:00,15.8,228.6,.5,0,1014.6,1016.5,99,0,0
889,2022-09-30 01:00,15.4,0,.4,0,1014.7,1016.6,99.9,0,0
889,2022-09-30 02:00,15.3,230.7,.6,0,1014.7,1016.6,99.9,0,0
889,2022-09-30 03:00,14.9,0,.3,0,1014.6,1016.5,99.9,0,0
889,2022-09-30 04:00,14.6,0,.3,0,1014.9,1016.8,99.9,0,0
889,2022-09-30 05:00,14.2,223.5,.5,0,1015.2,1017.1,99.9,0,0
889,2022-09-30 06:00,14.1,225.4,.5,0,1015.4,1017.3,99.9,0,0
889,2022-09-30 07:00,13.9,0,.3,0,1015.6,1017.5,99.9,0,0
889,2022-09-30 08:00,15.6,0,0,0,1015.7,1017.6,99.9,0,0
889,2022-09-30 09:00,17.7,19.7,1,0,1015.8,1017.7,99.9,0,0
889,2022-09-30 10:00,20.5,21.7,1.2,0,1015.6,1017.5,90.8,0,0
889,2022-09-30 11:00,23.5,9.6,1.1,0,1015.4,1017.3,66.3,0,0
889,2022-09-30 12:00,24.9,21,1.1,0,1014.7,1016.6,57.5,0,0
889,2022-09-30 13:00,26.3,350.6,1.1,0,1014.3,1016.2,51.7,0,0
889,2022-09-30 14:00,27.3,354.4,1.1,0,1013.7,1015.5,36.6,0,0
889,2022-09-30 15:00,28.6,345.6,.9,0,1013.3,1015.1,39.5,0,0
889,2022-09-30 16:00,28.3,295.7,.9,0,1013,1014.8,37.4,0,0
889,2022-09-30 17:00,27.2,295,.7,0,1012.9,1014.7,44.6,0,0
889,2022-09-30 18:00,22.9,0,.4,0,1013.2,1015.1,65.2,0,0
889,2022-09-30 19:00,20.1,0,.3,0,1013.8,1015.7,74.6,0,0
889,2022-09-30 20:00,19,235.6,.5,0,1014.4,1016.3,90.9,0,0
889,2022-09-30 21:00,17.9,0,.2,0,1014.9,1016.8,95,0,0
889,2022-09-30 22:00,18,0,.4,0,1015,1016.9,99.1,0,0
889,2022-09-30 23:00,17.1,232,.5,0,1014.9,1016.8,99.9,0,0
889,2022-10-01 00:00,16.5,221.8,.6,0,1015,1016.9,99.9,0,0
889,2022-10-01 01:00,16.1,0,.4,0,1015.1,1017,99.9,0,0
889,2022-10-01 02:00,15.5,0,.4,0,1015.2,1017.1,99.9,0,0
889,2022-10-01 03:00,14.7,202.5,.5,0,1015.4,1017.3,99.9,0,0
889,2022-10-01 04:00,14.5,0,.2,0,1015.7,1017.6,99.9,0,0
889,2022-10-01 05:00,14.2,0,.4,0,1016,1017.9,99.9,0,0
889,2022-10-01 06:00,13.6,0,.4,0,1016.4,1018.3,99.9,0,0
889,2022-10-01 07:00,13.5,0,.2,0,1016.6,1018.6,99.9,0,0
889,2022-10-01 08:00,15.5,0,0,0,1017.4,1019.3,99.9,0,0
889,2022-10-01 09:00,17.7,58.2,.7,0,1017.6,1019.5,99.9,0,0
889,2022-10-01 10:00,20.1,0,.4,0,1018,1019.9,94.2,0,0
889,2022-10-01 11:00,23.2,8.2,.8,0,1017.6,1019.5,71.5,0,0
889,2022-10-01 12:00,25.6,14.6,1.3,0,1016.7,1018.6,53.5,0,0
889,2022-10-01 13:00,26.9,358.5,1.1,0,1016.1,1018,45.3,0,0
889,2022-10-01 14:00,27.9,6.6,1.2,0,1015.4,1017.2,39.6,0,0
889,2022-10-01 15:00,28.2,354,1.2,0,1015.1,1016.9,39.5,0,0
889,2022-10-01 16:00,26.8,262.6,1.1,0,1015.1,1017,48.3,0,0
889,2022-10-01 17:00,25.2,203.3,.6,0,1015.1,1017,62,0,0
889,2022-10-01 18:00,23.1,0,.3,0,1015.7,1017.6,70,0,0
889,2022-10-01 19:00,20.7,224.7,.8,0,1015.8,1017.7,74.3,0,0
889,2022-10-01 20:00,19.6,224.2,.6,0,1016.4,1018.3,76.3,0,0
889,2022-10-01 21:00,19.2,228.4,.6,0,1016.5,1018.4,77.4,0,0
889,2022-10-01 22:00,19.1,228.6,.8,0,1016.3,1018.2,85.9,0,0
889,2022-10-01 23:00,18.9,0,0,0,1016.4,1018.3,89.2,0,0
889,2022-10-02 00:00,17.3,235.2,.6,0,1016.3,1018.2,92.3,0,0
889,2022-10-02 01:00,16.4,239.4,.6,0,1015.9,1017.8,95.8,0,0
889,2022-10-02 02:00,17.5,0,.4,0,1015.9,1017.8,98.2,0,0
889,2022-10-02 03:00,18,0,.3,0,1015.6,1017.5,98.9,0,0
889,2022-10-02 04:00,18,224.4,.7,0,1015.5,1017.4,99.3,0,0
889,2022-10-02 05:00,18.5,0,.4,0,1015.9,1017.8,98.6,0,0
889,2022-10-02 06:00,18.1,234.3,.5,0,1017,1018.9,97.9,0,0
889,2022-10-02 07:00,17.9,221.3,.5,0,1016.9,1018.8,99.7,0,0
889,2022-10-02 08:00,18.3,0,.3,0,1016.7,1018.6,99.9,0,0
889,2022-10-02 09:00,19.4,0,.4,0,1016.6,1018.5,99.9,0,0
889,2022-10-02 10:00,21,99.6,1,0,1016.2,1018.1,89.5,0,0
889,2022-10-02 11:00,22,101.8,.6,0,1016.3,1018.2,79.7,0,0
889,2022-10-02 12:00,22.7,93.5,.9,0,1015.7,1017.6,70.3,0,0
889,2022-10-02 13:00,22.9,86.7,1.3,0,1015.4,1017.3,65.1,0,0
889,2022-10-02 14:00,22.7,89.4,1.8,0,1014.2,1016.1,64.4,0,0
889,2022-10-02 15:00,22.5,88.2,.6,0,1013.2,1015.1,69.3,0,0
889,2022-10-02 16:00,22.8,34.5,.9,0,1012.1,1014,60,0,0
889,2022-10-02 17:00,21.8,115.2,.9,0,1012.9,1014.8,69.8,0,0
889,2022-10-02 18:00,18.7,198.7,.7,4.5,1013.9,1015.8,93,0,0
889,2022-10-02 19:00,18,0,.4,3.5,1013.4,1015.3,99,0,0
889,2022-10-02 20:00,17.8,122.7,.7,.5,1013.1,1015,99.9,0,0
889,2022-10-02 21:00,17.8,122.2,.5,.5,1012.8,1014.7,99.9,0,0
889,2022-10-02 22:00,18.1,19.1,1.2,0,1011.9,1013.8,99.9,0,0
889,2022-10-02 23:00,18.3,0,.3,1,1011.7,1013.6,99.9,0,0
889,2022-10-03 00:00,18.5,343.3,.6,.5,1012.3,1014.2,99.9,0,0
889,2022-10-03 01:00,18.7,54.2,.6,3.5,1012,1013.9,99.9,0,0
889,2022-10-03 02:00,18.9,153.9,.6,.5,1011.9,1013.8,99.9,0,0
889,2022-10-03 03:00,19.3,6.1,.7,7,1011.4,1013.3,99.9,0,0
889,2022-10-03 04:00,19.3,0,.2,9.5,1011.4,1013.3,99.9,0,0
889,2022-10-03 05:00,19.4,95,.5,3.5,1011.5,1013.4,99.9,0,0
889,2022-10-03 06:00,19.5,0,.2,2,1011.6,1013.5,99.9,0,0
889,2022-10-03 07:00,19.7,0,.1,4,1012.1,1014,99.9,0,0
889,2022-10-03 08:00,20.1,0,.3,3.5,1012.4,1014.3,99.9,0,0
889,2022-10-03 09:00,20.5,0,.3,2,1012.2,1014.1,99.9,0,0
889,2022-10-03 10:00,21.4,63.8,.5,0,1012.1,1014,99.9,0,0
889,2022-10-03 11:00,21.6,0,.3,1.5,1011.8,1013.7,99.9,0,0
889,2022-10-03 12:00,23.1,206,1,1.5,1011.2,1013.1,99.9,0,0
889,2022-10-03 13:00,23.5,229.2,2.6,2,1010.3,1012.2,99.9,0,0
889,2022-10-03 14:00,23.8,225.6,1.4,1,1009.6,1011.5,99.9,0,0
889,2022-10-03 15:00,23.6,222.4,2.3,1.5,1009.7,1011.6,99.9,0,0
889,2022-10-03 16:00,24.1,220.3,2.1,0,1008.6,1010.5,99.9,0,0
889,2022-10-03 17:00,24.2,225.4,1.7,0,1008.8,1010.6,99.9,0,0
889,2022-10-03 18:00,24,219.4,1.2,0,1008.8,1010.7,99.9,0,0
889,2022-10-03 19:00,24.3,214,2.4,.5,1008.9,1010.7,99.9,0,0
889,2022-10-03 20:00,23.9,231,1.2,2,1008.9,1010.8,99.9,0,0
889,2022-10-03 21:00,24,235,2.4,5,1006.9,1008.7,99.9,0,0
889,2022-10-03 22:00,24.1,226.7,2.6,2,1006.2,1008,99.9,0,0
889,2022-10-03 23:00,23.9,242.2,2.6,2.5,1007,1008.8,99.9,0,0
889,2022-10-04 00:00,23.6,229.8,2,10,1006.6,1008.5,99.9,0,0
889,2022-10-04 01:00,23.5,254.5,2.3,6,1006.5,1008.4,99.9,0,0
889,2022-10-04 02:00,22.4,251.5,1.2,7.5,1006.1,1008,99.9,0,0
889,2022-10-04 03:00,21.6,292.2,1.4,1,1006.1,1008,99.9,0,0
889,2022-10-04 04:00,20.7,249.5,1.8,0,1006.4,1008.3,99.9,0,0
889,2022-10-04 05:00,20.6,237.7,.6,0,1006.5,1008.4,99.9,0,0
889,2022-10-04 06:00,20.1,311.8,1.6,0,1007.5,1009.4,99.9,0,0
889,2022-10-04 07:00,19,280.9,1.8,0,1008.8,1010.7,99.9,0,0
889,2022-10-04 08:00,17.7,227.1,1.4,0,1009.4,1011.3,99.9,0,0
889,2022-10-04 09:00,18.2,257.4,1.5,0,1010,1011.9,95.3,0,0
889,2022-10-04 10:00,18.3,276.3,1.7,0,1010.9,1012.8,88.4,0,0
889,2022-10-04 11:00,18.5,276.8,2,0,1011.2,1013.1,87,0,0
889,2022-10-04 12:00,19.2,277.2,1.5,0,1011.1,1013,83.2,0,0
889,2022-10-04 13:00,20.4,264.4,1.8,0,1011.1,1013,78.1,0,0
889,2022-10-04 14:00,20.4,336.5,1.1,0,1011.2,1013.1,78.2,0,0
889,2022-10-04 15:00,20.1,325.7,1.5,0,1011.4,1013.3,75.4,0,0
889,2022-10-04 16:00,20,273,1.1,0,1011.6,1013.5,71.3,0,0
889,2022-10-04 17:00,19.4,343.3,1.5,0,1012.7,1014.6,73.3,0,0
889,2022-10-04 18:00,18.4,262.8,1.3,0,1013.3,1015.2,76.3,0,0
889,2022-10-04 19:00,18.2,296.3,1.2,0,1014,1015.9,72.8,0,0
889,2022-10-04 20:00,17.4,287,1.8,0,1014.8,1016.7,68.7,0,0
889,2022-10-04 21:00,16.5,265.8,1.9,0,1015.2,1017.1,66.5,0,0
889,2022-10-04 22:00,15.8,269.7,1.8,0,1015.6,1017.5,66.2,0,0
889,2022-10-04 23:00,15.4,276.7,1.5,0,1016,1017.9,66.8,0,0
889,2022-10-05 00:00,15.2,252.4,1.5,0,1016.3,1018.2,68.6,0,0
889,2022-10-05 01:00,15.1,255.7,.9,0,1016.4,1018.3,70.8,0,0
889,2022-10-05 02:00,14.7,260.9,.5,0,1016.6,1018.5,79.2,0,0
889,2022-10-05 03:00,14.6,0,.3,0,1016.4,1018.3,83.8,0,0
889,2022-10-05 04:00,14.4,189.7,.5,.5,1016.6,1018.5,91.5,0,0
889,2022-10-05 05:00,14.2,196.7,.6,0,1017,1018.9,97.1,0,0
889,2022-10-05 06:00,14.1,0,.3,0,1017.8,1019.7,98.9,0,0
889,2022-10-05 07:00,13.5,171.3,.7,0,1018.2,1020.2,99.8,0,0
889,2022-10-05 08:00,13.6,0,.4,0,1018.8,1020.8,99.9,0,0
889,2022-10-05 09:00,15.2,0,.3,0,1019.2,1021.1,99,0,0
889,2022-10-05 10:00,17.6,234.5,.8,0,1019.5,1021.4,71,0,0
889,2022-10-05 11:00,19.2,202.7,1.2,0,1019.5,1021.4,65.2,0,0
889,2022-10-05 12:00,20.2,198,1.4,0,1018.7,1020.6,65.1,0,0
889,2022-10-05 13:00,21.4,68,.9,0,1017.6,1019.5,53.1,0,0
889,2022-10-05 14:00,22,241.6,1.2,0,1016.9,1018.8,50.1,0,0
889,2022-10-05 15:00,20,230.1,.9,0,1016.3,1018.2,56.2,0,0
889,2022-10-05 16:00,21.3,257.6,1.1,0,1016,1017.9,51.6,0,0
889,2022-10-05 17:00,19.1,254.7,1.6,0,1016.5,1018.4,62.1,0,0
889,2022-10-05 18:00,18.3,264.4,1.1,0,1017.3,1019.2,64.5,0,0
889,2022-10-05 19:00,17.8,248.7,1.5,0,1018.1,1020,67.9,0,0
889,2022-10-05 20:00,17.1,244.4,.6,0,1018.9,1020.8,72.9,0,0
889,2022-10-05 21:00,15.9,0,.4,0,1018.9,1020.8,86.1,0,0
889,2022-10-05 22:00,15.2,289.9,.6,0,1018.5,1020.4,91.7,0,0
889,2022-10-05 23:00,15.3,80,.5,0,1019.1,1021,93.5,0,0
889,2022-10-06 00:00,15,0,.3,0,1019.3,1021.3,92.1,0,0
889,2022-10-06 01:00,14.7,0,.3,0,1019.1,1021,94.5,0,0
889,2022-10-06 02:00,15.3,94.3,.6,0,1018.8,1020.7,91.2,0,0
889,2022-10-06 03:00,15.3,40.1,.8,0,1019.1,1021,86.1,0,0
889,2022-10-06 04:00,14.6,0,.3,0,1019.1,1021,86,0,0
889,2022-10-06 05:00,13.6,0,.3,0,1019.2,1021.2,92,0,0
889,2022-10-06 06:00,13.7,114.8,.6,0,1019.2,1021.2,93.1,0,0
889,2022-10-06 07:00,12.2,230.7,.7,0,1019.2,1021.2,96.8,0,0
889,2022-10-06 08:00,14,120,.5,0,1019.5,1021.5,98.5,0,0
889,2022-10-06 09:00,16,33.1,1.1,0,1019.7,1021.6,85.5,0,0
889,2022-10-06 10:00,16.4,22.3,1.4,0,1019.7,1021.6,79.3,0,0
889,2022-10-06 11:00,17.8,15.6,1.3,0,1018.8,1020.7,71.5,0,0
889,2022-10-06 12:00,19.3,43.1,1,0,1018.2,1020.1,65.8,0,0
889,2022-10-06 13:00,20.3,19,1.9,0,1016.8,1018.7,63.1,0,0
889,2022-10-06 14:00,20,348.1,1,0,1016.9,1018.8,64.4,0,0
889,2022-10-06 15:00,19.9,28.6,.9,0,1015.8,1017.7,66.5,0,0
889,2022-10-06 16:00,19.2,0,.4,0,1015.8,1017.7,73.5,0,0
889,2022-10-06 17:00,18.7,299,1.3,0,1015.4,1017.3,72.2,0,0
889,2022-10-06 18:00,18,38.6,1,0,1015.7,1017.6,77,0,0
889,2022-10-06 19:00,15.5,219.8,.8,.5,1016.5,1018.4,96.8,0,0
889,2022-10-06 20:00,14.5,239.7,.8,0,1016.5,1018.4,99.9,0,0
889,2022-10-06 21:00,14.4,227.5,.5,0,1017,1018.9,99.9,0,0
889,2022-10-06 22:00,14.2,233,.6,0,1017.1,1019,99.9,0,0
889,2022-10-06 23:00,14.1,227.4,.9,0,1016.9,1018.8,99.9,0,0
889,2022-10-07 00:00,14.3,228.8,.6,0,1016.7,1018.6,99.9,0,0
889,2022-10-07 01:00,14.4,0,.2,0,1016.7,1018.6,99.9,0,0
889,2022-10-07 02:00,14.3,254.4,.7,0,1016.8,1018.7,97.8,0,0
889,2022-10-07 03:00,13.8,243.5,.9,0,1016.6,1018.5,94.5,0,0
889,2022-10-07 04:00,13.2,260,1.6,0,1016.9,1018.9,91.4,0,0
889,2022-10-07 05:00,12.1,236.2,.9,0,1017.1,1019.1,91.8,0,0
889,2022-10-07 06:00,12.4,253,1.2,0,1017.6,1019.6,89.7,0,0
889,2022-10-07 07:00,12,266.3,1.6,0,1018,1020,87.3,0,0
889,2022-10-07 08:00,12.5,274.6,1.9,0,1018.4,1020.4,84.9,0,0
889,2022-10-07 09:00,13.8,259.6,1.4,0,1018.7,1020.7,79.1,0,0
889,2022-10-07 10:00,15,258.2,2.2,0,1018.9,1020.9,73.4,0,0
889,2022-10-07 11:00,16.4,269.2,2.3,0,1018.7,1020.6,66.3,0,0
889,2022-10-07 12:00,17.6,271.6,1.8,0,1018.5,1020.4,64.7,0,0
889,2022-10-07 13:00,17.3,271.4,1.9,0,1018.1,1020,68,0,0
889,2022-10-07 14:00,17.7,272.5,1.5,0,1017.7,1019.6,65.4,0,0
889,2022-10-07 15:00,18,267.5,1.8,0,1017.5,1019.4,61.5,0,0
889,2022-10-07 16:00,19,257,1.6,0,1017.5,1019.4,56.8,0,0
889,2022-10-07 17:00,19.1,274.6,1.4,0,1017.6,1019.5,56,0,0
889,2022-10-07 18:00,17.4,262.4,1.6,0,1018.2,1020.1,54.4,0,0
889,2022-10-07 19:00,16.5,272.4,1.5,0,1019.4,1021.3,44.2,11.89,4.9
889,2022-10-07 20:00,15.1,235.7,1.1,0,1020.4,1022.4,46.3,-11.89,-4.9
889,2022-10-07 21:00,13.2,214,.5,0,1021.3,1023.3,55.5,11.89,4.9
889,2022-10-07 22:00,11.1,232.5,1.1,0,1021.5,1023.5,68.5,-11.89,-4.9
889,2022-10-07 23:00,10.6,0,.4,0,1021.9,1023.9,76,11.89,4.9
889,2022-10-08 00:00,11.5,203.9,.5,0,1022.1,1024.1,91.8,-11.89,-4.9
889,2022-10-08 01:00,11,227.8,.6,0,1022.4,1024.4,92.8,0,0
889,2022-10-08 02:00,10.7,86.2,.5,0,1022.5,1024.5,96.6,0,0
889,2022-10-08 03:00,11.6,111.3,.9,0,1022.6,1024.6,95.6,0,0
889,2022-10-08 04:00,10.2,232,.8,0,1022.5,1024.5,95.7,0,0
889,2022-10-08 05:00,10.4,0,.2,0,1022.7,1024.7,97.4,0,0
889,2022-10-08 06:00,9.7,224.6,.6,0,1023.3,1025.3,98.9,0,0
889,2022-10-08 07:00,9.4,230.6,.8,0,1023.5,1025.5,99.9,0,0
889,2022-10-08 08:00,11.3,120.9,.6,0,1023.9,1025.9,99.9,0,0
889,2022-10-08 09:00,14.5,119.9,1,0,1024.2,1026.2,84.1,0,0
889,2022-10-08 10:00,16.5,71.8,1,0,1024.2,1026.1,69,0,0
889,2022-10-08 11:00,17.9,156.4,1.1,0,1023.9,1025.8,59.6,0,0
889,2022-10-08 12:00,19.9,199.3,1.1,0,1023.2,1025.1,52.9,0,0
889,2022-10-08 13:00,20.8,39.3,1.4,0,1022.5,1024.4,48.3,0,0
889,2022-10-08 14:00,21.2,76.5,1.4,0,1021.7,1023.6,43.8,0,0
889,2022-10-08 15:00,21.8,34.6,1.3,0,1021,1022.9,45.2,0,0
889,2022-10-08 16:00,22.7,92.9,1,0,1020.8,1022.7,42.6,0,0
889,2022-10-08 17:00,20.8,110.8,.7,0,1020.3,1022.2,44.7,0,0
889,2022-10-08 18:00,17.3,149.2,.7,0,1019.9,1021.8,61.3,0,0
889,2022-10-08 19:00,14.6,224.7,.8,0,1021.1,1023,73.5,0,0
889,2022-10-08 20:00,13.6,230.2,.9,0,1021.4,1023.4,78.9,0,0
889,2022-10-08 21:00,13.2,0,.2,0,1021.9,1023.9,88.4,0,0
889,2022-10-08 22:00,12.7,232.1,.7,0,1022.2,1024.2,91.7,0,0
889,2022-10-08 23:00,14.8,44.8,.9,0,1022.3,1024.2,86.4,0,0
889,2022-10-09 00:00,16,83,1.1,0,1021.8,1023.7,68.7,0,0
889,2022-10-09 01:00,15.8,57,1.2,0,1021.6,1023.5,69.4,0,0
889,2022-10-09 02:00,15.4,88.1,1,0,1021.4,1023.4,69.5,0,0
889,2022-10-09 03:00,15.1,81.2,1.2,0,1020.9,1022.9,70.7,0,0
889,2022-10-09 04:00,14.9,92.9,1,0,1020.4,1022.3,70.9,0,0
889,2022-10-09 05:00,15,86.4,1.9,0,1019.9,1021.9,69,0,0
889,2022-10-09 06:00,15,79.5,1.6,0,1019.7,1021.7,68.7,0,0
889,2022-10-09 07:00,14.9,88.3,1.4,0,1019.2,1021.1,69.3,0,0
889,2022-10-09 08:00,15.1,94.4,.9,0,1019.2,1021.2,67.7,0,0
889,2022-10-09 09:00,13.8,0,.4,1.5,1019.1,1021.1,89.7,0,0
889,2022-10-09 10:00,13.9,0,.3,0,1018.8,1020.8,96.7,0,0
889,2022-10-09 11:00,14.1,174.4,.8,.5,1018.3,1020.2,96.7,0,0
889,2022-10-09 12:00,14.2,0,.1,1,1017.5,1019.4,97.2,0,0
889,2022-10-09 13:00,14.2,0,.4,1.5,1016.7,1018.6,97.9,0,0
889,2022-10-09 14:00,13.8,0,.2,2.5,1015.5,1017.4,99.1,0,0
889,2022-10-09 15:00,13.8,349.7,.6,2,1014.4,1016.3,99.9,0,0
889,2022-10-09 16:00,13.8,0,.3,1.5,1013.6,1015.5,99.9,0,0
889,2022-10-09 17:00,13.9,251.8,.7,1,1012.5,1014.4,99.9,0,0
889,2022-10-09 18:00,13.7,176.9,.5,1,1012,1013.9,99.9,0,0
889,2022-10-09 19:00,13,221.5,2.4,3.5,1012.4,1014.3,99.9,0,0
889,2022-10-09 20:00,11.8,259.4,2.3,1,1013,1015,94.9,0,0
889,2022-10-09 21:00,11.2,0,.2,1.5,1013,1015,98,0,0
889,2022-10-09 22:00,11,0,.3,0,1012.8,1014.8,99.4,0,0
889,2022-10-09 23:00,10.9,0,.2,0,1012.8,1014.8,99.9,0,0
889,2022-10-10 00:00,10.4,0,.4,0,1012.6,1014.6,99.9,0,0
889,2022-10-10 01:00,10.8,225.5,.9,0,1012.4,1014.4,99.9,0,0
889,2022-10-10 02:00,10.5,219.6,.8,.5,1012.2,1014.2,99.9,0,0
889,2022-10-10 03:00,10.8,253.8,1.4,0,1011.9,1013.9,99.3,0,0
889,2022-10-10 04:00,10.5,223.6,1.1,0,1011.4,1013.4,93.2,0,0
889,2022-10-10 05:00,11.4,240.2,1.6,0,1011.7,1013.7,73.5,0,0
889,2022-10-10 06:00,10.8,252.6,2,.5,1012.2,1014.2,83,0,0
889,2022-10-10 07:00,10.5,286,1.6,0,1012.6,1014.6,74.1,0,0
889,2022-10-10 08:00,10.3,279.8,2.1,0,1013.3,1015.3,72.4,0,0
889,2022-10-10 09:00,10.6,265,2.9,0,1013.8,1015.8,69.1,0,0
889,2022-10-10 10:00,11.5,271.2,2.1,0,1013.4,1015.4,64,0,0
889,2022-10-10 11:00,11.6,257.3,2.9,0,1013.2,1015.2,58.6,0,0
889,2022-10-10 12:00,11.2,241.8,2.7,0,1012.4,1014.4,68.7,0,0
889,2022-10-10 13:00,10.4,231.4,1.6,0,1011.6,1013.6,79.7,0,0
889,2022-10-10 14:00,11.8,237.5,3,0,1010.9,1012.9,68.1,0,0
889,2022-10-10 15:00,11,240.6,3.1,1,1010.4,1012.4,76.5,0,0
889,2022-10-10 16:00,9.4,231.3,1.8,1.5,1010.7,1012.7,89.3,0,0
889,2022-10-10 17:00,10.7,247.4,2.3,0,1010.6,1012.6,74.6,0,0
889,2022-10-10 18:00,10.4,253.1,2.5,0,1010.9,1012.9,67.8,0,0
889,2022-10-10 19:00,9.8,265.9,1.9,0,1011.8,1013.8,69.3,0,0
889,2022-10-10 20:00,9.1,257.3,2.1,0,1012.7,1014.7,71.2,0,0
889,2022-10-10 21:00,9.3,246.7,1.9,0,1013.3,1015.3,74.5,0,0
889,2022-10-10 22:00,9.4,248.6,2.7,0,1013.9,1015.9,75.5,0,0
889,2022-10-10 23:00,9.6,248.3,2,0,1014.7,1016.7,75,0,0
889,2022-10-11 00:00,9.6,273.9,2.4,0,1015.4,1017.4,72.6,0,0
889,2022-10-11 01:00,9.1,275,1.6,0,1015.9,1017.9,73.9,0,0
889,2022-10-11 02:00,9,244.1,.8,0,1016.4,1018.4,78.6,0,0
889,2022-10-11 03:00,9,278.7,1,0,1016.8,1018.8,79.5,0,0
889,2022-10-11 04:00,9,314.3,1.8,0,1017.3,1019.3,77.8,0,0
889,2022-10-11 05:00,9,264.8,1.9,0,1018.1,1020.1,74.7,0,0
889,2022-10-11 06:00,9,279.8,1.8,0,1019.1,1021.1,77,0,0
889,2022-10-11 07:00,8.7,290.6,1.2,0,1019.7,1021.7,79.7,0,0
889,2022-10-11 08:00,9.1,315.6,1.1,0,1020.2,1022.2,79.6,0,0
889,2022-10-11 09:00,9.9,347.3,1.5,0,1020.8,1022.8,76.1,0,0
889,2022-10-11 10:00,11.3,348.6,1,0,1021.2,1023.2,70.2,0,0
889,2022-10-11 11:00,12.7,352.1,1.7,0,1021,1023,64.1,0,0
889,2022-10-11 12:00,13.8,257.6,1.3,0,1020.7,1022.7,59.1,0,0
889,2022-10-11 13:00,15.3,338.8,1.6,0,1020.2,1022.2,55.8,0,0
889,2022-10-11 14:00,15.9,323.6,1.7,0,1019.8,1021.7,53.7,0,0
889,2022-10-11 15:00,16.6,267.3,1.4,0,1019.6,1021.5,51.7,0,0
889,2022-10-11 16:00,16.9,331.6,1.7,0,1019.7,1021.6,50.6,0,0
889,2022-10-11 17:00,16.7,297.9,1.1,0,1019.8,1021.7,49.3,0,0
889,2022-10-11 18:00,14,199.9,.6,0,1020.1,1022.1,60.7,0,0
889,2022-10-11 19:00,10.9,224.9,.7,0,1020.8,1022.8,78,0,0
889,2022-10-11 20:00,10.1,224.1,.6,0,1021.5,1023.5,82.5,0,0
889,2022-10-11 21:00,11,266.3,1,0,1022.3,1024.3,73.8,0,0
889,2022-10-11 22:00,9.3,235.5,1,0,1022.9,1024.9,80.7,0,0
889,2022-10-11 23:00,8.1,214.1,.6,0,1023.2,1025.2,89.8,0,0
889,2022-10-12 00:00,7.5,228.2,.7,0,1023.3,1025.3,92.1,0,0
889,2022-10-12 01:00,7.2,235.7,.7,0,1023.3,1025.3,95,0,0
889,2022-10-12 02:00,6.6,0,.4,0,1023.8,1025.8,95.6,0,0
889,2022-10-12 03:00,6.4,224.4,.6,0,1024,1026,97.3,0,0
889,2022-10-12 04:00,6.4,0,.4,0,1024.2,1026.2,98.6,0,0
889,2022-10-12 05:00,6,226.9,.6,0,1024.4,1026.4,99.3,0,0
889,2022-10-12 06:00,5.9,0,.1,0,1024.6,1026.6,99.9,0,0
889,2022-10-12 07:00,6,225.1,.5,0,1025.1,1027.1,99.9,0,0
889,2022-10-12 08:00,7.4,0,.3,0,1025.7,1027.7,99.9,0,0
889,2022-10-12 09:00,10.4,176.7,.5,0,1026.2,1028.2,99.9,0,0
889,2022-10-12 10:00,13.1,13.9,1.8,0,1026.3,1028.3,85.2,0,0
889,2022-10-12 11:00,15.6,18.9,1.3,0,1026,1028,66.3,0,0
889,2022-10-12 12:00,17,20,1.9,0,1025.9,1027.8,55.5,0,0
889,2022-10-12 13:00,19.1,30.3,1.5,0,1025.1,1027,52.6,0,0
889,2022-10-12 14:00,20.6,111.4,1.4,0,1024.5,1026.4,45.1,0,0
889,2022-10-12 15:00,21.4,87.8,.9,0,1024.2,1026.1,43.6,0,0
889,2022-10-12 16:00,21.4,158.3,.7,0,1024.4,1026.3,45.2,0,0
889,2022-10-12 17:00,20,221.1,.9,0,1024.2,1026.1,52.7,0,0
889,2022-10-12 18:00,14.9,232.2,.9,0,1024.4,1026.4,72,0,0
889,2022-10-12 19:00,13.4,230.9,1.2,0,1024.9,1026.9,80.2,0,0
889,2022-10-12 20:00,12.3,215.6,.6,0,1025.2,1027.2,88.9,0,0
889,2022-10-12 21:00,11.6,0,.3,0,1025.3,1027.3,92,0,0
889,2022-10-12 22:00,11.3,0,.4,0,1025.7,1027.7,95.4,0,0
889,2022-10-12 23:00,11,0,.4,0,1025.7,1027.7,97.9,0,0
889,2022-10-13 00:00,10.6,227,.6,0,1026,1028,99.4,0,0
889,2022-10-13 01:00,10.2,229.6,.5,0,1025.8,1027.8,99.9,0,0
889,2022-10-13 02:00,9.9,0,.3,0,1025.8,1027.8,99.9,0,0
889,2022-10-13 03:00,9.7,0,.3,0,1025.6,1027.6,99.9,0,0
889,2022-10-13 04:00,9.5,234.7,.8,0,1025.2,1027.2,99.9,0,0
889,2022-10-13 05:00,9.1,223.8,.7,0,1025.3,1027.3,99.9,0,0
889,2022-10-13 06:00,9.2,0,.4,0,1025.6,1027.6,99.9,0,0
889,2022-10-13 07:00,8.9,0,.4,0,1025.4,1027.4,99.9,0,0
889,2022-10-13 08:00,10.2,0,.1,0,1025.5,1027.5,99.9,0,0
889,2022-10-13 09:00,13.2,23,1.2,0,1025.8,1027.8,99.9,0,0
889,2022-10-13 10:00,16.2,20.7,1.5,0,1026,1028,90.9,0,0
889,2022-10-13 11:00,19.1,15.6,2,0,1025.4,1027.3,65.1,0,0
889,2022-10-13 12:00,21,82.8,1,0,1024.5,1026.4,53.5,0,0
889,2022-10-13 13:00,22.2,1.4,1.3,0,1023.7,1025.6,47.7,0,0
889,2022-10-13 14:00,22.1,29.1,1.2,0,1022.7,1024.6,46.5,0,0
889,2022-10-13 15:00,23.1,352.6,1.1,0,1022.2,1024.1,44.9,0,0
889,2022-10-13 16:00,24.1,43.7,.6,0,1021.3,1023.2,44.2,0,0
889,2022-10-13 17:00,20.5,228.4,.7,0,1021.2,1023.1,60.2,0,0
889,2022-10-13 18:00,16.8,224.3,.7,0,1020.8,1022.7,71.2,0,0
889,2022-10-13 19:00,14.7,236.3,.5,0,1020.9,1022.8,79,0,0
889,2022-10-13 20:00,13.5,0,.4,0,1021.1,1023.1,87,0,0
889,2022-10-13 21:00,12.9,232.5,.6,0,1021.2,1023.2,93.3,0,0
889,2022-10-13 22:00,12.5,228,.6,0,1021.1,1023.1,96,0,0
889,2022-10-13 23:00,12.1,0,.4,0,1021.1,1023.1,97.4,0,0
889,2022-10-14 00:00,11.6,233.2,.7,0,1021.1,1023.1,98.6,0,0
889,2022-10-14 01:00,11.7,0,.4,0,1020.8,1022.8,99.9,0,0
889,2022-10-14 02:00,11.2,0,.2,0,1020.7,1022.7,99.9,0,0
889,2022-10-14 03:00,11.6,0,.3,0,1020.2,1022.2,99.9,0,0
889,2022-10-14 04:00,11.7,0,.1,0,1020,1022,99.9,0,0
889,2022-10-14 05:00,11.9,0,.3,0,1020,1022,99.9,0,0
889,2022-10-14 06:00,11.7,0,.4,0,1020.1,1022.1,99.9,0,0
889,2022-10-14 07:00,12.2,225.2,.5,0,1020.3,1022.3,99.9,0,0
889,2022-10-14 08:00,13.5,0,.1,0,1019.6,1021.6,99.9,0,0
889,2022-10-14 09:00,15.2,0,.3,0,1020.7,1022.7,99.9,0,0
889,2022-10-14 10:00,16.6,20.3,1.5,0,1020.1,1022,92.1,0,0
889,2022-10-14 11:00,18.7,24.6,1.3,0,1019.6,1021.5,74.9,0,0
889,2022-10-14 12:00,20.8,356.6,.9,0,1019.2,1021.1,59.7,0,0
889,2022-10-14 13:00,21.8,34.6,.6,0,1018.1,1020,52.2,0,0
889,2022-10-14 14:00,23.2,9.8,1.2,0,1017.1,1019,49.3,0,0
889,2022-10-14 15:00,23.3,352.6,1.1,0,1017.4,1019.3,45.8,0,0
889,2022-10-14 16:00,23,315.6,1.1,0,1017.1,1019,47.7,0,0
889,2022-10-14 17:00,21.1,228.3,.8,0,1017.2,1019.1,63,0,0
889,2022-10-14 18:00,18,220.8,.7,0,1016.9,1018.8,74,0,0
889,2022-10-14 19:00,16.7,222.2,.7,0,1016.7,1018.6,80.4,0,0
889,2022-10-14 20:00,15.7,220.1,.6,0,1017,1018.9,87.3,0,0
889,2022-10-14 21:00,16.4,230.6,.7,0,1017.1,1019,86.9,0,0
889,2022-10-14 22:00,17.6,228.6,.8,0,1017.6,1019.5,79.3,0,0
889,2022-10-14 23:00,16.9,217.7,.7,0,1017.5,1019.4,86.5,0,0
889,2022-10-15 00:00,15.3,237.4,.5,0,1017.4,1019.3,92.1,0,0
889,2022-10-15 01:00,14.3,214.9,.6,0,1017.4,1019.3,95.1,0,0
889,2022-10-15 02:00,13.5,208.4,.5,0,1017.6,1019.6,97.3,0,0
889,2022-10-15 03:00,12.6,0,.2,0,1017.6,1019.6,98.8,0,0
889,2022-10-15 04:00,12.2,0,.3,0,1017.6,1019.6,99.9,0,0
889,2022-10-15 05:00,12,0,.4,0,1017.6,1019.6,99.9,0,0
889,2022-10-15 06:00,11.7,0,.4,0,1018,1020,99.9,0,0
889,2022-10-15 07:00,11.4,0,.4,0,1018.1,1020.1,99.9,0,0
889,2022-10-15 08:00,13,0,.1,0,1018.6,1020.6,99.9,0,0
889,2022-10-15 09:00,15,19.6,1,0,1018.8,1020.8,99.9,0,0
889,2022-10-15 10:00,17.9,24.2,1.3,0,1018.9,1020.8,93.7,0,0
889,2022-10-15 11:00,21,40.2,.7,0,1018.2,1020.1,69.8,0,0
889,2022-10-15 12:00,22,29.8,1.1,0,1017.7,1019.6,59.8,0,0
889,2022-10-15 13:00,23.4,352.1,1.2,0,1017,1018.9,47.5,0,0
889,2022-10-15 14:00,24.8,32.2,1.1,0,1016.4,1018.3,39.1,0,0
889,2022-10-15 15:00,25.1,13.1,.9,0,1016.3,1018.2,41.5,0,0
889,2022-10-15 16:00,23.5,0,.4,0,1016.4,1018.3,49.4,0,0
889,2022-10-15 17:00,22.3,252.8,1.3,0,1016.2,1018.1,48.6,0,0
889,2022-10-15 18:00,18.3,231.9,.5,0,1016.3,1018.2,63.9,0,0
889,2022-10-15 19:00,17.6,224.4,.7,0,1016.8,1018.7,69.7,0,0
889,2022-10-15 20:00,17.2,208.1,.6,0,1016.9,1018.8,74.2,0,0
889,2022-10-15 21:00,16.6,222.8,.5,0,1017.5,1019.4,76,0,0
889,2022-10-15 22:00,16.4,180.8,.5,0,1017.4,1019.3,78.5,0,0
889,2022-10-15 23:00,15.9,214.4,.5,0,1017.5,1019.4,80.1,0,0
889,2022-10-16 00:00,15.6,0,.2,0,1017.4,1019.3,83.9,0,0
889,2022-10-16 01:00,15.2,217.7,.5,0,1017,1018.9,89.3,0,0
889,2022-10-16 02:00,14.4,0,.2,0,1017.1,1019,93.1,0,0
889,2022-10-16 03:00,14.4,0,.3,0,1017,1018.9,95.6,0,0
889,2022-10-16 04:00,14.6,0,.3,0,1016.5,1018.4,96.4,0,0
889,2022-10-16 05:00,14.8,0,.3,0,1016.7,1018.6,97.7,0,0
889,2022-10-16 06:00,14.8,203.5,.5,0,1016.8,1018.7,98.4,0,0
889,2022-10-16 07:00,14.9,211.5,.5,0,1016.8,1018.7,99.5,0,0
889,2022-10-16 08:00,15.3,0,.2,0,1017.3,1019.2,99.9,0,0
889,2022-10-16 09:00,17.3,0,.3,0,1017.2,1019.1,99.7,0,0
889,2022-10-16 10:00,18.7,14.6,.9,0,1017.6,1019.5,85.4,0,0
889,2022-10-16 11:00,19.8,325,.6,0,1017.2,1019.1,74.2,0,0
889,2022-10-16 12:00,21.7,263.1,1,0,1016.5,1018.4,70.1,0,0
889,2022-10-16 13:00,20.6,264.7,2,0,1016.7,1018.6,71.1,0,0
889,2022-10-16 14:00,18.9,263.1,1.5,0,1016.7,1018.6,78.1,0,0
889,2022-10-16 15:00,19.1,0,.4,0,1015.8,1017.7,78.7,0,0
889,2022-10-16 16:00,20.4,189.9,.5,0,1015.5,1017.4,75.1,0,0
889,2022-10-16 17:00,19.5,0,.3,0,1015.6,1017.5,75.4,0,0
889,2022-10-16 18:00,17.5,0,.2,0,1015.6,1017.5,82.8,0,0
889,2022-10-16 19:00,16,228.6,.7,0,1016.4,1018.3,86.7,0,0
889,2022-10-16 20:00,15.9,233.1,.6,0,1016.6,1018.5,90.7,0,0
889,2022-10-16 21:00,16.3,278.9,.6,0,1016.7,1018.6,86.3,0,0
889,2022-10-16 22:00,15.5,0,.3,0,1016.8,1018.7,87,0,0
889,2022-10-16 23:00,14.4,0,.3,0,1016.6,1018.5,92.3,0,0
889,2022-10-17 00:00,14.3,0,.3,0,1016.4,1018.3,95,0,0
889,2022-10-17 01:00,15.6,299.3,1,0,1016.5,1018.4,87.6,0,0
889,2022-10-17 02:00,15.2,283.2,1.5,0,1016.9,1018.8,88,0,0
889,2022-10-17 03:00,14.5,260.9,2.3,0,1017,1018.9,70,0,0
889,2022-10-17 04:00,13.2,280.9,1.1,0,1017.1,1019.1,61.6,0,0
889,2022-10-17 05:00,12.4,293.3,1.9,0,1017.7,1019.7,56.4,0,0
889,2022-10-17 06:00,11.6,271.4,1.9,0,1018.3,1020.3,52.4,0,0
889,2022-10-17 07:00,10.5,255.7,2.6,0,1018.4,1020.4,49.1,0,0
889,2022-10-17 08:00,10.2,272,2.1,0,1019.2,1021.2,43,0,0
889,2022-10-17 09:00,10.8,250,2.6,0,1019.3,1021.3,40.9,0,0
889,2022-10-17 10:00,11.7,308.7,2.3,0,1019.2,1021.2,37.4,0,0
889,2022-10-17 11:00,12.4,279.8,2.6,0,1018.9,1020.9,33.1,0,0
889,2022-10-17 12:00,13.6,300.5,2.4,0,1018.6,1020.6,30.8,0,0
889,2022-10-17 13:00,14.3,338.7,2.4,0,1017.9,1019.8,28.9,0,0
889,2022-10-17 14:00,14.9,340.3,2.3,0,1017.4,1019.3,29.4,0,0
889,2022-10-17 15:00,15.2,280.3,2.3,0,1017.2,1019.1,28.5,0,0
889,2022-10-17 16:00,14.7,270.1,2.4,0,1017.2,1019.1,30.6,0,0
889,2022-10-17 17:00,13.5,301.1,2,0,1017.4,1019.4,36.1,0,0
889,2022-10-17 18:00,12.3,316,1.6,0,1018,1020,41,0,0
889,2022-10-17 19:00,11.4,265.9,2.6,0,1018.9,1020.9,45.5,0,0
889,2022-10-17 20:00,10.7,261,2.6,0,1019.4,1021.4,50.2,0,0
889,2022-10-17 21:00,10.3,273.5,1.5,0,1019.9,1021.9,52.1,0,0
889,2022-10-17 22:00,10.1,264.6,1.8,0,1020,1022,52.6,0,0
889,2022-10-17 23:00,9.6,292.7,1.1,0,1020.1,1022.1,56.7,0,0
889,2022-10-18 00:00,6.7,207.5,.8,0,1020.1,1022.1,71.9,0,0
889,2022-10-18 01:00,6.5,266,.5,0,1020.2,1022.2,75.8,0,0
889,2022-10-18 02:00,7.5,258.2,.8,0,1020.5,1022.5,70.2,0,0
889,2022-10-18 03:00,6.5,0,.4,0,1020.6,1022.6,70.3,0,0
889,2022-10-18 04:00,6.3,0,.4,0,1020.6,1022.6,74.3,0,0
889,2022-10-18 05:00,7.2,259.5,1.3,0,1021.1,1023.1,69.1,0,0
889,2022-10-18 06:00,7.5,252.2,1.8,0,1021.3,1023.3,62.6,0,0
889,2022-10-18 07:00,7.3,268.7,1.2,0,1021.6,1023.6,61.4,0,0
889,2022-10-18 08:00,7.6,254.3,1.4,0,1021.9,1023.9,60.7,0,0
889,2022-10-18 09:00,8.8,255.1,1.4,0,1022.5,1024.5,54.7,0,0
889,2022-10-18 10:00,9.8,280.7,2.1,0,1022.6,1024.6,46.2,0,0
889,2022-10-18 11:00,11.4,322,1.3,0,1022.5,1024.5,44,0,0
889,2022-10-18 12:00,12.1,287.8,1.5,0,1022.2,1024.2,39.9,0,0
889,2022-10-18 13:00,13.3,293.1,1.4,0,1021.5,1023.5,38.4,0,0
889,2022-10-18 14:00,13.8,334.8,1.8,0,1021,1023,36.5,0,0
889,2022-10-18 15:00,14.4,332.1,1.6,0,1020.7,1022.6,33.9,0,0
889,2022-10-18 16:00,14.5,313.2,1.5,0,1020.6,1022.5,33.2,0,0
889,2022-10-18 17:00,13.7,317.2,1.1,0,1020.5,1022.5,35.5,0,0
889,2022-10-18 18:00,12.2,314.6,.9,0,1020.7,1022.7,40.6,0,0
889,2022-10-18 19:00,9.2,196.8,.7,0,1021.2,1023.2,56.4,0,0
889,2022-10-18 20:00,8,229.3,.8,0,1021.6,1023.6,62.8,0,0
889,2022-10-18 21:00,10.1,250.3,1.1,0,1021.7,1023.7,50,0,0
889,2022-10-18 22:00,9.3,274.1,1.1,0,1022.1,1024.1,49,0,0
889,2022-10-18 23:00,8.6,235.7,1.1,0,1022.5,1024.5,52.4,0,0
889,2022-10-19 00:00,5.3,248.7,.6,0,1022.5,1024.5,67.7,0,0
889,2022-10-19 01:00,5.1,234.3,1.1,0,1022.7,1024.7,73.6,0,0
889,2022-10-19 02:00,4.6,239.9,1.1,0,1023,1025,75.7,0,0
889,2022-10-19 03:00,3.6,230.6,.7,0,1023.3,1025.3,79.6,0,0
889,2022-10-19 04:00,3.3,231.1,.7,0,1023.3,1025.3,84.2,0,0
889,2022-10-19 05:00,2.9,238.3,.6,0,1023.3,1025.3,89.5,0,0
889,2022-10-19 06:00,2.8,241.9,.6,0,1023.7,1025.7,92.3,0,0
889,2022-10-19 07:00,2.7,239.2,.7,0,1024.1,1026.2,93.8,0,0
889,2022-10-19 08:00,3.8,0,0,0,1024.7,1026.7,95.6,0,0
889,2022-10-19 09:00,7.5,0,.4,0,1025.3,1027.3,95.6,0,0
889,2022-10-19 10:00,11.3,26.2,.9,0,1025.5,1027.5,63,0,0
889,2022-10-19 11:00,13.5,253.5,1.1,0,1025.3,1027.3,40.5,0,0
889,2022-10-19 12:00,14.8,291.6,1.7,0,1025.2,1027.2,38.2,0,0
889,2022-10-19 13:00,15.9,299.1,1.3,0,1024.8,1026.8,35.1,0,0
889,2022-10-19 14:00,16.4,268.4,1.6,0,1024.1,1026,32.7,0,0
889,2022-10-19 15:00,17.1,268.1,1.6,0,1023.9,1025.8,31.1,0,0
889,2022-10-19 16:00,16.9,280.1,1.6,0,1023.7,1025.6,32.9,0,0
889,2022-10-19 17:00,16,225,.7,0,1023.8,1025.7,44.8,0,0
889,2022-10-19 18:00,11,228.5,.8,0,1024.1,1026.1,60.9,0,0
889,2022-10-19 19:00,9.3,207.3,.6,0,1024.8,1026.8,66,0,0
889,2022-10-19 20:00,8.5,237.1,.7,0,1025.3,1027.3,72.6,0,0
889,2022-10-19 21:00,8,225.3,.5,0,1025.7,1027.7,77.2,0,0
889,2022-10-19 22:00,7.4,225.8,.6,0,1025.9,1027.9,88.4,0,0
889,2022-10-19 23:00,6.6,231.7,.8,0,1026.2,1028.2,89.8,0,0
889,2022-10-20 00:00,6.5,229.3,.6,0,1026.2,1028.2,94.1,0,0
889,2022-10-20 01:00,6.1,222.2,.5,0,1026.3,1028.3,95.9,0,0
889,2022-10-20 02:00,5.9,214,.5,0,1026.6,1028.6,97.2,0,0
889,2022-10-20 03:00,5.5,0,0,0,1026.7,1028.7,98.4,0,0
889,2022-10-20 04:00,5.3,227.1,.5,0,1026.9,1028.9,99.7,0,0
889,2022-10-20 05:00,4.9,235.4,.5,0,1027.2,1029.2,99.9,0,0
889,2022-10-20 06:00,4.6,228,.5,0,1027.7,1029.7,99.9,0,0
889,2022-10-20 07:00,4.3,233.8,.5,0,1027.7,1029.7,99.9,0,0
889,2022-10-20 08:00,5.5,0,0,0,1028.2,1030.2,99.9,0,0
889,2022-10-20 09:00,8.8,110.8,.5,0,1028.3,1030.3,99.9,0,0
889,2022-10-20 10:00,12.2,24.1,1,0,1028.2,1030.2,85.2,0,0
889,2022-10-20 11:00,15.3,7.4,1.2,0,1027.6,1029.6,60.1,0,0
889,2022-10-20 12:00,16.5,230.9,1.2,0,1027,1028.9,45.9,0,0
889,2022-10-20 13:00,18.5,354.3,1.4,0,1026.4,1028.3,41.4,0,0
889,2022-10-20 14:00,19.3,359,1.7,0,1025.5,1027.4,37.4,0,0
889,2022-10-20 15:00,19.9,347.3,1.2,0,1024.8,1026.7,29.3,0,0
889,2022-10-20 16:00,19.9,289.4,1.2,0,1024.5,1026.4,32.4,0,0
889,2022-10-20 17:00,16.9,236.3,1,0,1024.6,1026.5,45.2,0,0
889,2022-10-20 18:00,12.2,233.8,.7,0,1024.4,1026.4,60.2,0,0
889,2022-10-20 19:00,11.5,0,.4,0,1024.9,1026.9,73.7,0,0
889,2022-10-20 20:00,11.5,0,.2,0,1025.2,1027.2,79.5,0,0
889,2022-10-20 21:00,11.6,0,.3,0,1025,1027,87.8,16.56,9.3
889,2022-10-20 22:00,11.1,222.9,.7,0,1025.2,1027.2,90.9,-16.56,-9.3
889,2022-10-20 23:00,10.9,208.9,.6,0,1025.2,1027.2,92.7,16.56,9.3
889,2022-10-21 00:00,9.7,222,.7,0,1024.8,1026.8,94.4,-16.56,-9.3
889,2022-10-21 01:00,9.2,226.8,.6,0,1024.6,1026.6,96.1,0,0
889,2022-10-21 02:00,9.6,0,.4,0,1024.9,1026.9,97.5,0,0
889,2022-10-21 03:00,9,230.7,.6,0,1024.7,1026.7,98.8,0,0
889,2022-10-21 04:00,8.1,215.1,.5,0,1024.3,1026.3,99.7,0,0
889,2022-10-21 05:00,7.9,224.9,.6,0,1024.1,1026.1,99.9,0,0
889,2022-10-21 06:00,7.4,216.9,.6,0,1024.2,1026.2,99.9,0,0
889,2022-10-21 07:00,7.1,222.6,.6,0,1024.3,1026.3,99.9,0,0
889,2022-10-21 08:00,7.9,0,.3,0,1024.2,1026.2,99.9,0,0
889,2022-10-21 09:00,10.7,0,.3,0,1024.5,1026.5,99.9,0,0
889,2022-10-21 10:00,13.8,17.3,1,0,1024.7,1026.7,93.9,0,0
889,2022-10-21 11:00,17.3,44.6,.7,0,1024,1025.9,67.1,0,0
889,2022-10-21 12:00,19.1,359,1.3,0,1023.4,1025.3,50.8,0,0
889,2022-10-21 13:00,19.7,267.1,.9,0,1022.5,1024.4,39.5,0,0
889,2022-10-21 14:00,20.2,253.3,1.8,0,1021.6,1023.5,33.8,0,0
889,2022-10-21 15:00,20.8,226.5,1.7,0,1021.3,1023.2,35.5,0,0
889,2022-10-21 16:00,19.1,232.1,2,0,1021.3,1023.2,35.3,0,0
889,2022-10-21 17:00,16.7,212.6,1,0,1021.5,1023.4,49.1,0,0
889,2022-10-21 18:00,13.5,0,.4,0,1021.1,1023.1,59.9,0,0
889,2022-10-21 19:00,11.5,227.7,.8,0,1021.6,1023.6,69.1,0,0
889,2022-10-21 20:00,10.7,229.7,.6,0,1021.6,1023.6,75.6,0,0
889,2022-10-21 21:00,9.7,205.7,.6,0,1021.7,1023.7,81.6,0,0
889,2022-10-21 22:00,9.3,0,.2,0,1022,1024,89.3,0,0
889,2022-10-21 23:00,9,225.2,.7,0,1022.1,1024.1,93,0,0
889,2022-10-22 00:00,9.4,0,.4,0,1021.7,1023.7,95.5,0,0
889,2022-10-22 01:00,9.1,0,.4,0,1021.2,1023.2,98.1,0,0
889,2022-10-22 02:00,9.1,0,0,0,1021.3,1023.3,99.6,0,0
889,2022-10-22 03:00,11,0,.2,0,1021.5,1023.5,99.9,0,0
889,2022-10-22 04:00,10.6,229.1,.5,0,1021.1,1023.1,99.9,0,0
889,2022-10-22 05:00,10,0,.3,0,1021.3,1023.3,99.9,0,0
889,2022-10-22 06:00,10.1,0,.3,0,1021,1023,99.9,0,0
889,2022-10-22 07:00,10.3,0,.2,0,1021.1,1023.1,99.9,0,0
889,2022-10-22 08:00,10.2,0,.1,0,1021.1,1023.1,99.9,0,0
889,2022-10-22 09:00,12.6,0,.4,0,1021.4,1023.4,99.9,0,0
889,2022-10-22 10:00,14.8,29.9,1,0,1021.5,1023.4,96.6,0,0
889,2022-10-22 11:00,17,358,1,0,1020.8,1022.7,78.3,0,0
889,2022-10-22 12:00,18.6,.9,1.2,0,1020,1021.9,61.1,0,0
889,2022-10-22 13:00,19.5,243.3,1.4,0,1018.8,1020.7,55.6,0,0
889,2022-10-22 14:00,20.3,14.4,1.5,0,1017.7,1019.6,56.2,0,0
889,2022-10-22 15:00,20.8,271.3,1.6,0,1017.4,1019.3,54,0,0
889,2022-10-22 16:00,20,259.4,1.7,0,1017.5,1019.4,58.2,0,0
889,2022-10-22 17:00,18.8,243.8,1.8,0,1017.4,1019.3,63.7,0,0
889,2022-10-22 18:00,17.2,243.3,1.7,0,1017.7,1019.6,70.6,0,0
889,2022-10-22 19:00,15.8,256.8,.5,0,1018.4,1020.3,77.6,0,0
889,2022-10-22 20:00,14.6,233.8,.6,0,1018.6,1020.5,91.1,0,0
889,2022-10-22 21:00,14.6,248.9,.6,0,1018.3,1020.2,95.8,0,0
889,2022-10-22 22:00,15.4,202.8,.5,0,1018,1019.9,95.8,0,0
889,2022-10-22 23:00,15.1,0,.1,0,1018,1019.9,96.3,0,0
889,2022-10-23 00:00,15.5,0,.4,0,1017.6,1019.5,97.5,0,0
889,2022-10-23 01:00,16.1,244.2,1.3,0,1017.3,1019.2,95.4,0,0
889,2022-10-23 02:00,15.6,279.3,1.3,0,1017.2,1019.1,92,0,0
889,2022-10-23 03:00,15,282.2,1.2,0,1017.1,1019,94.6,0,0
889,2022-10-23 04:00,14.3,260.8,1,0,1016.7,1018.6,93.7,0,0
889,2022-10-23 05:00,14,256.2,1.4,0,1016.9,1018.8,93,0,0
889,2022-10-23 06:00,13.3,264.9,1,0,1017.2,1019.2,96.5,0,0
889,2022-10-23 07:00,12.8,262.5,1.2,0,1017.6,1019.6,98.5,0,0
889,2022-10-23 08:00,13,327.1,1,0,1018,1020,97,0,0
889,2022-10-23 09:00,13.2,273.2,1.4,0,1018.5,1020.5,87.9,0,0
889,2022-10-23 10:00,14.2,285.9,1.6,0,1018.7,1020.6,82,0,0
889,2022-10-23 11:00,15.6,306.3,1.4,0,1018.3,1020.2,77.1,0,0
889,2022-10-23 12:00,16.3,250.2,1.6,0,1018,1019.9,74,0,0
889,2022-10-23 13:00,17.2,253.5,1.8,0,1017.3,1019.2,68.7,0,0
889,2022-10-23 14:00,18.1,246.7,1.8,0,1016.6,1018.5,54.1,0,0
889,2022-10-23 15:00,18.2,309.1,1.7,0,1016.3,1018.2,46.4,0,0
889,2022-10-23 16:00,18.7,270.3,2.5,0,1016.2,1018.1,32.5,0,0
889,2022-10-23 17:00,17.8,271.6,2.3,0,1016.3,1018.2,28.7,0,0
889,2022-10-23 18:00,16.2,265.3,2,0,1016.8,1018.7,33.7,0,0
889,2022-10-23 19:00,15.1,268.6,1.4,0,1017.4,1019.3,34.3,0,0
889,2022-10-23 20:00,14.3,287.4,1.3,0,1018.1,1020,38.1,0,0
889,2022-10-23 21:00,13.7,262.5,1.5,0,1018.5,1020.5,44.7,0,0
889,2022-10-23 22:00,12.9,270.9,.9,0,1018.8,1020.8,51.1,0,0
889,2022-10-23 23:00,12.1,246,1.3,0,1018.8,1020.8,55.7,0,0
889,2022-10-24 00:00,9.8,0,.4,0,1018.7,1020.7,64,0,0
889,2022-10-24 01:00,8.2,226.9,.5,0,1018.3,1020.3,74,0,0
889,2022-10-24 02:00,8.9,211.4,.7,0,1018.2,1020.2,77.9,0,0
889,2022-10-24 03:00,9.8,231.9,.9,0,1018,1020,73.6,0,0
889,2022-10-24 04:00,7.4,223.1,.9,0,1018,1020,84.5,0,0
889,2022-10-24 05:00,7.4,228.3,.9,0,1018.1,1020.1,91.7,0,0
889,2022-10-24 06:00,9.5,272.8,1.6,0,1018.6,1020.6,82.7,0,0
889,2022-10-24 07:00,8.9,253.7,1.8,0,1019,1021,79.2,0,0
889,2022-10-24 08:00,9.1,268.9,1.9,0,1019.6,1021.6,74.2,0,0
889,2022-10-24 09:00,9.9,261.9,1.9,0,1020.3,1022.3,67.6,0,0
889,2022-10-24 10:00,11,267.6,2.2,0,1020.7,1022.7,60.1,0,0
889,2022-10-24 11:00,12.2,269.7,2.6,0,1020.3,1022.3,50.4,0,0
889,2022-10-24 12:00,13.6,264,2.4,0,1020.2,1022.2,43.8,0,0
889,2022-10-24 13:00,14.1,277.1,2.5,0,1019.8,1021.8,34.7,0,0
889,2022-10-24 14:00,14.6,303.2,1.5,0,1019.2,1021.1,31.9,0,0
889,2022-10-24 15:00,15.2,288.4,1.8,0,1019.1,1021,31.2,0,0
889,2022-10-24 16:00,15,258.7,1.9,0,1019.4,1021.4,31.8,0,0
889,2022-10-24 17:00,14.1,291.9,2,0,1019.6,1021.6,32.5,0,0
889,2022-10-24 18:00,12.8,254.9,1.7,0,1020.2,1022.2,36.1,0,0
889,2022-10-24 19:00,12,253.8,1.2,0,1021,1023,38.4,0,0
889,2022-10-24 20:00,11.1,276.4,.8,0,1021.9,1023.9,40.8,0,0
889,2022-10-24 21:00,8,228.2,.8,0,1022.5,1024.5,57.5,0,0
889,2022-10-24 22:00,6.5,229.5,.7,0,1023.1,1025.1,65.1,0,0
889,2022-10-24 23:00,5.4,229.4,.8,0,1023.5,1025.5,68.2,0,0
889,2022-10-25 00:00,5,228.6,.7,0,1024.1,1026.1,70.7,0,0
889,2022-10-25 01:00,4.8,234.1,.7,0,1024.6,1026.6,73,0,0
889,2022-10-25 02:00,4.7,229.7,.9,0,1024.8,1026.8,78.8,0,0
889,2022-10-25 03:00,4.5,224.9,.7,0,1025.2,1027.2,84.6,0,0
889,2022-10-25 04:00,4.3,228.5,.9,0,1025.6,1027.6,90.5,0,0
889,2022-10-25 05:00,3.7,0,.4,0,1025.8,1027.8,91.6,0,0
889,2022-10-25 06:00,3.8,227.4,1,0,1026.4,1028.4,95,0,0
889,2022-10-25 07:00,3.1,234.6,.7,0,1026.9,1029,94.6,0,0
889,2022-10-25 08:00,4.3,0,.3,0,1027.6,1029.6,96.1,0,0
889,2022-10-25 09:00,8.1,141.1,.5,0,1028.5,1030.5,94.9,.94,.9
889,2022-10-25 10:00,12.2,14.4,1.1,0,1028.5,1030.5,56.3,1.26,.8
889,2022-10-25 11:00,14.6,94.3,1.6,0,1028.1,1030.1,47,2.95,1.9
889,2022-10-25 12:00,15.9,64,1.4,0,1027.5,1029.5,45.2,3.49,1.8
889,2022-10-25 13:00,16.1,21.2,1.4,0,1026.8,1028.8,43.6,-3.49,-1.8
889,2022-10-25 14:00,16.3,21.6,.9,0,1026.1,1028,42.2,14.86,7.5
889,2022-10-25 15:00,17.6,22.6,1.1,0,1025.7,1027.6,41,-1.53,-.8
889,2022-10-25 16:00,17.5,345.7,1.1,0,1025.7,1027.6,39.9,16.31,8.5
889,2022-10-25 17:00,16.6,342.2,.8,0,1025.7,1027.6,47.6,-.73,.2
889,2022-10-25 18:00,11.1,229.4,.7,0,1025.7,1027.7,66.5,16.4,8.8
889,2022-10-25 19:00,9.4,225.7,.7,0,1026.2,1028.2,72.4,-.73,.1
889,2022-10-25 20:00,8.6,231.1,1,0,1026.6,1028.6,76.2,16.4,8.9
889,2022-10-25 21:00,8.6,228.5,.8,0,1027,1029,79.7,-.73,.1
889,2022-10-25 22:00,7.8,232.6,.7,0,1027.4,1029.4,81.5,16.4,8.9
889,2022-10-25 23:00,7,211,.5,0,1027.5,1029.5,88.9,-.73,.1
889,2022-10-26 00:00,6.5,236.6,.7,0,1027.7,1029.7,90.7,16.4,8.9
889,2022-10-26 01:00,6.1,220.4,.6,0,1027.8,1029.8,92.4,0,0
889,2022-10-26 02:00,6.7,217,.7,0,1027.7,1029.7,93,0,0
889,2022-10-26 03:00,6.1,0,.4,0,1027.6,1029.6,92.6,0,0
889,2022-10-26 04:00,5.6,224.3,.7,0,1027.6,1029.6,94.3,0,0
889,2022-10-26 05:00,5.1,233,.5,0,1027.7,1029.7,95.6,0,0
889,2022-10-26 06:00,4.7,0,.2,0,1027.7,1029.7,97.1,0,0
889,2022-10-26 07:00,4.6,227.6,.6,0,1027.6,1029.6,98.7,0,0
889,2022-10-26 08:00,5.4,0,.1,0,1027.8,1029.8,99.6,0,0
889,2022-10-26 09:00,10.3,86,1,0,1028.1,1030.1,94.7,0,0
889,2022-10-26 10:00,13.4,116.3,.7,0,1027.9,1029.9,66,1.72,1.6
889,2022-10-26 11:00,15.8,60.6,.9,0,1027.2,1029.2,52.6,2.28,1.1
889,2022-10-26 12:00,17,16.1,1.5,0,1026.6,1028.5,49.6,4.14,2.7
889,2022-10-26 13:00,17.8,24.4,1,0,1025.9,1027.8,45.8,4.66,2.1
889,2022-10-26 14:00,18,39.8,.9,0,1025.2,1027.1,43.8,6.22,3.7
889,2022-10-26 15:00,18.2,21.1,.8,0,1024.7,1026.6,42.3,6.1,3.1
889,2022-10-26 16:00,17.9,338.7,.5,0,1024.4,1026.3,46.6,-6.1,-3.1
889,2022-10-26 17:00,15.4,209.9,.5,0,1024.5,1026.5,59.5,6.1,3.1
889,2022-10-26 18:00,12.7,200.4,.5,0,1024.4,1026.4,66.4,-6.1,-3.1
889,2022-10-26 19:00,12.5,222.3,.8,0,1024.6,1026.6,65.1,6.1,3.1
889,2022-10-26 20:00,11.6,225.1,.7,0,1024.9,1026.9,70.2,-6.1,-3.1
889,2022-10-26 21:00,11.2,231.8,.7,0,1024.8,1026.8,73.6,6.1,3.1
889,2022-10-26 22:00,10.8,233.6,1,0,1025,1027,78.1,-6.1,-3.1
889,2022-10-26 23:00,10.2,227.9,.6,0,1025.1,1027.1,79.1,6.1,3.1
889,2022-10-27 00:00,9.5,229.5,.5,0,1024.8,1026.8,80.3,-6.1,-3.1
889,2022-10-27 01:00,8.8,0,.4,0,1024.8,1026.8,83,0,0
889,2022-10-27 02:00,8,0,.4,0,1024.7,1026.7,88.8,0,0
889,2022-10-27 03:00,8.4,212.6,.5,0,1024.5,1026.5,91.7,0,0
889,2022-10-27 04:00,7.9,227.3,.5,0,1024.3,1026.3,93.6,0,0
889,2022-10-27 05:00,7.2,238.4,.6,0,1024.3,1026.3,94.9,0,0
889,2022-10-27 06:00,6.5,217.5,.5,0,1024.6,1026.6,96.9,0,0
889,2022-10-27 07:00,6.5,216.6,.5,0,1024.7,1026.7,98.6,0,0
889,2022-10-27 08:00,7.5,0,.4,0,1024.7,1026.7,99.9,0,0
889,2022-10-27 09:00,10.5,,,0,1025.1,1027.1,99.9,0,0
889,2022-10-27 10:00,14,34.6,.6,0,1025.1,1027.1,88.9,1.5,1.5
889,2022-10-27 11:00,15.5,289.7,1.6,0,1024.7,1026.7,55.6,1.81,1
889,2022-10-27 12:00,17.2,247.5,1.1,0,1024.1,1026,52.5,3.31,2.4
889,2022-10-27 13:00,18.3,310.8,1.4,0,1023.5,1025.4,50.8,-3.31,-2.4
889,2022-10-27 14:00,18.8,254.1,2.1,0,1022.8,1024.7,51.1,3.31,2.4
889,2022-10-27 15:00,18.9,332.2,1.5,0,1022.6,1024.5,53.5,8.27,4.1
889,2022-10-27 16:00,18.5,336,1.5,0,1022.6,1024.5,57.5,4.61,3.4
889,2022-10-27 17:00,17.8,288.4,1,0,1022.7,1024.6,60.8,8.96,5.1
889,2022-10-27 18:00,16.2,243,1.6,0,1023.1,1025,71.6,4.78,3.8
889,2022-10-27 19:00,14.2,237.4,.8,0,1023.6,1025.6,78.9,-4.78,-3.8
889,2022-10-27 20:00,12.5,231.9,1.8,0,1023.8,1025.8,96.4,4.78,3.8
889,2022-10-27 21:00,11.2,227.1,.7,0,1024.1,1026.1,96.5,-4.78,-3.8
889,2022-10-27 22:00,10.4,221.8,.7,0,1024.3,1026.3,98.8,4.78,3.8
889,2022-10-27 23:00,9.4,0,.3,0,1024.5,1026.5,99.7,-4.78,-3.8
889,2022-10-28 00:00,8.8,0,.4,0,1024.6,1026.6,99.9,4.78,3.8
889,2022-10-28 01:00,8.6,0,.3,0,1024.5,1026.5,99.9,0,0
889,2022-10-28 02:00,8.2,0,0,0,1024.4,1026.4,99.9,0,0
889,2022-10-28 03:00,7.6,231.5,.6,0,1024.6,1026.6,99.9,0,0
889,2022-10-28 04:00,7.1,0,.4,0,1024.4,1026.4,99.9,0,0
889,2022-10-28 05:00,6.9,225.2,.6,0,1024.3,1026.3,99.9,0,0
889,2022-10-28 06:00,6.6,230.4,.5,0,1024.9,1026.9,99.9,0,0
889,2022-10-28 07:00,6.7,0,.3,0,1025.1,1027.1,99.9,0,0
889,2022-10-28 08:00,7.6,0,.3,0,1025.4,1027.4,99.9,0,0
889,2022-10-28 09:00,11,0,0,0,1025.8,1027.8,99.9,0,0
889,2022-10-28 10:00,12.9,16.9,1.2,0,1025.9,1027.9,99.9,0,0
889,2022-10-28 11:00,16.1,12,1.3,0,1025.5,1027.5,74.5,0,0
889,2022-10-28 12:00,17.3,21.3,1,0,1025.1,1027,64.3,0,0
889,2022-10-28 13:00,19.2,68.7,1,0,1024.5,1026.4,55.9,0,0
889,2022-10-28 14:00,19.2,350.6,1.2,0,1023.6,1025.5,53.8,0,0
889,2022-10-28 15:00,19.7,333.2,.7,0,1023.2,1025.1,49.1,0,0
889,2022-10-28 16:00,18.3,0,.3,0,1022.9,1024.8,62,0,0
889,2022-10-28 17:00,16,235.1,.6,0,1022.8,1024.7,68.3,0,0
889,2022-10-28 18:00,13.2,221.7,.7,0,1023.2,1025.2,74.3,0,0
889,2022-10-28 19:00,13.2,265,.7,0,1023.8,1025.8,89.5,0,0
889,2022-10-28 20:00,12.1,231.4,.8,0,1024.1,1026.1,90,0,0
889,2022-10-28 21:00,11.1,230.5,.8,0,1024.3,1026.3,93.6,0,0
889,2022-10-28 22:00,10,226.2,.5,0,1024.7,1026.7,94.8,0,0
889,2022-10-28 23:00,9.6,221.2,.5,0,1025.1,1027.1,97.1,0,0
889,2022-10-29 00:00,9.2,0,.4,0,1025.1,1027.1,98.3,0,0
889,2022-10-29 01:00,8.6,230.3,.5,0,1025.1,1027.1,99.3,0,0
889,2022-10-29 02:00,8.2,0,.4,0,1025.3,1027.3,99.9,0,0
889,2022-10-29 03:00,8.2,226,.6,0,1025.6,1027.6,99.9,0,0
889,2022-10-29 04:00,8,230.8,.5,0,1025.5,1027.5,99.9,0,0
889,2022-10-29 05:00,7.8,235.9,.7,0,1025.6,1027.6,99.9,0,0
889,2022-10-29 06:00,7.6,0,.4,0,1025.6,1027.6,99.9,0,0
889,2022-10-29 07:00,7.4,0,.2,0,1025.8,1027.8,99.9,0,0
889,2022-10-29 08:00,8.1,0,0,0,1026.2,1028.2,99.9,0,0
889,2022-10-29 09:00,11.5,0,.4,0,1026.5,1028.5,99.9,0,0
889,2022-10-29 10:00,14,29.3,1.2,0,1026.3,1028.3,91.1,0,0
889,2022-10-29 11:00,17.1,49.5,1.1,0,1026,1027.9,67.7,0,0
889,2022-10-29 12:00,18.6,21.8,1.7,0,1025.3,1027.2,60.1,0,0
889,2022-10-29 13:00,19.3,16.3,1.7,0,1024.3,1026.2,56.1,0,0
889,2022-10-29 14:00,20.1,16.4,1.1,0,1023.6,1025.5,51.4,0,0
889,2022-10-29 15:00,20.9,16,1.2,0,1023.2,1025.1,40.6,0,0
889,2022-10-29 16:00,20.6,135.1,.5,0,1023,1024.9,43.9,13.31,7.8
889,2022-10-29 17:00,16.2,229.3,.7,0,1022.9,1024.8,62.5,.46,.6
889,2022-10-29 18:00,13.3,228.5,.6,0,1023.1,1025.1,68.3,13.34,7.8
889,2022-10-29 19:00,13,224,.9,0,1023.4,1025.4,72.2,.46,.6
889,2022-10-29 20:00,11.9,0,.3,0,1023.6,1025.6,79.8,-.46,-.6
889,2022-10-29 21:00,11.1,213.8,.7,0,1023.7,1025.7,90.7,14.26,9
889,2022-10-29 22:00,10.9,225.5,.5,0,1023.9,1025.9,93.8,-.46,-.6
889,2022-10-29 23:00,10.3,191.3,.6,0,1024.1,1026.1,95.5,14.26,9
889,2022-10-30 00:00,9.8,183.6,.5,0,1024,1026,97.1,-.46,-.6
889,2022-10-30 01:00,9.4,0,.4,0,1023.9,1025.9,98.8,0,0
889,2022-10-30 02:00,9,0,.4,0,1024.1,1026.1,99.7,0,0
889,2022-10-30 03:00,8.1,0,.4,0,1024.1,1026.1,99.8,0,0
889,2022-10-30 04:00,8.4,229.8,.6,0,1024.2,1026.2,99.9,0,0
889,2022-10-30 05:00,7.9,231.2,.6,0,1024.4,1026.4,99.9,0,0
889,2022-10-30 06:00,7.5,0,.4,0,1024.5,1026.5,99.9,0,0
889,2022-10-30 07:00,7.3,219.4,.5,0,1024.6,1026.6,99.9,0,0
889,2022-10-30 08:00,8.5,0,.3,0,1025,1027,99.9,.04,0
889,2022-10-30 09:00,11.8,0,.4,0,1025.4,1027.4,99.9,.42,.3
889,2022-10-30 10:00,14.4,57.6,.7,0,1025.1,1027.1,92,1.32,1
889,2022-10-30 11:00,17.2,81,1,0,1024.6,1026.5,64.2,2.09,1.3
889,2022-10-30 12:00,18.9,137.4,.9,0,1023.9,1025.8,60.1,3.45,2
889,2022-10-30 13:00,19.3,21.3,1.9,0,1023.2,1025.1,54,4.28,2.3
889,2022-10-30 14:00,20,26.1,1.3,0,1022.4,1024.3,51,5.61,3
889,2022-10-30 15:00,21.3,354.7,.8,0,1022.2,1024.1,41,6.09,3.3
889,2022-10-30 16:00,21.9,0,.4,0,1022.2,1024.1,42.3,6.84,4
889,2022-10-30 17:00,17.5,233.6,.8,0,1022.3,1024.2,57.5,6.69,4.2
889,2022-10-30 18:00,14,224,.5,0,1022.6,1024.6,69.4,6.9,4.1
889,2022-10-30 19:00,12.7,216.6,.8,0,1022.8,1024.8,75.8,6.69,4.2
889,2022-10-30 20:00,11.9,0,.4,0,1023,1025,80.4,6.9,4.1
889,2022-10-30 21:00,11.4,205.3,.6,0,1023.3,1025.3,89.1,6.69,4.2
889,2022-10-30 22:00,10.9,222.9,.7,0,1023.6,1025.6,93.6,6.9,4.1
889,2022-10-30 23:00,11,219.5,.6,0,1023.9,1025.9,96.9,-6.9,-4.1
889,2022-10-31 00:00,10.2,242.6,.9,0,1023.6,1025.6,97.7,6.9,4.1
889,2022-10-31 01:00,10.5,0,.3,0,1023.7,1025.7,99.1,0,0
889,2022-10-31 02:00,10.1,235.1,.5,0,1023.7,1025.7,99.4,0,0
889,2022-10-31 03:00,10.4,224.6,.6,0,1023.7,1025.7,99.9,0,0
889,2022-10-31 04:00,10.5,222.2,.6,0,1023.7,1025.7,99.9,0,0
889,2022-10-31 05:00,10.1,161.7,.6,0,1023.7,1025.7,99.4,0,0
889,2022-10-31 06:00,9.8,212.6,.5,0,1023.8,1025.8,99,0,0
889,2022-10-31 07:00,9.2,224.8,.6,0,1024,1026,99.3,0,0
889,2022-10-31 08:00,9.6,0,.4,0,1024.1,1026.1,99.9,0,0
889,2022-10-31 09:00,13.1,79.6,1.1,0,1024.2,1026.2,95.8,0,0
889,2022-10-31 10:00,15.9,105,1,0,1023.9,1025.9,68.9,0,0
889,2022-10-31 11:00,17.8,155.1,1.1,0,1023.2,1025.1,56.2,0,0
889,2022-10-31 12:00,19.4,201.3,1.7,0,1022.7,1024.6,49.6,0,0
889,2022-10-31 13:00,20.3,253.4,1.8,0,1021.8,1023.7,47.1,0,0
889,2022-10-31 14:00,20.6,305.6,.9,0,1021.3,1023.2,46.1,0,0
889,2022-10-31 15:00,20.4,256.4,1.5,0,1021,1022.9,46.4,0,0
889,2022-10-31 16:00,19.4,344.3,1.2,0,1021.2,1023.1,58.3,0,0
889,2022-10-31 17:00,18.2,268.9,1.3,0,1021.1,1023,62,0,0
889,2022-10-31 18:00,16.2,0,.3,0,1021.3,1023.2,69.3,0,0
889,2022-10-31 19:00,13.2,0,.1,0,1021.4,1023.4,77.1,0,0
889,2022-10-31 20:00,12.1,205.6,.6,0,1021.3,1023.3,89.9,0,0
889,2022-10-31 21:00,11.5,0,.3,0,1021.4,1023.4,94.1,0,0
889,2022-10-31 22:00,10.9,204.8,.5,0,1021.7,1023.7,96.3,0,0
889,2022-10-31 23:00,10.7,0,.1,0,1021.8,1023.8,98.4,0,0
889,2022-11-01 00:00,10.3,230.1,.6,0,1021.8,1023.8,99,0,0
889,2022-11-01 01:00,10.3,233.5,.6,0,1021.9,1023.9,99.9,0,0
889,2022-11-01 02:00,10.9,0,.2,0,1021.5,1023.5,99.9,0,0
889,2022-11-01 03:00,10.1,244.9,.6,0,1021.3,1023.3,99.9,0,0
889,2022-11-01 04:00,10.1,235.7,.7,0,1020.9,1022.9,99.9,0,0
889,2022-11-01 05:00,9.5,249.4,.5,0,1020.8,1022.8,99.9,0,0
889,2022-11-01 06:00,9.2,239.1,.5,0,1020.9,1022.9,99.9,0,0
889,2022-11-01 07:00,9.7,0,0,0,1021,1023,99.9,0,0
889,2022-11-01 08:00,10.4,0,.3,0,1021.5,1023.5,99.9,0,0
889,2022-11-01 09:00,12.8,0,.1,0,1022,1024,99.9,0,0
889,2022-11-01 10:00,13.8,0,0,0,1021.6,1023.6,99.9,0,0
889,2022-11-01 11:00,16.3,180,.6,0,1021,1022.9,99.9,0,0
889,2022-11-01 12:00,16.6,354.6,1,0,1020.5,1022.4,83.4,0,0
889,2022-11-01 13:00,17.9,352.6,1.6,0,1019.7,1021.6,70,0,0
889,2022-11-01 14:00,17.7,301.7,1.2,0,1019.2,1021.1,69.2,0,0
889,2022-11-01 15:00,18.1,311.7,1.1,0,1019.3,1021.2,55.9,0,0
889,2022-11-01 16:00,17.7,289.8,1.1,0,1019.3,1021.2,52.6,0,0
889,2022-11-01 17:00,16.9,319.1,1.1,0,1019.2,1021.1,51.8,0,0
889,2022-11-01 18:00,13.1,228.9,.7,0,1019.6,1021.6,65,0,0
889,2022-11-01 19:00,12.8,244.3,.9,0,1020,1022,69.7,0,0
889,2022-11-01 20:00,10.9,231.8,.8,0,1020.4,1022.4,79.3,0,0
889,2022-11-01 21:00,12.5,243.2,1.2,0,1020.2,1022.2,70.7,0,0
889,2022-11-01 22:00,11.1,238.6,.8,0,1020.2,1022.2,66.6,0,0
889,2022-11-01 23:00,8.9,223.9,.7,0,1020.5,1022.5,72.4,0,0
889,2022-11-02 00:00,6.8,231.7,.5,0,1020.5,1022.5,76.7,0,0
889,2022-11-02 01:00,5.8,226.9,.7,0,1020.5,1022.5,81.5,0,0
889,2022-11-02 02:00,5.5,220.8,.6,0,1020.7,1022.7,88.4,0,0
889,2022-11-02 03:00,5,240.7,.5,0,1020.6,1022.6,90.6,0,0
889,2022-11-02 04:00,4.4,238.7,.7,0,1020.4,1022.4,93.2,0,0
889,2022-11-02 05:00,4.1,231.9,.5,0,1020.6,1022.6,94.3,0,0
889,2022-11-02 06:00,3.6,226.9,.5,0,1020.5,1022.5,95.9,0,0
889,2022-11-02 07:00,3.4,227.9,.5,0,1020.6,1022.6,97,0,0
889,2022-11-02 08:00,3.9,234.8,.5,0,1021,1023,98.4,0,0
889,2022-11-02 09:00,7.2,0,.4,0,1021.8,1023.8,99.9,0,0
889,2022-11-02 10:00,11.7,180.5,.5,0,1021.5,1023.5,81.7,0,0
889,2022-11-02 11:00,14.4,33.1,.9,0,1021,1023,47.7,0,0
889,2022-11-02 12:00,15.4,7.2,1.3,0,1019.8,1021.7,38.7,0,0
889,2022-11-02 13:00,16.8,354,1.5,0,1018.9,1020.8,32.1,0,0
889,2022-11-02 14:00,17.2,307.7,1.3,0,1018.1,1020,24.3,0,0
889,2022-11-02 15:00,18,279.5,1.6,0,1018.1,1020,28.9,0,0
889,2022-11-02 16:00,17.2,349.9,1.2,0,1018.2,1020.1,31.4,0,0
889,2022-11-02 17:00,15.8,254.3,.8,0,1018.2,1020.1,41.5,0,0
889,2022-11-02 18:00,11.4,234.2,1.5,0,1018.6,1020.6,52.8,0,0
889,2022-11-02 19:00,11.2,173.7,.5,0,1018.9,1020.9,53.7,0,0
889,2022-11-02 20:00,8.5,225.8,.8,0,1018.9,1020.9,67,0,0
889,2022-11-02 21:00,7.6,225.9,.7,0,1018.5,1020.5,72.6,0,0
889,2022-11-02 22:00,6.9,212.8,.6,0,1018.5,1020.5,76.7,0,0
889,2022-11-02 23:00,6.6,233.4,1,0,1018.3,1020.3,81.6,0,0
889,2022-11-03 00:00,6.2,235.4,.8,0,1018.4,1020.4,89.1,0,0
889,2022-11-03 01:00,6.2,227.1,.7,0,1018,1020,92.8,0,0
889,2022-11-03 02:00,6,228.9,.6,0,1018.1,1020.1,94,0,0
889,2022-11-03 03:00,5.9,232.7,.6,0,1018,1020,95.6,0,0
889,2022-11-03 04:00,5.7,231.5,.6,0,1017.8,1019.8,96.4,0,0
889,2022-11-03 05:00,5.5,204.2,.5,0,1017.9,1019.9,96.5,0,0
889,2022-11-03 06:00,5.3,231.2,.6,0,1018.1,1020.1,97.4,0,0
889,2022-11-03 07:00,5.6,227.1,.5,0,1017.9,1019.9,98.3,0,0
889,2022-11-03 08:00,7.4,0,.4,0,1018.7,1020.7,99.8,0,0
889,2022-11-03 09:00,10,0,.3,0,1019.2,1021.2,98.8,0,0
889,2022-11-03 10:00,12.4,144.6,.6,0,1018.3,1020.3,78.5,0,0
889,2022-11-03 11:00,13.6,20.4,.9,0,1018.1,1020.1,47.9,0,0
889,2022-11-03 12:00,14,257.9,1.1,0,1017.8,1019.7,45.3,0,0
889,2022-11-03 13:00,13.9,246.9,1.7,0,1017.4,1019.3,45.8,0,0
889,2022-11-03 14:00,13.3,285.8,1.7,0,1017.7,1019.7,52.1,0,0
889,2022-11-03 15:00,12.4,276.3,1.3,0,1017.8,1019.8,54,0,0
889,2022-11-03 16:00,12.2,278.4,1.1,0,1017.8,1019.8,56.4,0,0
889,2022-11-03 17:00,12,251.6,1.8,0,1017.4,1019.4,58.4,0,0
889,2022-11-03 18:00,11.6,270.6,1.3,0,1017.5,1019.5,53.9,0,0
889,2022-11-03 19:00,11,243.5,.9,0,1017.9,1019.9,59.7,0,0
889,2022-11-03 20:00,10.4,296.3,2,0,1018.5,1020.5,58.8,0,0
889,2022-11-03 21:00,9.8,268.8,1.9,0,1019,1021,57.9,0,0
889,2022-11-03 22:00,9.1,312.4,1.2,0,1019.3,1021.3,55.4,0,0
889,2022-11-03 23:00,7.8,341.4,1.6,0,1020,1022,53,0,0
889,2022-11-04 00:00,6.8,266.2,2,0,1020.1,1022.1,45.7,0,0
889,2022-11-04 01:00,6.5,322.1,1.5,0,1020.4,1022.4,44.3,0,0
889,2022-11-04 02:00,5.9,262.9,1.9,0,1020.5,1022.5,45.6,0,0
889,2022-11-04 03:00,5.2,240.1,.9,0,1020.3,1022.3,45.9,0,0
889,2022-11-04 04:00,4.7,255.1,1.5,0,1020.5,1022.5,49.7,0,0
889,2022-11-04 05:00,3,255.8,.6,0,1020.8,1022.8,56.6,0,0
889,2022-11-04 06:00,3.9,268.5,1.7,0,1021.3,1023.3,50.7,0,0
889,2022-11-04 07:00,3.2,330.5,1.2,0,1021.7,1023.7,55.6,0,0
889,2022-11-04 08:00,3.3,323,1.9,0,1022.3,1024.3,49.2,0,0
889,2022-11-04 09:00,3.8,309.7,1.6,0,1022.9,1024.9,46.5,0,0
889,2022-11-04 10:00,4.5,297.2,1.2,0,1023.3,1025.3,46.2,0,0
889,2022-11-04 11:00,6.2,320.3,1.6,0,1023.3,1025.3,36.6,0,0
889,2022-11-04 12:00,6.8,289.6,1.6,0,1022.5,1024.5,31.4,0,0
889,2022-11-04 13:00,8.2,333.6,1.5,0,1021.9,1023.9,29.9,0,0
889,2022-11-04 14:00,8.8,337.5,2,0,1021.7,1023.7,26.9,0,0
889,2022-11-04 15:00,10,262.5,2.8,0,1021.3,1023.3,26.4,0,0
889,2022-11-04 16:00,10.2,272.3,2.4,0,1021,1023,24.4,0,0
889,2022-11-04 17:00,9.1,264.9,2.1,0,1021.3,1023.3,27.5,0,0
889,2022-11-04 18:00,8.1,270.5,1.9,0,1021.8,1023.8,29.4,0,0
889,2022-11-04 19:00,7.3,261,1.3,0,1022.5,1024.5,32.3,0,0
889,2022-11-04 20:00,6.9,262.9,2.1,0,1022.8,1024.8,34.6,0,0
889,2022-11-04 21:00,6.1,258.6,1.3,0,1023.1,1025.1,36.2,0,0
889,2022-11-04 22:00,5.4,279.5,1,0,1023.5,1025.5,38.5,0,0
889,2022-11-04 23:00,3.9,256.5,.7,0,1023.7,1025.7,45.8,0,0
889,2022-11-05 00:00,1.4,241.5,.8,0,1023.9,1026,59.2,0,0
889,2022-11-05 01:00,.1,233.7,.8,0,1023.6,1025.7,64.8,0,0
889,2022-11-05 02:00,-.3,223.3,.5,0,1023.7,1025.8,69.3,0,0
889,2022-11-05 03:00,-.5,0,.4,0,1023.6,1025.7,71.7,0,0
889,2022-11-05 04:00,-.9,223.6,.6,0,1023.4,1025.5,75,0,0
889,2022-11-05 05:00,-1,233.9,.6,0,1023.5,1025.6,76.9,0,0
889,2022-11-05 06:00,-1,218.3,.5,0,1023.8,1025.9,80,0,0
889,2022-11-05 07:00,-1.6,229.6,.5,0,1024,1026.1,81.4,0,0
889,2022-11-05 08:00,-1.1,0,.4,0,1024.7,1026.8,85.6,0,0
889,2022-11-05 09:00,2.9,0,.4,0,1025.4,1027.5,84.5,0,0
889,2022-11-05 10:00,7.5,89.9,.6,0,1025.4,1027.4,58.7,0,0
889,2022-11-05 11:00,9.7,325,1.6,0,1025.2,1027.2,37.5,0,0
889,2022-11-05 12:00,11.3,311,1.4,0,1024.6,1026.6,29.8,0,0
889,2022-11-05 13:00,12.6,303.5,1.6,0,1023.9,1025.9,25.2,0,0
889,2022-11-05 14:00,12.7,265.6,1.9,0,1023.2,1025.2,24,0,0
889,2022-11-05 15:00,13.5,313.4,1.4,0,1022.8,1024.8,28.3,0,0
889,2022-11-05 16:00,13.5,278.5,1.3,0,1022.6,1024.6,28.9,0,0
889,2022-11-05 17:00,12,248.5,1.6,0,1022.6,1024.6,35.1,0,0
889,2022-11-05 18:00,7.6,220.1,.7,0,1023,1025,50.7,0,0
889,2022-11-05 19:00,5.6,222.1,.9,0,1023.5,1025.5,61.4,0,0
889,2022-11-05 20:00,4.5,0,.4,0,1023.6,1025.6,68.2,0,0
889,2022-11-05 21:00,3.8,216.6,.6,0,1023.5,1025.5,72.6,0,0
889,2022-11-05 22:00,3.5,217,.5,0,1023.6,1025.6,78.7,0,0
889,2022-11-05 23:00,3.4,0,.3,0,1023.6,1025.6,81.6,0,0
889,2022-11-06 00:00,3,231.9,.6,0,1023.3,1025.3,86.8,0,0
889,2022-11-06 01:00,2.9,232.1,.5,0,1023.3,1025.3,90.3,0,0
889,2022-11-06 02:00,2.6,0,.3,0,1023.4,1025.5,91.4,0,0
889,2022-11-06 03:00,2.2,236,.7,0,1023.2,1025.3,93.1,0,0
889,2022-11-06 04:00,2.9,0,.3,0,1023.2,1025.2,94.7,0,0
889,2022-11-06 05:00,2.6,0,.4,0,1023.3,1025.4,94.7,0,0
889,2022-11-06 06:00,1.6,238.9,.6,0,1023.5,1025.6,95.7,0,0
889,2022-11-06 07:00,1.3,0,.4,0,1023.7,1025.8,96.9,0,0
889,2022-11-06 08:00,1.9,0,.1,0,1024.1,1026.2,98.2,0,0
889,2022-11-06 09:00,5.2,0,.2,0,1024.8,1026.8,99.9,0,0
889,2022-11-06 10:00,9.8,49.1,.8,0,1024.8,1026.8,78.5,0,0
889,2022-11-06 11:00,12.3,15.2,1.1,0,1024.4,1026.4,58.5,0,0
889,2022-11-06 12:00,14.7,36.2,.8,0,1024,1026,46.3,0,0
889,2022-11-06 13:00,15.1,349.4,1.4,0,1023,1025,39.7,0,0
889,2022-11-06 14:00,16.1,249.3,1.5,0,1022.2,1024.1,39,0,0
889,2022-11-06 15:00,16.4,288.8,1.2,0,1021.8,1023.7,36.9,0,0
889,2022-11-06 16:00,16.1,253.2,1.1,0,1021.5,1023.4,37.6,0,0
889,2022-11-06 17:00,13.3,0,.4,0,1021,1023,52.1,0,0
889,2022-11-06 18:00,9.6,226.1,.9,0,1021.3,1023.3,63.6,0,0
889,2022-11-06 19:00,8.3,228,.7,0,1021.9,1023.9,70.8,0,0
889,2022-11-06 20:00,7.4,0,.4,0,1022.2,1024.2,75.4,0,0
889,2022-11-06 21:00,6.6,228.2,.7,0,1022.5,1024.5,79.3,0,0
889,2022-11-06 22:00,6,227.6,.6,0,1023,1025,83.2,0,0
889,2022-11-06 23:00,6.5,0,.3,0,1022.8,1024.8,89.5,0,0
889,2022-11-07 00:00,6,0,.1,0,1022.7,1024.7,90.7,0,0
889,2022-11-07 01:00,5.4,0,.3,0,1022.6,1024.6,92,0,0
889,2022-11-07 02:00,4.7,236.2,.6,0,1022.6,1024.6,93.7,0,0
889,2022-11-07 03:00,4.3,0,.3,0,1022.4,1024.4,95.2,0,0
889,2022-11-07 04:00,4,227.1,.6,0,1022.2,1024.2,96.6,0,0
889,2022-11-07 05:00,3.7,0,.4,0,1022.1,1024.1,97.6,0,0
889,2022-11-07 06:00,4,0,.4,0,1022.1,1024.1,98.8,0,0
889,2022-11-07 07:00,3.8,0,.2,0,1021.9,1023.9,99.1,0,0
889,2022-11-07 08:00,4.5,0,.3,0,1022.6,1024.6,99.9,0,0
889,2022-11-07 09:00,7.5,0,.2,0,1022.9,1024.9,99.9,0,0
889,2022-11-07 10:00,11,107.5,.5,0,1022.9,1024.9,90.6,0,0
889,2022-11-07 11:00,13.3,26.4,1.1,0,1022.7,1024.7,61.6,0,0
889,2022-11-07 12:00,15.1,6.9,1.6,0,1021.7,1023.7,54.1,0,0
889,2022-11-07 13:00,15.7,21.4,1,0,1020.7,1022.6,50.8,0,0
889,2022-11-07 14:00,17.2,346.4,1.2,0,1019.9,1021.8,42.2,0,0
889,2022-11-07 15:00,17.4,247.4,1.9,0,1019.6,1021.5,43.7,0,0
889,2022-11-07 16:00,16,241.2,2.6,0,1019.9,1021.8,39.6,0,0
889,2022-11-07 17:00,14.9,242.6,1.9,0,1020.3,1022.2,47.1,0,0
889,2022-11-07 18:00,14.2,240,1.4,0,1020.7,1022.7,48.6,0,0
889,2022-11-07 19:00,11.8,0,.4,0,1021.1,1023.1,58.1,0,0
889,2022-11-07 20:00,11.5,201.1,.5,0,1021.1,1023.1,68.5,0,0
889,2022-11-07 21:00,11.3,222.2,.5,0,1021.5,1023.5,71.8,0,0
889,2022-11-07 22:00,11.3,212.1,.6,0,1021.7,1023.7,74.9,0,0
889,2022-11-07 23:00,11.3,208.9,.6,0,1021.9,1023.9,79.9,0,0
889,2022-11-08 00:00,11.1,0,0,0,1022,1024,89,0,0
889,2022-11-08 01:00,10.6,0,.3,0,1021.9,1023.9,91.6,0,0
889,2022-11-08 02:00,9.7,0,.4,0,1021.9,1023.9,94.6,0,0
889,2022-11-08 03:00,10,0,.4,0,1022,1024,96.1,0,0
889,2022-11-08 04:00,10.4,0,.1,0,1022,1024,97.3,0,0
889,2022-11-08 05:00,10.4,0,.1,0,1022.3,1024.3,97.5,0,0
889,2022-11-08 06:00,10,223.4,.5,0,1022.7,1024.7,97.7,0,0
889,2022-11-08 07:00,8.3,220.2,.5,0,1022.9,1024.9,97.1,0,0
889,2022-11-08 08:00,7.9,206.1,.5,0,1023.6,1025.6,98.3,0,0
889,2022-11-08 09:00,10.5,0,0,0,1024.3,1026.3,99.9,0,0
889,2022-11-08 10:00,13.7,17.6,1.1,0,1024.4,1026.4,84.2,0,0
889,2022-11-08 11:00,15.9,20.6,.8,0,1024.3,1026.3,68.4,0,0
889,2022-11-08 12:00,16.6,351.5,1.1,0,1023.9,1025.8,62.6,0,0
889,2022-11-08 13:00,17.2,4.7,1.1,0,1023.1,1025,52.3,0,0
889,2022-11-08 14:00,17.9,4,1.1,0,1022.5,1024.4,47.4,0,0
889,2022-11-08 15:00,17.8,347.5,1,0,1022.4,1024.3,45.1,0,0
889,2022-11-08 16:00,17.5,319.4,1.1,0,1022.3,1024.2,42.4,0,0
889,2022-11-08 17:00,15,232.1,.7,0,1022.6,1024.6,56.6,0,0
889,2022-11-08 18:00,11.6,231.1,.7,0,1022.7,1024.7,70.2,0,0
889,2022-11-08 19:00,10.3,232.6,.7,0,1023.3,1025.3,78.1,0,0
889,2022-11-08 20:00,9.3,0,.3,0,1023.4,1025.4,83.7,0,0
889,2022-11-08 21:00,8.2,235.5,.7,0,1023.4,1025.4,91.4,0,0
889,2022-11-08 22:00,7.6,235.3,.7,0,1023.7,1025.7,94.5,0,0
889,2022-11-08 23:00,7.5,228.3,.5,0,1024.1,1026.1,97.1,0,0
889,2022-11-09 00:00,7,240.5,.7,0,1024.1,1026.1,98.3,0,0
889,2022-11-09 01:00,6.8,0,.2,0,1024.2,1026.2,99.1,0,0
889,2022-11-09 02:00,6.3,0,.4,0,1024.2,1026.2,99.9,0,0
889,2022-11-09 03:00,6,0,.4,0,1024.3,1026.3,99.9,0,0
889,2022-11-09 04:00,5.8,219.9,.6,0,1024.5,1026.5,99.9,0,0
889,2022-11-09 05:00,5.7,0,.1,0,1024.6,1026.6,99.9,0,0
889,2022-11-09 06:00,5,0,.4,0,1024.8,1026.8,99.9,0,0
889,2022-11-09 07:00,5,0,.4,0,1024.8,1026.8,99.9,0,0
889,2022-11-09 08:00,6,0,.1,0,1025.4,1027.4,99.9,0,0
889,2022-11-09 09:00,9.4,0,0,0,1025.5,1027.5,99.9,0,0
889,2022-11-09 10:00,11.1,61.8,.7,0,1025.1,1027.1,99.9,0,0
889,2022-11-09 11:00,13.7,12.9,1,0,1024.8,1026.8,84.3,0,0
889,2022-11-09 12:00,15.9,64.9,.9,0,1024,1026,57.9,0,0
889,2022-11-09 13:00,16.5,230,1,0,1023.6,1025.5,54.8,0,0
889,2022-11-09 14:00,16.3,351.3,1.4,0,1022.9,1024.8,58.6,0,0
889,2022-11-09 15:00,16.2,3.6,1.3,0,1022.7,1024.6,58.6,0,0
889,2022-11-09 16:00,16.1,323.6,.9,0,1022.7,1024.6,60.6,0,0
889,2022-11-09 17:00,15,297,.7,0,1022.7,1024.7,65.4,0,0
889,2022-11-09 18:00,13.6,243,.9,0,1023,1025,71.6,0,0
889,2022-11-09 19:00,11.2,210.5,.5,0,1023.3,1025.3,81,0,0
889,2022-11-09 20:00,10,227.4,.6,0,1023.4,1025.4,89.9,0,0
889,2022-11-09 21:00,9.5,0,.4,0,1023.4,1025.4,92.8,0,0
889,2022-11-09 22:00,9.3,0,.4,0,1023.6,1025.6,94.8,0,0
889,2022-11-09 23:00,8.8,233.6,.7,0,1023.6,1025.6,96.2,0,0
889,2022-11-10 00:00,8.9,0,.2,0,1023.4,1025.4,97.3,0,0
889,2022-11-10 01:00,8.1,229.5,.5,0,1023.3,1025.3,98,0,0
889,2022-11-10 02:00,9.6,0,.1,0,1023.2,1025.2,99.8,0,0
889,2022-11-10 03:00,9.6,0,.2,0,1023.1,1025.1,99.6,0,0
889,2022-11-10 04:00,7.8,0,.4,0,1022.7,1024.7,99.8,0,0
889,2022-11-10 05:00,7.1,0,.3,0,1022.7,1024.7,99.9,0,0
889,2022-11-10 06:00,6.6,0,.4,0,1023.1,1025.1,99.9,0,0
889,2022-11-10 07:00,6.6,0,0,0,1023.3,1025.3,99.9,0,0
889,2022-11-10 08:00,7.1,0,.3,0,1023.8,1025.8,99.9,0,0
889,2022-11-10 09:00,9.8,0,.1,0,1024.3,1026.3,99.9,0,0
889,2022-11-10 10:00,13.1,0,.2,0,1024.3,1026.3,99.9,0,0
889,2022-11-10 11:00,15.4,7.8,.9,0,1024,1026,81.5,0,0
889,2022-11-10 12:00,16.9,8.6,1.2,0,1023.6,1025.5,65.3,0,0
889,2022-11-10 13:00,18.3,139.6,.7,0,1022.6,1024.5,60,0,0
889,2022-11-10 14:00,18.7,138.4,.8,0,1022.1,1024,56.4,0,0
889,2022-11-10 15:00,19.3,194.5,.5,0,1021.6,1023.5,55.5,0,0
889,2022-11-10 16:00,18.7,269,1.1,0,1021.7,1023.6,55.3,0,0
889,2022-11-10 17:00,16.3,236.8,.6,0,1022.3,1024.2,66.3,0,0
889,2022-11-10 18:00,13.1,229.4,.9,0,1022.7,1024.7,76.9,0,0
889,2022-11-10 19:00,11.9,213.6,.5,0,1023.2,1025.2,86.3,0,0
889,2022-11-10 20:00,11.2,232.7,.6,0,1023.6,1025.6,91.3,0,0
889,2022-11-10 21:00,10.5,231,.6,0,1023.8,1025.8,94.3,0,0
889,2022-11-10 22:00,10.1,0,.3,0,1023.9,1025.9,96.4,0,0
889,2022-11-10 23:00,9.6,234.2,.5,0,1024.3,1026.3,97.5,0,0
889,2022-11-11 00:00,9.3,226.3,.5,0,1024.4,1026.4,98.7,0,0
889,2022-11-11 01:00,8.8,228.1,.6,0,1024.2,1026.2,99.6,0,0
889,2022-11-11 02:00,8.3,234.1,.6,0,1024.3,1026.3,99.9,0,0
889,2022-11-11 03:00,8.1,0,.2,0,1024.3,1026.3,99.9,0,0
889,2022-11-11 04:00,7.7,227.3,.6,0,1024.3,1026.3,99.9,0,0
889,2022-11-11 05:00,7.5,213.9,.5,0,1024.2,1026.2,99.9,0,0
889,2022-11-11 06:00,7.2,233.2,.5,0,1024.4,1026.4,99.9,0,0
889,2022-11-11 07:00,6.9,233.8,.5,0,1024.6,1026.6,99.9,0,0
889,2022-11-11 08:00,7.9,0,.3,0,1025,1027,99.9,0,0
889,2022-11-11 09:00,10.5,0,.2,0,1025.5,1027.5,99.9,0,0
889,2022-11-11 10:00,14.7,21.7,.8,0,1025.5,1027.5,94.8,0,0
889,2022-11-11 11:00,18.2,81.8,1.2,0,1024.9,1026.8,60.5,0,0
889,2022-11-11 12:00,19.8,64.5,1.2,0,1024.1,1026,50.6,0,0
889,2022-11-11 13:00,21.7,102.4,.9,0,1023.2,1025.1,45.5,0,0
889,2022-11-11 14:00,21.5,250.9,1.5,0,1022.3,1024.2,45,0,0
889,2022-11-11 15:00,22,31.3,.9,0,1022.1,1024,43.2,0,0
889,2022-11-11 16:00,22.7,0,.4,0,1022.2,1024.1,41.7,0,0
889,2022-11-11 17:00,18.4,0,.4,0,1022.2,1024.1,55.8,0,0
889,2022-11-11 18:00,14.5,233,.6,0,1022.4,1024.4,66.7,0,0
889,2022-11-11 19:00,13.5,225.4,.7,0,1022.8,1024.8,72.2,0,0
889,2022-11-11 20:00,12.2,219.9,.7,0,1022.6,1024.6,77.1,0,0
889,2022-11-11 21:00,11.6,204.4,.5,0,1022.5,1024.5,79.6,0,0
889,2022-11-11 22:00,10.6,0,.3,0,1022.4,1024.4,84.8,0,0
889,2022-11-11 23:00,10,206.8,.7,0,1022.5,1024.5,89.7,0,0
889,2022-11-12 00:00,9.7,209.6,.5,0,1022.2,1024.2,92.3,0,0
889,2022-11-12 01:00,9.3,210.9,.5,0,1021.7,1023.7,94,0,0
889,2022-11-12 02:00,9.1,0,.3,0,1021.4,1023.4,96,0,0
889,2022-11-12 03:00,9,216.7,.5,0,1020.8,1022.8,97.1,0,0
889,2022-11-12 04:00,8.9,216.6,.5,0,1020.4,1022.4,98.2,0,0
889,2022-11-12 05:00,8.7,215.2,.5,0,1019.9,1021.9,99.1,0,0
889,2022-11-12 06:00,9.3,0,.4,0,1019.5,1021.5,99.9,0,0
889,2022-11-12 07:00,10.7,0,.4,0,1019.1,1021.1,99.9,0,0
889,2022-11-12 08:00,12.7,0,.4,0,1019.3,1021.3,97.7,0,0
889,2022-11-12 09:00,13.5,0,.4,0,1018.7,1020.7,96.1,0,0
889,2022-11-12 10:00,16.5,21.8,.9,0,1018,1019.9,76.1,0,0
889,2022-11-12 11:00,19.3,41.5,1.3,0,1017.1,1019,58.9,0,0
889,2022-11-12 12:00,19.9,31.9,1.1,0,1015.7,1017.6,56.9,0,0
889,2022-11-12 13:00,22.2,311.7,.6,0,1013.8,1015.7,53.8,0,0
889,2022-11-12 14:00,21.8,318,1,0,1012.4,1014.3,56.7,0,0
889,2022-11-12 15:00,18,235.1,1.1,2,1012.4,1014.3,94.3,0,0
889,2022-11-12 16:00,17.4,0,.3,.5,1011.3,1013.2,98.1,0,0
889,2022-11-12 17:00,17.2,101.3,1.1,.5,1010.3,1012.2,99.9,0,0
889,2022-11-12 18:00,16.8,52.7,.5,2,1009.6,1011.5,99.9,0,0
889,2022-11-12 19:00,18.2,16.2,.9,0,1008.6,1010.5,99.9,0,0
889,2022-11-12 20:00,19.3,227,1.8,2,1008.3,1010.2,96.2,0,0
889,2022-11-12 21:00,18.5,272.7,.9,9.5,1008.2,1010.1,99.9,0,0
889,2022-11-12 22:00,18.3,239.2,1.2,15,1007.7,1009.6,99.9,0,0
889,2022-11-12 23:00,18.6,237.7,3.2,2,1007.1,1009,99.9,0,0
889,2022-11-13 00:00,17.9,232.8,2.6,0,1006.7,1008.6,99.9,0,0
889,2022-11-13 01:00,16.8,256.4,2.4,0,1006.9,1008.8,99.9,0,0
889,2022-11-13 02:00,14.7,263.5,2.1,0,1008.1,1010,99.6,0,0
889,2022-11-13 03:00,13,244.6,3.1,0,1008.4,1010.3,95.2,0,0
889,2022-11-13 04:00,11.3,240.4,3.9,0,1009.3,1011.3,94.8,0,0
889,2022-11-13 05:00,11,256.3,2.7,0,1009.6,1011.6,92.2,0,0
889,2022-11-13 06:00,10.6,236.9,2.1,0,1010.4,1012.4,93.1,0,0
889,2022-11-13 07:00,10.6,262.2,1.8,0,1011.2,1013.2,91.1,0,0
889,2022-11-13 08:00,10.5,269.1,1.4,0,1012,1014,92,0,0
889,2022-11-13 09:00,10.6,284.2,1.3,0,1012.6,1014.6,91.5,0,0
889,2022-11-13 10:00,10.6,258.1,1.8,0,1012.9,1014.9,87.9,0,0
889,2022-11-13 11:00,10.8,285.4,1.5,0,1013.5,1015.5,82.9,0,0
889,2022-11-13 12:00,10.7,261.7,1.5,0,1014.1,1016.1,77.2,0,0
889,2022-11-13 13:00,11.4,263.5,1.2,0,1014.3,1016.3,76.4,0,0
889,2022-11-13 14:00,11.2,319.9,1.5,0,1014.8,1016.8,71.1,0,0
889,2022-11-13 15:00,12.1,315,.9,0,1014.1,1016.1,70.4,0,0
889,2022-11-13 16:00,11.9,24.5,1.4,0,1014.7,1016.7,77.4,0,0
889,2022-11-13 17:00,11.9,0,.3,0,1016.2,1018.2,80,0,0
889,2022-11-13 18:00,11.4,0,.1,0,1016.6,1018.6,84,0,0
889,2022-11-13 19:00,11.3,0,.3,0,1017.4,1019.4,87.3,0,0
889,2022-11-13 20:00,10.4,179.4,.5,0,1017.7,1019.7,90.8,0,0
889,2022-11-13 21:00,9.9,205.6,.7,0,1018,1020,92.5,0,0
889,2022-11-13 22:00,9,212.5,.5,0,1018,1020,96.5,0,0
889,2022-11-13 23:00,8.6,0,.3,0,1018.3,1020.3,98.3,0,0
889,2022-11-14 00:00,7.9,226.7,.6,0,1018.3,1020.3,99.3,0,0
889,2022-11-14 01:00,7.4,0,.3,0,1018.3,1020.3,99.9,0,0
889,2022-11-14 02:00,8.5,0,0,0,1018.6,1020.6,99.9,0,0
889,2022-11-14 03:00,9,234.6,.6,0,1018.6,1020.6,99.9,0,0
889,2022-11-14 04:00,9.4,0,0,0,1018.4,1020.4,99.9,0,0
889,2022-11-14 05:00,9.7,0,0,0,1018.1,1020.1,99.9,0,0
889,2022-11-14 06:00,9.8,0,0,0,1017.4,1019.4,99.9,0,0
889,2022-11-14 07:00,10,0,0,0,1017.3,1019.3,99.9,0,0
889,2022-11-14 08:00,10.3,0,0,0,1017.5,1019.5,99.9,0,0
889,2022-11-14 09:00,11.4,0,0,0,1017.8,1019.8,99.9,0,0
889,2022-11-14 10:00,12.1,260.6,.7,0,1017.2,1019.2,97.9,0,0
889,2022-11-14 11:00,13.4,222.3,1.6,0,1016.8,1018.8,80.1,0,0
889,2022-11-14 12:00,13.8,234.2,2.3,0,1016,1017.9,77.1,0,0
889,2022-11-14 13:00,14.7,224.2,3.1,0,1015.6,1017.5,60.6,0,0
889,2022-11-14 14:00,14,242.7,3.3,0,1015.1,1017,55.4,0,0
889,2022-11-14 15:00,13.4,245.2,2.8,0,1015,1016.9,47.3,0,0
889,2022-11-14 16:00,12.7,265,1.8,0,1014.9,1016.9,43.5,0,0
889,2022-11-14 17:00,11.1,247,2,0,1015,1017,50.2,0,0
889,2022-11-14 18:00,9.1,224.8,1.4,0,1015.4,1017.4,63.4,0,0
889,2022-11-14 19:00,9.5,243.9,1.1,0,1015.9,1017.9,58.6,0,0
889,2022-11-14 20:00,7,228.9,.9,0,1015.5,1017.5,72.5,0,0
889,2022-11-14 21:00,5.9,229.8,.8,0,1015.7,1017.7,80.2,0,0
889,2022-11-14 22:00,8.8,326.8,1.5,0,1016.6,1018.6,66.6,0,0
889,2022-11-14 23:00,7.9,271.6,1.5,0,1016.8,1018.8,58.4,0,0
889,2022-11-15 00:00,5,235.4,.8,0,1016.5,1018.5,70.1,0,0
889,2022-11-15 01:00,3.2,224.2,.6,0,1016.3,1018.3,77,0,0
889,2022-11-15 02:00,3.4,222.9,.6,0,1016,1018,81.9,0,0
889,2022-11-15 03:00,3.8,0,.4,0,1016.2,1018.2,88.2,0,0
889,2022-11-15 04:00,4.1,217.9,.5,0,1016.1,1018.1,90.7,0,0
889,2022-11-15 05:00,3.6,0,.3,0,1015.8,1017.8,90.7,0,0
889,2022-11-15 06:00,2.8,217.3,.5,0,1015.9,1017.9,92.6,0,0
889,2022-11-15 07:00,2.5,229.9,.5,0,1015.6,1017.6,93.5,0,0
889,2022-11-15 08:00,3,0,.3,0,1016,1018,94.8,0,0
889,2022-11-15 09:00,6.3,211.1,.5,0,1016.1,1018.1,96.6,0,0
889,2022-11-15 10:00,8.9,45.9,.6,0,1016.1,1018.1,79.9,0,0
889,2022-11-15 11:00,11.6,179.9,.8,0,1016.2,1018.2,67,0,0
889,2022-11-15 12:00,12.7,247.2,1.4,0,1015.3,1017.3,63.1,0,0
889,2022-11-15 13:00,12.5,252.8,1.4,0,1014.3,1016.3,64.9,0,0
889,2022-11-15 14:00,11.7,209.5,2.4,0,1014.3,1016.3,79.6,0,0
889,2022-11-15 15:00,12.1,238.8,1.5,0,1014.1,1016.1,76.6,0,0
889,2022-11-15 16:00,12.4,233.3,.9,0,1014.2,1016.2,71,0,0
889,2022-11-15 17:00,12.5,248.8,2,0,1014.5,1016.5,61.1,0,0
889,2022-11-15 18:00,11.1,244,1,0,1014.8,1016.8,66.3,0,0
889,2022-11-15 19:00,8.2,226.1,.6,0,1015.2,1017.2,80.8,0,0
889,2022-11-15 20:00,7.8,214.2,.5,0,1015.3,1017.3,89.3,0,0
889,2022-11-15 21:00,7.8,179.4,.8,1.5,1016,1018,95.1,0,0
889,2022-11-15 22:00,7.2,0,.4,.5,1016,1018,97.1,0,0
889,2022-11-15 23:00,6.5,0,.4,0,1016,1018,98.8,0,0
889,2022-11-16 00:00,6.6,224.2,.7,0,1015.6,1017.6,99.9,0,0
889,2022-11-16 01:00,6.1,231.6,.7,0,1015.6,1017.6,99.9,0,0
889,2022-11-16 02:00,5,237,.6,0,1015.9,1017.9,99.9,0,0
889,2022-11-16 03:00,4.9,209.2,.5,0,1016.3,1018.3,99.9,0,0
889,2022-11-16 04:00,4.7,191.3,.5,0,1016.3,1018.3,99.9,0,0
889,2022-11-16 05:00,4.2,0,.4,0,1016.5,1018.5,99.9,0,0
889,2022-11-16 06:00,3.8,0,.3,0,1016.9,1018.9,99.9,0,0
889,2022-11-16 07:00,3.5,182.8,.5,0,1017.3,1019.3,99.9,0,0
889,2022-11-16 08:00,4,229.1,.6,0,1018.2,1020.2,99.9,0,0
889,2022-11-16 09:00,6.5,0,0,0,1018.9,1020.9,99.9,0,0
889,2022-11-16 10:00,9.2,0,.2,0,1019.5,1021.5,99.9,0,0
889,2022-11-16 11:00,10.2,319.2,1,0,1019.9,1021.9,96.3,0,0
889,2022-11-16 12:00,12.3,315.5,1.2,0,1019.4,1021.4,55.3,0,0
889,2022-11-16 13:00,13.2,359.5,1.8,0,1019.2,1021.2,43.7,3.45,.8
889,2022-11-16 14:00,13.5,247.9,2.2,0,1018.9,1020.9,38.6,-3.45,-.8
889,2022-11-16 15:00,14.2,354.4,1.2,0,1018.6,1020.5,37.4,3.45,.8
889,2022-11-16 16:00,13.6,287.6,1.5,0,1018.6,1020.6,41.1,-3.45,-.8
889,2022-11-16 17:00,10.8,236.6,.9,0,1018.6,1020.6,56.3,3.45,.8
889,2022-11-16 18:00,7.9,226.2,1.2,0,1019.7,1021.7,67.4,-3.45,-.8
889,2022-11-16 19:00,7.2,221,.9,0,1020.2,1022.2,66.4,3.45,.8
889,2022-11-16 20:00,6.3,208.7,.5,0,1020.5,1022.5,71.9,-3.45,-.8
889,2022-11-16 21:00,6,213.3,.5,0,1020.7,1022.7,76.9,3.45,.8
889,2022-11-16 22:00,5.7,0,.4,0,1020.9,1022.9,79.3,-3.45,-.8
889,2022-11-16 23:00,5.2,233.1,.6,0,1020.8,1022.8,84,3.45,.8
889,2022-11-17 00:00,5.1,229.5,.7,0,1020.8,1022.8,91.3,-3.45,-.8
889,2022-11-17 01:00,4.9,0,.4,0,1020.9,1022.9,93.1,0,0
889,2022-11-17 02:00,5.2,228.2,.6,0,1020.9,1022.9,94.5,0,0
889,2022-11-17 03:00,5.3,0,.3,0,1021.2,1023.2,95.1,0,0
889,2022-11-17 04:00,5.3,237.3,.6,0,1021.4,1023.4,95.4,0,0
889,2022-11-17 05:00,5.2,0,.3,0,1021.7,1023.7,95.7,0,0
889,2022-11-17 06:00,4.2,231.5,.6,0,1021.5,1023.5,95.7,0,0
889,2022-11-17 07:00,3.5,233.8,.7,0,1021.7,1023.7,96.8,0,0
889,2022-11-17 08:00,3.8,0,.3,0,1022.2,1024.2,98.1,0,0
889,2022-11-17 09:00,6,0,.2,0,1022.9,1024.9,99.9,0,0
889,2022-11-17 10:00,10.6,21.2,.9,0,1023.2,1025.2,85.9,0,0
889,2022-11-17 11:00,12.7,32.5,.9,0,1023,1025,64.2,0,0
889,2022-11-17 12:00,14.1,23.5,1,0,1022.4,1024.4,56,0,0
889,2022-11-17 13:00,15.6,55.6,.6,0,1021.7,1023.6,51.6,0,0
889,2022-11-17 14:00,16.1,262.1,1.1,0,1021.4,1023.3,45.4,0,0
889,2022-11-17 15:00,16.6,1.6,1,0,1021.3,1023.2,44.5,0,0
889,2022-11-17 16:00,16.3,317.8,.7,0,1021.5,1023.4,46.1,0,0
889,2022-11-17 17:00,12.7,229.2,.6,0,1022,1024,61.9,0,0
889,2022-11-17 18:00,10,228.5,.8,0,1022.4,1024.4,72.4,0,0
889,2022-11-17 19:00,8.5,235,.8,0,1022.9,1024.9,77.1,0,0
889,2022-11-17 20:00,7.6,232.2,.8,0,1023.5,1025.5,81.8,0,0
889,2022-11-17 21:00,7,231.9,.6,0,1023.9,1025.9,89.8,0,0
889,2022-11-17 22:00,6.7,230.6,.5,0,1024.1,1026.1,94,0,0
889,2022-11-17 23:00,6.2,231.5,.6,0,1024,1026,95.9,0,0
889,2022-11-18 00:00,5.5,234.1,.8,0,1024.1,1026.1,97.5,0,0
889,2022-11-18 01:00,5.5,233,.7,0,1024.2,1026.2,99,0,0
889,2022-11-18 02:00,4.6,222.5,.7,0,1024.4,1026.4,99.4,0,0
889,2022-11-18 03:00,4.5,0,.3,0,1025,1027,99.9,0,0
889,2022-11-18 04:00,4.1,231.1,.6,0,1025,1027,99.9,0,0
889,2022-11-18 05:00,3.8,229.9,.7,0,1025.3,1027.3,99.9,0,0
889,2022-11-18 06:00,3.5,230.6,.5,0,1025.5,1027.5,99.9,0,0
889,2022-11-18 07:00,3.4,0,.4,0,1025.8,1027.8,99.9,0,0
889,2022-11-18 08:00,3.4,0,.3,0,1026.2,1028.2,99.9,0,0
889,2022-11-18 09:00,5.8,0,.2,0,1026.3,1028.3,99.9,0,0
889,2022-11-18 10:00,9.8,20.9,1,0,1026.3,1028.3,99.9,0,0
889,2022-11-18 11:00,12.5,7,1.3,0,1026.1,1028.1,78.8,0,0
889,2022-11-18 12:00,15.2,36.5,.8,0,1025.3,1027.3,57.2,0,0
889,2022-11-18 13:00,16.8,67.2,.8,0,1024.5,1026.4,43.1,0,0
889,2022-11-18 14:00,17.2,229.2,.8,0,1023.7,1025.6,41.3,0,0
889,2022-11-18 15:00,18.4,222.2,.7,0,1023.2,1025.1,39.7,0,0
889,2022-11-18 16:00,18.5,328.4,.5,0,1023.2,1025.1,39.3,0,0
889,2022-11-18 17:00,13.2,0,.4,0,1023,1025,58.6,0,0
889,2022-11-18 18:00,10.3,220.1,.8,0,1023.4,1025.4,67.6,0,0
889,2022-11-18 19:00,9.1,226.8,.6,0,1023.6,1025.6,73.3,0,0
889,2022-11-18 20:00,8.8,232.4,.6,0,1024.2,1026.2,80.9,0,0
889,2022-11-18 21:00,8.1,236.9,.6,0,1024.3,1026.3,88.7,0,0
889,2022-11-18 22:00,7.3,234.4,.7,0,1024.1,1026.1,93.2,0,0
889,2022-11-18 23:00,7.1,217.2,.5,0,1024,1026,95.7,0,0
889,2022-11-19 00:00,6.5,212.2,.5,0,1024.1,1026.1,97.4,0,0
889,2022-11-19 01:00,5.7,225.9,.7,0,1023.7,1025.7,97.9,0,0
889,2022-11-19 02:00,5.3,242.1,.8,0,1023.5,1025.5,98.8,0,0
889,2022-11-19 03:00,5.3,238.6,.5,0,1023.7,1025.7,99.6,0,0
889,2022-11-19 04:00,4.6,0,.4,0,1023.3,1025.3,99.8,0,0
889,2022-11-19 05:00,4.6,234.3,1,0,1023.2,1025.2,99.9,0,0
889,2022-11-19 06:00,4.2,229.8,.6,0,1022.9,1024.9,99.9,0,0
889,2022-11-19 07:00,4.4,237.4,.6,0,1022.9,1024.9,99.9,0,0
889,2022-11-19 08:00,4.9,226.6,.7,0,1023.3,1025.3,99.9,0,0
889,2022-11-19 09:00,7.8,0,.4,0,1023.7,1025.7,99.9,0,0
889,2022-11-19 10:00,13.4,48.3,.7,0,1023.6,1025.6,78.8,0,0
889,2022-11-19 11:00,15.8,40.3,1.5,0,1022.8,1024.7,51.2,0,0
889,2022-11-19 12:00,17.2,66.7,1.7,0,1021.5,1023.4,46,0,0
889,2022-11-19 13:00,18.2,53.9,1.5,0,1020.3,1022.2,43.1,0,0
889,2022-11-19 14:00,18.9,56.6,1.2,0,1019.1,1021,40.3,0,0
889,2022-11-19 15:00,19.2,8.4,1,0,1018.7,1020.6,35.9,0,0
889,2022-11-19 16:00,19.2,239.2,.7,0,1018.5,1020.4,36.4,0,0
889,2022-11-19 17:00,15,230.4,.7,0,1018.5,1020.5,51.9,0,0
889,2022-11-19 18:00,11.5,234,.7,0,1019,1021,64,0,0
889,2022-11-19 19:00,11.7,228,.5,0,1019.2,1021.2,69.2,0,0
889,2022-11-19 20:00,10.6,222,.8,0,1019.2,1021.2,71.5,0,0
889,2022-11-19 21:00,9,230.8,.7,0,1019.5,1021.5,74.9,0,0
889,2022-11-19 22:00,8.3,231.9,.7,0,1019.5,1021.5,79,0,0
889,2022-11-19 23:00,7.9,232.5,.7,0,1019.4,1021.4,84,0,0
889,2022-11-20 00:00,7.7,232.6,.7,0,1019.2,1021.2,90.2,0,0
889,2022-11-20 01:00,9,232.5,.7,0,1019.3,1021.3,91.7,0,0
889,2022-11-20 02:00,9.6,225.8,.5,0,1019.2,1021.2,91.5,0,0
889,2022-11-20 03:00,9.5,227.2,.7,0,1019.2,1021.2,91.1,0,0
889,2022-11-20 04:00,9.4,0,.4,0,1018.8,1020.8,91.3,0,0
889,2022-11-20 05:00,9.4,0,.1,0,1018.9,1020.9,91.8,0,0
889,2022-11-20 06:00,9.1,0,.2,0,1018.7,1020.7,91.9,0,0
889,2022-11-20 07:00,7.4,0,.4,0,1018.6,1020.6,92.7,0,0
889,2022-11-20 08:00,6.9,0,.4,0,1018.9,1020.9,95.2,0,0
889,2022-11-20 09:00,9,0,.1,0,1019.4,1021.4,96.9,0,0
889,2022-11-20 10:00,14.3,26.2,1.2,0,1019.4,1021.3,74.6,0,0
889,2022-11-20 11:00,16.1,21.3,1.9,0,1019,1020.9,60.4,0,0
889,2022-11-20 12:00,17.5,36.5,.8,0,1018.3,1020.2,56.7,0,0
889,2022-11-20 13:00,19.6,103.6,.7,0,1017.4,1019.3,50.4,0,0
889,2022-11-20 14:00,20,22.8,.8,0,1017,1018.9,37.6,0,0
889,2022-11-20 15:00,20.1,336.5,1,0,1016.9,1018.8,40.1,0,0
889,2022-11-20 16:00,19.6,340,.8,0,1017.1,1019,41.4,0,0
889,2022-11-20 17:00,16.2,234.6,.7,0,1017.4,1019.3,49.5,0,0
889,2022-11-20 18:00,13.4,231.5,.8,0,1017.4,1019.4,62,0,0
889,2022-11-20 19:00,11.2,236.5,.7,0,1017.8,1019.8,70.8,0,0
889,2022-11-20 20:00,10.1,239.3,.7,0,1018.1,1020.1,76.9,0,0
889,2022-11-20 21:00,9.5,240,.5,0,1018,1020,79.9,0,0
889,2022-11-20 22:00,8.5,236.6,.6,0,1018.4,1020.4,84.8,0,0
889,2022-11-20 23:00,8,224,.7,0,1018.8,1020.8,90.1,0,0
889,2022-11-21 00:00,8,0,.2,0,1019.3,1021.3,92.9,0,0
889,2022-11-21 01:00,7.3,261.3,.5,0,1019.4,1021.4,94,0,0
889,2022-11-21 02:00,7,249.8,.6,0,1019.1,1021.1,95.7,0,0
889,2022-11-21 03:00,6.9,237.5,1,0,1019.2,1021.2,97.9,0,0
889,2022-11-21 04:00,7.2,232.3,.5,0,1018.7,1020.7,98.8,0,0
889,2022-11-21 05:00,7.4,232.7,.6,0,1019.1,1021.1,99.3,0,0
889,2022-11-21 06:00,7.7,0,.4,0,1019.5,1021.5,99.6,0,0
889,2022-11-21 07:00,6.6,234.8,.5,0,1019.8,1021.8,99.3,0,0
889,2022-11-21 08:00,7.2,0,.4,0,1020.1,1022.1,99.9,0,0
889,2022-11-21 09:00,9.1,295.4,.5,0,1020.1,1022.1,99.9,0,0
889,2022-11-21 10:00,13.9,6,.6,0,1020.4,1022.4,88.2,0,0
889,2022-11-21 11:00,16.3,118.7,.5,0,1020.1,1022,63.8,0,0
889,2022-11-21 12:00,17.5,284.3,1.7,0,1019.4,1021.3,56.5,0,0
889,2022-11-21 13:00,16.5,324.9,1.4,0,1019,1020.9,62.6,0,0
889,2022-11-21 14:00,15.5,278.6,1.2,0,1019,1020.9,61.6,0,0
889,2022-11-21 15:00,15.7,341.6,1,0,1018.8,1020.7,57.9,0,0
889,2022-11-21 16:00,15.5,339.7,.7,0,1018.9,1020.8,60.2,6.63,5.5
889,2022-11-21 17:00,14.9,290.2,1.1,0,1019.4,1021.3,60.2,-6.63,-5.5
889,2022-11-21 18:00,11.6,235.2,.8,0,1019.8,1021.8,77,6.63,5.5
889,2022-11-21 19:00,11.1,246.4,.6,0,1020.1,1022.1,78.2,-6.63,-5.5
889,2022-11-21 20:00,11.3,227.4,.5,0,1020.7,1022.7,85.3,6.63,5.5
889,2022-11-21 21:00,9.5,230.2,.6,0,1020.7,1022.7,94.5,-6.63,-5.5
889,2022-11-21 22:00,8.1,244.7,.6,0,1021.4,1023.4,99.9,6.63,5.5
889,2022-11-21 23:00,7.8,0,.3,0,1021.5,1023.5,99.9,-6.63,-5.5
889,2022-11-22 00:00,7.3,250.4,.7,0,1021.6,1023.6,99.9,6.63,5.5
889,2022-11-22 01:00,6.7,0,.4,0,1021.9,1023.9,99.9,0,0
889,2022-11-22 02:00,6.9,243.6,.6,0,1022,1024,99.9,0,0
889,2022-11-22 03:00,6.4,242.3,.6,0,1021.9,1023.9,99.9,0,0
889,2022-11-22 04:00,6,254.1,.5,0,1021.6,1023.6,99.9,0,0
889,2022-11-22 05:00,5.4,233.2,.7,0,1021.3,1023.3,99.9,0,0
889,2022-11-22 06:00,5.6,0,.4,0,1021.4,1023.4,99.9,0,0
889,2022-11-22 07:00,6,0,.4,0,1021.1,1023.1,99.9,0,0
889,2022-11-22 08:00,6.3,0,.2,0,1021.4,1023.4,99.9,0,0
889,2022-11-22 09:00,9.4,108.7,1,0,1021.1,1023.1,96.1,0,0
889,2022-11-22 10:00,11.6,22.8,1.6,0,1020.9,1022.9,81.7,0,0
889,2022-11-22 11:00,12.7,22.1,1.6,0,1020.5,1022.5,69.5,0,0
889,2022-11-22 12:00,13.4,87.9,1.2,0,1019.7,1021.7,59.4,0,0
889,2022-11-22 13:00,14,14.8,1.4,0,1019,1021,56.5,0,0
889,2022-11-22 14:00,14.6,12.7,1.5,0,1018.4,1020.3,52.1,0,0
889,2022-11-22 15:00,14.4,21.7,1.3,0,1018.2,1020.1,50.7,0,0
889,2022-11-22 16:00,14.3,23.9,.5,0,1018.3,1020.2,51.6,0,0
889,2022-11-22 17:00,13,227.4,.5,0,1018.3,1020.3,59.9,0,0
889,2022-11-22 18:00,11.6,0,.3,0,1018,1020,70.9,0,0
889,2022-11-22 19:00,11.2,0,.4,0,1018.5,1020.5,73,0,0
889,2022-11-22 20:00,10.9,0,.2,0,1017.9,1019.9,81.2,0,0
889,2022-11-22 21:00,10.8,218.7,.6,0,1017.7,1019.7,86.5,0,0
889,2022-11-22 22:00,11.5,201.6,.6,0,1017.9,1019.9,83.1,0,0
889,2022-11-22 23:00,10.1,0,.3,0,1016.9,1018.9,95.2,0,0
889,2022-11-23 00:00,9.7,0,.3,0,1016.4,1018.4,93.5,0,0
889,2022-11-23 01:00,9.7,0,.4,0,1016.3,1018.3,92.9,0,0
889,2022-11-23 02:00,9.9,0,.3,0,1016.2,1018.2,96.1,0,0
889,2022-11-23 03:00,9.7,0,.4,0,1016.1,1018.1,94.9,0,0
889,2022-11-23 04:00,9.6,228.2,.6,0,1016,1018,92.9,0,0
889,2022-11-23 05:00,10.3,252.3,.7,0,1015.9,1017.9,86.1,0,0
889,2022-11-23 06:00,10.6,270.5,.9,0,1016.1,1018.1,78.5,0,0
889,2022-11-23 07:00,9.2,0,.4,0,1016,1018,92,0,0
889,2022-11-23 08:00,9.3,0,.3,0,1016.4,1018.4,91.7,0,0
889,2022-11-23 09:00,11.4,0,.1,0,1016.5,1018.5,83,0,0
889,2022-11-23 10:00,13.6,0,.4,0,1016.4,1018.3,68,0,0
889,2022-11-23 11:00,13.9,356.4,1.3,0,1016.5,1018.4,66.4,0,0
889,2022-11-23 12:00,14.7,337.5,1.9,0,1016,1017.9,59.6,0,0
889,2022-11-23 13:00,15.7,335.9,1.3,0,1015.4,1017.3,47.6,0,0
889,2022-11-23 14:00,14.9,300.4,1.7,0,1015.4,1017.3,44.9,0,0
889,2022-11-23 15:00,15.5,309.4,1.7,0,1015.7,1017.6,32,0,0
889,2022-11-23 16:00,14.7,275.6,1.5,0,1015.9,1017.8,40.7,0,0
889,2022-11-23 17:00,13.2,288.6,1.1,0,1016.1,1018.1,39.3,0,0
889,2022-11-23 18:00,12.6,273.5,2,0,1016.2,1018.2,41.6,0,0
889,2022-11-23 19:00,11.6,273.1,1.7,0,1016.8,1018.8,44.1,0,0
889,2022-11-23 20:00,10.6,266.4,1.4,0,1016.5,1018.5,51,0,0
889,2022-11-23 21:00,8.9,259.1,1,0,1016.7,1018.7,50.8,0,0
889,2022-11-23 22:00,9,247.5,1.4,0,1017.3,1019.3,52.8,0,0
889,2022-11-23 23:00,5.3,236.4,.7,0,1018.1,1020.1,71.1,0,0
889,2022-11-24 00:00,6.3,237.8,.9,0,1018.2,1020.2,72.9,0,0
889,2022-11-24 01:00,5,214.1,.6,0,1018.3,1020.3,80.4,0,0
889,2022-11-24 02:00,4.8,218.5,.5,0,1018.9,1020.9,88.3,0,0
889,2022-11-24 03:00,4.5,228.6,.6,0,1019.7,1021.7,91.1,0,0
889,2022-11-24 04:00,4.7,243.7,.7,0,1019.9,1021.9,93.5,0,0
889,2022-11-24 05:00,4.9,240.8,.6,0,1019.6,1021.6,94.2,0,0
889,2022-11-24 06:00,5.2,235.1,.8,0,1019.4,1021.4,94.3,0,0
889,2022-11-24 07:00,5.3,236.9,.7,0,1019.2,1021.2,92.3,0,0
889,2022-11-24 08:00,,,,0,,,,0,0
889,2022-11-24 09:00,8.2,0,.2,0,1019.9,1021.9,84.5,0,0
889,2022-11-24 10:00,10.1,0,.4,0,1020.1,1022.1,63.6,0,0
889,2022-11-24 11:00,12.1,75.9,.8,0,1020,1022,57.7,0,0
889,2022-11-24 12:00,13.1,26.1,1.4,0,1019.2,1021.2,55.9,0,0
889,2022-11-24 13:00,14.1,350.7,1.5,0,1018.7,1020.6,59,0,0
889,2022-11-24 14:00,14.2,354,1.5,0,1018.5,1020.4,56.9,0,0
889,2022-11-24 15:00,14.6,359.6,1.4,0,1018.2,1020.1,57.2,0,0
889,2022-11-24 16:00,14.5,317,.7,0,1018.5,1020.4,58.5,0,0
889,2022-11-24 17:00,11.2,221.9,.7,0,1018.7,1020.7,72.1,0,0
889,2022-11-24 18:00,9,220.3,.6,0,1019.1,1021.1,80.7,0,0
889,2022-11-24 19:00,8.1,223,.8,0,1019.8,1021.8,91.5,0,0
889,2022-11-24 20:00,7.7,214.6,.6,0,1020.1,1022.1,94.6,0,0
889,2022-11-24 21:00,6.9,0,.2,0,1020.2,1022.2,97.8,0,0
889,2022-11-24 22:00,6.6,0,.4,0,1020.1,1022.1,99.3,0,0
889,2022-11-24 23:00,6.1,223.5,.5,0,1020.2,1022.2,99.9,0,0
889,2022-11-25 00:00,6,228.7,.6,0,1020.7,1022.7,99.9,0,0
889,2022-11-25 01:00,5.4,217.1,.6,0,1020.3,1022.3,99.9,0,0
889,2022-11-25 02:00,5.1,0,.4,0,1020.1,1022.1,99.9,0,0
889,2022-11-25 03:00,5.3,223.5,.6,0,1019.9,1021.9,99.9,0,0
889,2022-11-25 04:00,5,0,.4,0,1019.5,1021.5,99.9,0,0
889,2022-11-25 05:00,5.9,222.1,.5,0,1018.9,1020.9,99.9,0,0
889,2022-11-25 06:00,6.9,0,.3,0,1018.9,1020.9,99.9,0,0
889,2022-11-25 07:00,6.6,244,.5,0,1019,1021,99.9,0,0
889,2022-11-25 08:00,7.9,217.9,.5,0,1019,1021,99,0,0
889,2022-11-25 09:00,9.1,0,.4,0,1018.6,1020.6,94.3,0,0
889,2022-11-25 10:00,12.2,26.6,.5,0,1018,1020,76.4,0,0
889,2022-11-25 11:00,14,29.1,.9,0,1017.2,1019.1,65.2,0,0
889,2022-11-25 12:00,16.7,219.7,1.6,0,1015.8,1017.7,53.5,0,0
889,2022-11-25 13:00,17.4,217.5,2,0,1014.5,1016.4,45.4,0,0
889,2022-11-25 14:00,17.8,212.1,3.4,0,1013.3,1015.2,39.6,0,0
889,2022-11-25 15:00,18,231,3.6,0,1012.5,1014.4,38,0,0
889,2022-11-25 16:00,17.7,222.2,3.1,0,1012.4,1014.3,33.3,0,0
889,2022-11-25 17:00,15.8,235.7,2.6,0,1013,1014.9,38.5,0,0
889,2022-11-25 18:00,14.7,214.2,2,0,1013.3,1015.2,45.7,0,0
889,2022-11-25 19:00,14.1,226.2,2,0,1013.7,1015.6,51.1,0,0
889,2022-11-25 20:00,14,206.6,2.8,0,1013.2,1015.1,59.4,0,0
889,2022-11-25 21:00,14.1,209.6,2.5,0,1012.9,1014.8,71.9,0,0
889,2022-11-25 22:00,15.1,227.3,3.6,0,1012.6,1014.5,75.5,0,0
889,2022-11-25 23:00,13.8,249.7,1.9,0,1012.9,1014.8,94.5,0,0
889,2022-11-26 00:00,13.3,238.7,1.8,1.5,1013,1014.9,99.9,0,0
889,2022-11-26 01:00,11.8,234.3,1.8,0,1013.1,1015.1,89.8,0,0
889,2022-11-26 02:00,9.6,234.1,.9,0,1013.1,1015.1,99.2,0,0
889,2022-11-26 03:00,7.7,224.5,.7,0,1013.1,1015.1,99.9,0,0
889,2022-11-26 04:00,6.9,228.1,1,0,1013,1015,99.9,0,0
889,2022-11-26 05:00,6.6,226.3,.6,0,1013.5,1015.5,99.9,0,0
889,2022-11-26 06:00,6.5,227.5,.8,0,1014.1,1016.1,99.9,0,0
889,2022-11-26 07:00,6.2,224.1,.6,0,1014.7,1016.7,99.9,0,0
889,2022-11-26 08:00,9.4,304.1,1.7,0,1016,1018,72.6,0,0
889,2022-11-26 09:00,8.6,266,2.4,0,1017,1019,57.3,0,0
889,2022-11-26 10:00,8.9,326,2.1,0,1018.1,1020.1,43.9,0,0
889,2022-11-26 11:00,10,280.8,1.5,0,1018.3,1020.3,41.1,0,0
889,2022-11-26 12:00,9.5,277,2.5,0,1018,1020,37.8,0,0
889,2022-11-26 13:00,9.3,255.8,2.9,0,1017.8,1019.8,34.5,0,0
889,2022-11-26 14:00,9,278.8,2.5,0,1017.7,1019.7,30.7,0,0
889,2022-11-26 15:00,8.9,316.8,2.1,0,1017.6,1019.6,33.6,0,0
889,2022-11-26 16:00,8.5,337.4,1.6,0,1017.8,1019.8,31.2,0,0
889,2022-11-26 17:00,7,278,1.6,0,1017.8,1019.8,38.7,0,0
889,2022-11-26 18:00,6.3,286.6,1.3,0,1018,1020,40.8,0,0
889,2022-11-26 19:00,5.8,286.3,1.5,0,1018.8,1020.8,37.8,0,0
889,2022-11-26 20:00,4.6,271.4,1.5,0,1019.3,1021.3,42.2,0,0
889,2022-11-26 21:00,3.9,329.8,.9,0,1019.2,1021.2,44.4,0,0
889,2022-11-26 22:00,3.3,269.7,1.5,0,1020.2,1022.2,47.3,0,0
889,2022-11-26 23:00,1.3,221.1,1.2,0,1019.9,1022,59.5,0,0
889,2022-11-27 00:00,-.2,220.1,.7,0,1020.5,1022.6,67.8,0,0
889,2022-11-27 01:00,.1,0,.4,0,1020.6,1022.7,64.3,0,0
889,2022-11-27 02:00,-.9,239.6,.7,0,1020.5,1022.6,72.5,0,0
889,2022-11-27 03:00,-1.5,237.9,.8,0,1020.5,1022.6,76.4,0,0
889,2022-11-27 04:00,-1.6,228.1,.6,0,1020.8,1022.9,77.2,0,0
889,2022-11-27 05:00,-1.4,221.6,.6,0,1020.4,1022.5,75.5,0,0
889,2022-11-27 06:00,-1.5,220.4,.6,0,1020.2,1022.3,75.7,0,0
889,2022-11-27 07:00,-1.6,231.3,.6,0,1020.6,1022.7,76.4,0,0
889,2022-11-27 08:00,-1.1,0,.4,0,1021,1023.1,75.9,0,0
889,2022-11-27 09:00,2.6,96.6,.8,0,1020.6,1022.6,60,0,0
889,2022-11-27 10:00,5,65.2,.9,0,1020.6,1022.6,50.3,0,0
889,2022-11-27 11:00,7,57.6,1,0,1020.3,1022.3,42.2,0,0
889,2022-11-27 12:00,8.5,49.2,.9,0,1019.9,1021.9,38.5,0,0
889,2022-11-27 13:00,10.4,37.2,1,0,1018.7,1020.7,33.6,0,0
889,2022-11-27 14:00,12,29.9,1.2,0,1018,1020,36.2,0,0
889,2022-11-27 15:00,11.8,47.7,.9,0,1017.8,1019.8,31.8,0,0
889,2022-11-27 16:00,12.8,35.1,.5,0,1017.4,1019.4,36.3,9.87,6.5
889,2022-11-27 17:00,9.2,223.9,.5,0,1017.2,1019.2,47.8,.14,.2
889,2022-11-27 18:00,6.3,229.1,.8,0,1018.1,1020.1,56,9.87,6.5
889,2022-11-27 19:00,5,233.5,.7,0,1017.9,1019.9,62.3,.14,.2
889,2022-11-27 20:00,4.6,222.1,.6,0,1018.4,1020.4,62.3,9.87,6.5
889,2022-11-27 21:00,4,234.9,.7,0,1018.4,1020.4,64.9,.14,.2
889,2022-11-27 22:00,3.6,261.8,.5,0,1018.3,1020.3,68.5,9.87,6.5
889,2022-11-27 23:00,3.4,236.8,.7,0,1018.4,1020.4,69.1,.14,.2
889,2022-11-28 00:00,3.5,235.7,.6,0,1018.1,1020.1,67.9,9.87,6.5
889,2022-11-28 01:00,4.7,0,.4,0,1017.6,1019.6,66.6,0,0
889,2022-11-28 02:00,5.7,226.1,.5,0,1017.4,1019.4,68.8,0,0
889,2022-11-28 03:00,3.9,0,.4,0,1017.7,1019.7,70.1,0,0
889,2022-11-28 04:00,4.5,0,.3,0,1017.1,1019.1,68.3,0,0
889,2022-11-28 05:00,8.8,75.4,.9,0,1016.4,1018.4,45.6,0,0
889,2022-11-28 06:00,9.3,17.1,.8,0,1016.5,1018.5,45.5,0,0
889,2022-11-28 07:00,10.5,16.6,.9,0,1015.9,1017.9,42.4,0,0
889,2022-11-28 08:00,8.8,85.4,1.1,0,1016,1018,60.4,0,0
889,2022-11-28 09:00,11.5,86.3,.8,0,1015.7,1017.7,45.1,.36,.3
889,2022-11-28 10:00,12.4,16.9,1.2,0,1015,1017,46.6,-.36,-.3
889,2022-11-28 11:00,14,85,1.2,0,1013.8,1015.7,44.5,.36,.3
889,2022-11-28 12:00,16.8,80.4,1.2,.5,1013.2,1015.1,46.4,-.36,-.3
889,2022-11-28 13:00,16.2,4.9,.8,0,1012.4,1014.3,51,.36,.3
889,2022-11-28 14:00,16.5,93.7,.9,0,1011.3,1013.2,77.7,-.36,-.3
889,2022-11-28 15:00,15.8,12.6,1.1,0,1010.5,1012.4,76.1,.36,.3
889,2022-11-28 16:00,15.7,0,.4,0,1010.6,1012.5,79.2,-.36,-.3
889,2022-11-28 17:00,14.7,18.8,.6,0,1010.2,1012.1,96.6,.36,.3
889,2022-11-28 18:00,14.3,116.3,.5,.5,1010.1,1012,99.9,-.36,-.3
889,2022-11-28 19:00,14.2,0,.3,0,1009.6,1011.5,99.9,.36,.3
889,2022-11-28 20:00,14.2,6.8,.5,1,1009.1,1011,99.9,-.36,-.3
889,2022-11-28 21:00,15.6,251.3,1.1,3,1008.7,1010.6,99.9,.36,.3
889,2022-11-28 22:00,14.9,0,.1,7,1008.7,1010.6,99.9,-.36,-.3
889,2022-11-28 23:00,14.1,0,.1,1,1008,1009.9,99.9,.36,.3
889,2022-11-29 00:00,14.1,0,.1,.5,1007.4,1009.3,99.9,-.36,-.3
889,2022-11-29 01:00,14.1,0,0,.5,1007.5,1009.4,99.9,0,0
889,2022-11-29 02:00,14.7,264.4,.7,.5,1007.3,1009.2,99.9,0,0
889,2022-11-29 03:00,14.6,284,2.2,.5,1008.3,1010.2,99.9,0,0
889,2022-11-29 04:00,13.3,281.5,1.7,1.5,1010,1011.9,99.9,0,0
889,2022-11-29 05:00,12.9,263.2,1.4,.5,1009.6,1011.5,99.9,0,0
889,2022-11-29 06:00,12.1,231.6,.6,.5,1009.1,1011,99.9,0,0
889,2022-11-29 07:00,11.7,268.3,.9,0,1010,1012,99.9,0,0
889,2022-11-29 08:00,10.2,272,3,0,1012.8,1014.8,97.7,0,0
889,2022-11-29 09:00,10.1,273.6,1.5,0,1013.5,1015.5,89,0,0
889,2022-11-29 10:00,9.8,322.4,1.8,0,1013.9,1015.9,73.6,0,0
889,2022-11-29 11:00,9.6,286.6,1.8,0,1015,1017,74.8,0,0
889,2022-11-29 12:00,9,280.8,1.8,0,1014.9,1016.9,72.7,0,0
889,2022-11-29 13:00,8.4,290.1,2,0,1015.2,1017.2,62.3,0,0
889,2022-11-29 14:00,8.5,344.4,2.2,0,1016.1,1018.1,53.2,0,0
889,2022-11-29 15:00,7.7,280.4,2.7,0,1016.8,1018.8,47.9,0,0
889,2022-11-29 16:00,7.3,277.1,2.1,0,1017.2,1019.2,43,0,0
889,2022-11-29 17:00,6.3,270.4,2,0,1017.8,1019.8,38.5,0,0
889,2022-11-29 18:00,5.3,273.3,2.4,0,1019.1,1021.1,41.3,0,0
889,2022-11-29 19:00,4.4,269,2.3,0,1020.3,1022.3,42.3,0,0
889,2022-11-29 20:00,3.1,249.4,1.9,0,1020.9,1022.9,45.4,0,0
889,2022-11-29 21:00,2,256.6,2.9,0,1022.8,1024.9,38.3,0,0
889,2022-11-29 22:00,1,292.8,2.9,0,1024.2,1026.3,32.6,0,0
889,2022-11-29 23:00,.4,264.2,2.1,0,1024.6,1026.7,39.4,0,0
889,2022-11-30 00:00,-.3,282.5,2.9,0,1025.5,1027.6,38.4,0,0
889,2022-11-30 01:00,-1.2,281.2,3,0,1026.5,1028.6,41.8,0,0
889,2022-11-30 02:00,-2,270.5,3.4,0,1027.3,1029.4,45.4,0,0
889,2022-11-30 03:00,-3,284.9,2.3,0,1028,1030.1,54,0,0
889,2022-11-30 04:00,-3.8,293.2,2.8,0,1028.8,1030.9,55.1,0,0
889,2022-11-30 05:00,-4.5,295.8,2.5,0,1028.7,1030.8,48.1,0,0
889,2022-11-30 06:00,-5,284.9,2.2,0,1029.5,1031.6,52,0,0
889,2022-11-30 07:00,-5.5,294.3,1.9,0,1030.6,1032.7,48.1,0,0
889,2022-11-30 08:00,-5.6,346.6,2,0,1031.9,1034,52.9,0,0
889,2022-11-30 09:00,-5.5,312.7,1.7,0,1032.1,1034.2,48.5,0,0
889,2022-11-30 10:00,-4.8,307.1,2.3,0,1032.3,1034.4,44.6,0,0
889,2022-11-30 11:00,-3.7,265,1.8,0,1032.3,1034.4,38.1,0,0
889,2022-11-30 12:00,-3.9,282.9,2.9,0,1031.5,1033.6,36.1,0,0
889,2022-11-30 13:00,-3.4,306.9,2.7,0,1030.4,1032.5,37.2,0,0
889,2022-11-30 14:00,-2.7,258,2.7,0,1030,1032.1,38.6,0,0
889,2022-11-30 15:00,-2,303.4,2.1,0,1029.9,1032,33.8,0,0
889,2022-11-30 16:00,-2.3,278.8,2.3,0,1030.3,1032.4,38.4,0,0
889,2022-11-30 17:00,-3.3,265.8,2.4,0,1030.8,1032.9,38.4,0,0
889,2022-11-30 18:00,-3.9,241.9,3.4,0,1031,1033.1,41.6,0,0
889,2022-11-30 19:00,-4.3,272.6,2.1,0,1031.5,1033.6,42.8,10.59,7.4
889,2022-11-30 20:00,-4.6,273,2.3,0,1032.2,1034.3,50.1,0,0
889,2022-11-30 21:00,-5.7,271.5,2.6,0,1032.5,1034.6,60.8,10.59,7.4
889,2022-11-30 22:00,-6.5,287.7,1.9,0,1033,1035.1,56.9,0,0
889,2022-11-30 23:00,-6.6,314.9,1.6,0,1033.1,1035.2,54.2,10.59,7.4
889,2022-12-01 00:00,-6.6,1.8,1.7,0,1032.8,1034.9,53.5,0,0
889,2022-12-01 01:00,-6.4,317.7,.9,0,1032.9,1035,45.9,0,0
889,2022-12-01 02:00,-6.4,262.5,2,0,1032.5,1034.6,40,0,0
889,2022-12-01 03:00,-6.4,309.8,1.6,0,1032.7,1034.8,35.5,0,0
889,2022-12-01 04:00,-6.5,359.3,1,0,1032.5,1034.6,35.4,0,0
889,2022-12-01 05:00,-7,337.7,1.1,0,1032.2,1034.3,34.4,0,0
889,2022-12-01 06:00,-7.4,263.3,1,0,1031.5,1033.6,34.7,0,0
889,2022-12-01 07:00,-9,206.6,.5,0,1031.3,1033.5,48.9,0,0
889,2022-12-01 08:00,-8.8,234.4,.5,0,1031.3,1033.5,53.2,0,0
889,2022-12-01 09:00,-7.1,0,.4,0,1031.5,1033.6,45.4,.02,.1
889,2022-12-01 10:00,-4.2,103.6,.9,0,1031.5,1033.6,32.8,.82,.7
889,2022-12-01 11:00,-3.7,55.7,1,0,1031.5,1033.6,32.5,-.82,-.7
889,2022-12-01 12:00,-2.7,287.4,1.8,0,1030.8,1032.9,36.4,.82,.7
889,2022-12-01 13:00,-2.3,293.8,2.1,0,1029.7,1031.8,36.8,-.82,-.7
889,2022-12-01 14:00,-2.2,348.1,1.2,0,1028.9,1031,41.1,.82,.7
889,2022-12-01 15:00,-1.3,266.7,1.8,0,1028.6,1030.7,42.9,-.82,-.7
889,2022-12-01 16:00,-.8,328.1,1.1,0,1028.7,1030.8,42.5,.82,.7
889,2022-12-01 17:00,-1.9,272.1,1.7,0,1028.8,1030.9,42.5,-.82,-.7
889,2022-12-01 18:00,-2.4,305.2,1,0,1029.2,1031.3,45,.82,.7
889,2022-12-01 19:00,-3.3,263,1,0,1029.7,1031.8,50.4,-.82,-.7
889,2022-12-01 20:00,-3.1,286.5,.6,0,1030,1032.1,53.2,.82,.7
889,2022-12-01 21:00,-3.2,336.9,1,0,1030.2,1032.3,51.1,-.82,-.7
889,2022-12-01 22:00,-3.3,347.4,1.2,0,1030.3,1032.4,50.5,.82,.7
889,2022-12-01 23:00,-5.4,193.4,.5,0,1030.3,1032.4,62.3,-.82,-.7
889,2022-12-02 00:00,-6.2,222.7,.7,0,1030.5,1032.6,67.4,.82,.7
889,2022-12-02 01:00,-5,93.8,.6,0,1030.1,1032.2,56.2,0,0
889,2022-12-02 02:00,-6.9,231,.7,0,1030.2,1032.3,68.2,0,0
889,2022-12-02 03:00,-7.5,229.4,.8,0,1030.7,1032.8,71.1,0,0
889,2022-12-02 04:00,-7.4,208.9,.5,0,1030.4,1032.5,69.2,0,0
889,2022-12-02 05:00,-7.7,233.3,.7,0,1030.4,1032.5,68,0,0
889,2022-12-02 06:00,-7.7,226.7,.7,0,1030.6,1032.7,66.5,0,0
889,2022-12-02 07:00,-8,250,.6,0,1031,1033.2,61.5,0,0
889,2022-12-02 08:00,-8,264.6,.5,0,1031.1,1033.3,61.5,0,0
889,2022-12-02 09:00,-5.6,135.4,.6,0,1031.4,1033.5,54.8,0,0
889,2022-12-02 10:00,-1.9,200.3,.5,0,1031.8,1033.9,45.4,0,0
889,2022-12-02 11:00,-1.6,357.5,.8,0,1031.5,1033.6,33.6,0,0
889,2022-12-02 12:00,-.9,232.3,.7,0,1030.6,1032.7,31.8,0,0
889,2022-12-02 13:00,1,43.7,.8,0,1029.7,1031.8,30.2,0,0
889,2022-12-02 14:00,1.2,30.2,.9,0,1028.8,1030.9,28,0,0
889,2022-12-02 15:00,3.2,92.8,.7,0,1027.7,1029.8,27.1,0,0
889,2022-12-02 16:00,2.1,89.5,.7,0,1027.4,1029.5,29.7,0,0
889,2022-12-02 17:00,-.2,223,.5,0,1027,1029.1,45.5,0,0
889,2022-12-02 18:00,-1,226.1,.5,0,1026.5,1028.6,50.3,0,0
889,2022-12-02 19:00,-2.2,0,.4,0,1026.5,1028.6,58.8,0,0
889,2022-12-02 20:00,-2.4,208,.7,0,1026.1,1028.2,57.4,0,0
889,2022-12-02 21:00,-3,0,.1,0,1026,1028.1,61,0,0
889,2022-12-02 22:00,-.9,235,.6,0,1025.8,1027.9,51.6,0,0
889,2022-12-02 23:00,.7,86.4,.9,0,1025.7,1027.8,43.8,0,0
889,2022-12-03 00:00,1.2,47.1,.7,0,1024.9,1027,45.3,0,0
889,2022-12-03 01:00,1.7,50.1,1,0,1024.2,1026.3,46.8,0,0
889,2022-12-03 02:00,2,78.7,1.2,0,1024,1026.1,49.6,0,0
889,2022-12-03 03:00,1.9,105.1,.8,0,1023.9,1026,55.9,0,0
889,2022-12-03 04:00,2.2,96.9,1,0,1024,1026.1,62.6,0,0
889,2022-12-03 05:00,2.1,78.6,.7,0,1023.4,1025.5,68.3,0,0
889,2022-12-03 06:00,1.4,99.5,.5,0,1022.9,1025,77.2,0,0
889,2022-12-03 07:00,.9,356.5,1.3,0,1023.6,1025.7,93.7,0,0
889,2022-12-03 08:00,.3,58.1,.6,.5,1023.6,1025.7,99.5,0,0
889,2022-12-03 09:00,1.1,53.7,.9,0,1023.5,1025.6,95.7,0,0
889,2022-12-03 10:00,1.4,100.3,.5,0,1024.1,1026.2,95.4,0,0
889,2022-12-03 11:00,2.9,42.1,.7,0,1023.8,1025.8,90.5,0,0
889,2022-12-03 12:00,5,108.6,.5,0,1022.9,1024.9,84.1,0,0
889,2022-12-03 13:00,6.8,45.2,.9,0,1022.2,1024.2,76.9,0,0
889,2022-12-03 14:00,7.3,356.6,1.1,0,1022.3,1024.3,69.2,0,0
889,2022-12-03 15:00,7.8,260.5,1.5,0,1022.2,1024.2,59.7,0,0
889,2022-12-03 16:00,7,312.8,1.5,0,1022.7,1024.7,65.9,0,0
889,2022-12-03 17:00,5.1,0,.4,0,1023.2,1025.2,76.1,0,0
889,2022-12-03 18:00,2.2,219.4,.8,0,1023.3,1025.4,91.2,0,0
889,2022-12-03 19:00,2.3,207.1,.5,0,1023.9,1026,96.6,0,0
889,2022-12-03 20:00,5,300.7,1.3,0,1024.4,1026.4,76.2,0,0
889,2022-12-03 21:00,3.7,294.2,1.1,0,1025,1027,73.3,0,0
889,2022-12-03 22:00,2.6,315.9,1.4,0,1026,1028.1,79.2,0,0
889,2022-12-03 23:00,1.5,253.9,1.7,0,1026.8,1028.9,68,0,0
889,2022-12-04 00:00,.9,271.7,1.7,0,1027.1,1029.2,62.5,0,0
889,2022-12-04 01:00,-.2,307,2.2,0,1028.1,1030.2,58.9,0,0
889,2022-12-04 02:00,-1.1,281.6,2.2,0,1029,1031.1,58,0,0
889,2022-12-04 03:00,-1.6,282.9,1.8,0,1029.6,1031.7,53.1,0,0
889,2022-12-04 04:00,-2,268.7,2,0,1029.5,1031.6,52.7,0,0
889,2022-12-04 05:00,-2.5,311.9,1.2,0,1030,1032.1,46.3,0,0
889,2022-12-04 06:00,-2.9,286,1.4,0,1030.2,1032.3,40.5,0,0
889,2022-12-04 07:00,-3.2,293.7,1.4,0,1030.2,1032.3,38.2,0,0
889,2022-12-04 08:00,-3.2,314.2,1.5,0,1030.8,1032.9,31.6,0,0
889,2022-12-04 09:00,-3.1,281,1.6,0,1031.3,1033.4,32.3,0,0
889,2022-12-04 10:00,-2.7,302.8,1.7,0,1031.7,1033.8,26.2,0,0
889,2022-12-04 11:00,-2.2,282.8,1.7,0,1031.7,1033.8,24.1,0,0
889,2022-12-04 12:00,-1.7,281.9,1.3,0,1031.2,1033.3,25.3,0,0
889,2022-12-04 13:00,-1.4,283.5,1.6,0,1030,1032.1,24.7,0,0
889,2022-12-04 14:00,-.9,249.9,1.4,0,1029.6,1031.7,27.1,0,0
889,2022-12-04 15:00,-.9,278.5,1.5,0,1029.6,1031.7,28.7,0,0
889,2022-12-04 16:00,-1.1,277.9,1.3,0,1029.5,1031.6,29.5,0,0
889,2022-12-04 17:00,-1.5,294.4,1.2,0,1029.6,1031.7,33.6,0,0
889,2022-12-04 18:00,-1.8,265.8,1.4,0,1030.3,1032.4,35.4,0,0
889,2022-12-04 19:00,-1.9,287.4,1.5,0,1030.5,1032.6,35.3,0,0
889,2022-12-04 20:00,-2.6,274,1.2,0,1030.6,1032.7,39,0,0
889,2022-12-04 21:00,-2.6,310.2,1.1,0,1030.8,1032.9,34.6,0,0
889,2022-12-04 22:00,-3.2,250.8,1.1,0,1031.2,1033.3,41,0,0
889,2022-12-04 23:00,-3.7,262.6,1,0,1031.1,1033.2,42.7,0,0
889,2022-12-05 00:00,-3.8,288.1,1.3,0,1031.2,1033.3,43.3,0,0
889,2022-12-05 01:00,-4,268.6,1.3,0,1031.2,1033.3,47.1,0,0
889,2022-12-05 02:00,-4.3,315.4,1.4,0,1031.4,1033.5,41.8,0,0
889,2022-12-05 03:00,-4.5,268.5,1.3,0,1031.6,1033.7,45.7,0,0
889,2022-12-05 04:00,-4.4,278.4,.8,0,1031.2,1033.3,45,0,0
889,2022-12-05 05:00,-4.2,302,1.7,0,1030.9,1033,38.1,0,0
889,2022-12-05 06:00,-4.5,306,1.2,0,1030.5,1032.6,37.3,0,0
889,2022-12-05 07:00,-5.7,0,.4,0,1030.1,1032.2,47.7,0,0
889,2022-12-05 08:00,-6.7,221.5,.6,0,1030.1,1032.2,54.3,0,0
889,2022-12-05 09:00,-6.1,0,.4,0,1030.2,1032.3,52.8,0,0
889,2022-12-05 10:00,-3,268.5,1.8,0,1030.3,1032.4,32,0,0
889,2022-12-05 11:00,-1.8,312.3,1.2,0,1030,1032.1,31.9,0,0
889,2022-12-05 12:00,-1,303.3,1.4,0,1029.1,1031.2,32.5,0,0
889,2022-12-05 13:00,-.2,284.4,1.7,0,1028,1030.1,31.9,0,0
889,2022-12-05 14:00,1.2,286.7,1.8,0,1027,1029.1,28.1,0,0
889,2022-12-05 15:00,1.7,274.3,2.3,0,1026.5,1028.6,25.4,8.81,5.4
889,2022-12-05 16:00,2,275.3,1.9,0,1026.4,1028.5,26.4,-8.81,-5.4
889,2022-12-05 17:00,.2,242,1.5,0,1026.2,1028.3,32.4,8.81,5.4
889,2022-12-05 18:00,-2.3,219.6,.6,0,1026.1,1028.2,46.4,-8.81,-5.4
889,2022-12-05 19:00,-3.3,227.4,.6,0,1026.3,1028.4,54.3,8.81,5.4
889,2022-12-05 20:00,-3.6,226.3,.5,0,1026.3,1028.4,55.6,-8.81,-5.4
889,2022-12-05 21:00,-4.1,232.6,.7,0,1026.3,1028.4,64.8,8.81,5.4
889,2022-12-05 22:00,-4.3,0,.4,0,1025.9,1028,66.3,-8.81,-5.4
889,2022-12-05 23:00,-4.6,222.9,.6,0,1025.8,1027.9,72.6,8.81,5.4
889,2022-12-06 00:00,-4.6,213.2,.6,0,1025.5,1027.6,72.4,-8.81,-5.4
889,2022-12-06 01:00,-5.3,228.9,.5,0,1024.8,1026.9,74.5,0,0
889,2022-12-06 02:00,-5.2,207.1,.5,0,1024.6,1026.7,76.7,0,0
889,2022-12-06 03:00,-5.6,232.2,.9,0,1024.5,1026.6,79.1,0,0
889,2022-12-06 04:00,-3,0,.3,0,1023.6,1025.7,72,0,0
889,2022-12-06 05:00,-2.1,0,.2,0,1023,1025.1,69.9,0,0
889,2022-12-06 06:00,-1.7,0,.2,0,1022.6,1024.7,70.1,0,0
889,2022-12-06 07:00,-.7,42.1,.5,0,1022.2,1024.3,68.3,0,0
889,2022-12-06 08:00,-.6,78.5,.7,0,1022.6,1024.7,75.7,0,0
889,2022-12-06 09:00,-.8,91.2,.9,0,1022.6,1024.7,82.5,0,0
889,2022-12-06 10:00,-.2,84.9,.6,0,1022.6,1024.7,88.4,0,0
889,2022-12-06 11:00,.8,34.3,1,0,1022.4,1024.5,86.2,0,0
889,2022-12-06 12:00,2.8,214.6,.6,0,1021.8,1023.8,77.8,0,0
889,2022-12-06 13:00,4.5,266.8,1.2,0,1021.2,1023.2,70.3,0,0
889,2022-12-06 14:00,5.3,245.6,2.2,0,1020.7,1022.7,49.4,0,0
889,2022-12-06 15:00,5,246.8,2.3,0,1020.4,1022.4,45.7,0,0
889,2022-12-06 16:00,4.7,287.5,2.2,0,1020.4,1022.4,50.2,0,0
889,2022-12-06 17:00,4.4,246,2,0,1020.3,1022.3,57.6,0,0
889,2022-12-06 18:00,1.1,227.5,.5,0,1020.3,1022.4,71.9,0,0
889,2022-12-06 19:00,1.6,223.7,.7,0,1020.5,1022.6,74.3,0,0
889,2022-12-06 20:00,1.4,228.8,.8,0,1020.6,1022.7,77.5,0,0
889,2022-12-06 21:00,-.3,230.6,.9,0,1020.7,1022.8,78.9,0,0
889,2022-12-06 22:00,-.8,217.3,.5,0,1020.5,1022.6,85.8,0,0
889,2022-12-06 23:00,0,236.2,.5,0,1020.5,1022.6,89.3,0,0
889,2022-12-07 00:00,.5,0,.1,0,1020.3,1022.4,89.2,0,0
889,2022-12-07 01:00,1,0,.4,0,1020.1,1022.2,90.3,0,0
889,2022-12-07 02:00,2.9,212,1.7,0,1020.1,1022.1,95.2,0,0
889,2022-12-07 03:00,2.7,234.5,.9,0,1020.1,1022.1,99.9,0,0
889,2022-12-07 04:00,4,243.3,1.6,0,1020,1022,89.6,0,0
889,2022-12-07 05:00,2.6,237.2,1.3,.5,1019.9,1021.9,96.7,0,0
889,2022-12-07 06:00,2.6,247.5,.7,0,1020.4,1022.4,88.4,0,0
889,2022-12-07 07:00,2.6,271.1,.5,0,1020.9,1022.9,72,0,0
889,2022-12-07 08:00,-.2,232,.7,0,1021.8,1023.9,89.3,0,0
889,2022-12-07 09:00,.7,0,.2,0,1021.9,1024,86.4,0,0
889,2022-12-07 10:00,5.5,200.5,.7,0,1022,1024,56.4,0,0
889,2022-12-07 11:00,7.5,242.9,1.9,0,1022,1024,48.8,0,0
889,2022-12-07 12:00,8.6,247.6,2.7,0,1021.6,1023.6,46.6,0,0
889,2022-12-07 13:00,9.5,249.3,2.4,0,1020.8,1022.8,44.3,0,0
889,2022-12-07 14:00,8.8,243.2,3.1,0,1020.7,1022.7,45.9,0,0
889,2022-12-07 15:00,9,256.7,2.3,0,1020.6,1022.6,46.9,0,0
889,2022-12-07 16:00,8.5,267.1,2.1,0,1021.1,1023.1,51.5,0,0
889,2022-12-07 17:00,7.9,242.8,3.6,0,1021.3,1023.3,50.6,0,0
889,2022-12-07 18:00,6.9,247.1,2.4,0,1021.6,1023.6,51.8,0,0
889,2022-12-07 19:00,5.9,243.4,1.8,0,1022.1,1024.1,60.8,0,0
889,2022-12-07 20:00,2.8,226.7,.9,0,1022.4,1024.4,72.8,0,0
889,2022-12-07 21:00,2.3,243.7,.9,0,1023.1,1025.2,74.2,0,0
889,2022-12-07 22:00,3.3,239.9,1.5,0,1023.4,1025.4,66.8,0,0
889,2022-12-07 23:00,1,240.9,.9,0,1023.9,1026,76.7,0,0
889,2022-12-08 00:00,.3,232.4,.7,0,1024.3,1026.4,82.2,0,0
889,2022-12-08 01:00,-.1,226.9,.6,0,1024.1,1026.2,86.7,0,0
889,2022-12-08 02:00,-1.2,204.7,.5,0,1024.2,1026.3,94.5,0,0
889,2022-12-08 03:00,-1.4,0,.4,0,1024.4,1026.5,95.5,0,0
889,2022-12-08 04:00,-1.9,223.5,.6,0,1024.3,1026.4,97.2,0,0
889,2022-12-08 05:00,-2.1,217.2,.5,0,1024.5,1026.6,98.5,0,0
889,2022-12-08 06:00,-2.5,232.1,.8,0,1024.8,1026.9,98.9,0,0
889,2022-12-08 07:00,-2.5,235.2,.8,0,1025.3,1027.4,99.9,0,0
889,2022-12-08 08:00,-2.1,0,.3,0,1025.5,1027.6,99.8,0,0
889,2022-12-08 09:00,-1.1,0,.4,0,1025.9,1028,97.7,0,0
889,2022-12-08 10:00,4.6,0,.3,0,1026.3,1028.3,74.3,0,0
889,2022-12-08 11:00,6.2,13.3,.7,0,1026,1028,61,0,0
889,2022-12-08 12:00,7.2,45,.5,0,1025,1027,49,0,0
889,2022-12-08 13:00,8.1,25.4,1.1,0,1024.3,1026.3,37.6,0,0
889,2022-12-08 14:00,9.1,351.7,1.5,0,1023.9,1025.9,24.2,0,0
889,2022-12-08 15:00,9.4,345,1.3,0,1023.5,1025.5,22.5,0,0
889,2022-12-08 16:00,9.5,345.2,.7,0,1023.5,1025.5,21.1,0,0
889,2022-12-08 17:00,4.4,222.5,.6,0,1023.7,1025.7,41.4,0,0
889,2022-12-08 18:00,2.5,217.8,.8,0,1023.8,1025.9,54.6,0,0
889,2022-12-08 19:00,1.5,215.1,.8,0,1023.7,1025.8,64.9,0,0
889,2022-12-08 20:00,.7,204.9,.6,0,1024,1026.1,72.1,0,0
889,2022-12-08 21:00,.5,210.2,.7,0,1023.8,1025.9,76.7,0,0
889,2022-12-08 22:00,0,222.8,.9,0,1023.6,1025.7,85,0,0
889,2022-12-08 23:00,.1,218.3,.6,0,1023.4,1025.5,89,0,0
889,2022-12-09 00:00,-.5,234,.6,0,1023.3,1025.4,90.3,0,0
889,2022-12-09 01:00,-1,217.3,.7,0,1023.3,1025.4,88.9,0,0
889,2022-12-09 02:00,-.9,213.8,.6,0,1022.8,1024.9,89.5,0,0
889,2022-12-09 03:00,-1,213.1,.5,0,1022.4,1024.5,91.5,0,0
889,2022-12-09 04:00,-.8,0,.4,0,1022.1,1024.2,92.2,0,0
889,2022-12-09 05:00,.6,206.4,.5,0,1021.6,1023.7,91,0,0
889,2022-12-09 06:00,1.5,0,.4,0,1021.2,1023.3,88.6,0,0
889,2022-12-09 07:00,3.2,107.7,.6,0,1021.3,1023.3,67.2,0,0
889,2022-12-09 08:00,2.6,0,.3,0,1021.4,1023.4,80.4,0,0
889,2022-12-09 09:00,3.9,0,.3,0,1021.7,1023.7,71.8,0,0
889,2022-12-09 10:00,5.4,5.3,.7,0,1022,1024,64.3,0,0
889,2022-12-09 11:00,6.4,23.1,1,0,1022,1024,61.1,0,0
889,2022-12-09 12:00,8,4.5,1.3,0,1021.3,1023.3,54.8,0,0
889,2022-12-09 13:00,8.6,34.7,.9,0,1020.3,1022.3,54.5,0,0
889,2022-12-09 14:00,10.5,351,1.1,0,1019.9,1021.9,53.8,0,0
889,2022-12-09 15:00,10.4,285.5,1.6,0,1019.4,1021.4,54,0,0
889,2022-12-09 16:00,9.6,273.6,1.6,0,1019.5,1021.5,55.4,0,0
889,2022-12-09 17:00,8.2,285.6,1.2,0,1019.9,1021.9,59.7,0,0
889,2022-12-09 18:00,7.3,279.4,1,0,1020.1,1022.1,56.6,0,0
889,2022-12-09 19:00,2.8,222.1,.7,0,1020.4,1022.4,76.1,0,0
889,2022-12-09 20:00,2.1,169.9,.5,0,1020.6,1022.6,85.8,0,0
889,2022-12-09 21:00,1.5,227.9,1,0,1020.7,1022.8,91.3,0,0
889,2022-12-09 22:00,.8,226.8,.9,0,1020.9,1023,83.4,0,0
889,2022-12-09 23:00,.1,233,1,0,1020.8,1022.9,72.5,0,0
889,2022-12-10 00:00,-.8,225.7,.6,0,1020.9,1023,77,0,0
889,2022-12-10 01:00,-1.3,0,.4,0,1021.1,1023.2,79.8,0,0
889,2022-12-10 02:00,-1.8,222.9,.6,0,1021.2,1023.3,85.8,0,0
889,2022-12-10 03:00,-1.9,222.8,.7,0,1021.1,1023.2,89.1,0,0
889,2022-12-10 04:00,-1.7,221.7,.6,0,1020.4,1022.5,90.4,0,0
889,2022-12-10 05:00,-2.1,228.5,.7,0,1020.7,1022.8,95.9,0,0
889,2022-12-10 06:00,-2.4,0,.4,0,1020.8,1022.9,93.2,0,0
889,2022-12-10 07:00,-2.4,220.9,.6,0,1021,1023.1,97.2,0,0
889,2022-12-10 08:00,-2.2,218.5,.7,0,1020.5,1022.6,94.8,0,0
889,2022-12-10 09:00,.4,0,.3,0,1020.2,1022.3,86.2,0,0
889,2022-12-10 10:00,3,0,.2,0,1020.2,1022.2,61.3,0,0
889,2022-12-10 11:00,3.8,312.8,1.4,0,1019.9,1021.9,40.9,0,0
889,2022-12-10 12:00,6.8,216.4,.7,0,1018.9,1020.9,32.6,0,0
889,2022-12-10 13:00,6.9,26.5,.7,0,1017.8,1019.8,32,0,0
889,2022-12-10 14:00,6.7,235.7,.6,0,1017.6,1019.6,29.8,0,0
889,2022-12-10 15:00,6.7,269.5,.6,0,1017,1019,29.8,0,0
889,2022-12-10 16:00,6.7,318.8,.6,0,1017.1,1019.1,32.1,0,0
889,2022-12-10 17:00,3.8,0,.4,0,1017.4,1019.4,42.4,0,0
889,2022-12-10 18:00,1.6,227.5,.6,0,1017.9,1019.9,53.5,0,0
889,2022-12-10 19:00,1.1,233.9,.8,0,1018.2,1020.3,59.2,0,0
889,2022-12-10 20:00,0,230.6,.8,0,1018.2,1020.3,62,0,0
889,2022-12-10 21:00,2.5,231.7,.6,0,1018.6,1020.6,51.8,0,0
889,2022-12-10 22:00,.3,221.7,.7,0,1018.7,1020.8,63.3,0,0
889,2022-12-10 23:00,-.6,216.1,.8,0,1019.2,1021.3,66,0,0
889,2022-12-11 00:00,3.1,265.3,1.7,0,1019.8,1021.8,53.3,0,0
889,2022-12-11 01:00,.3,214.1,.5,0,1019.8,1021.9,65.5,0,0
889,2022-12-11 02:00,-1.9,226.7,.8,0,1020.1,1022.2,77,0,0
889,2022-12-11 03:00,-1.2,207.5,.5,0,1020.3,1022.4,77.6,0,0
889,2022-12-11 04:00,-1.9,234.9,.9,0,1020.5,1022.6,76.9,0,0
889,2022-12-11 05:00,-1.5,209.4,.5,0,1020.7,1022.8,73.4,0,0
889,2022-12-11 06:00,-3.3,237.3,.8,0,1020.7,1022.8,79.3,0,0
889,2022-12-11 07:00,-3.3,251.1,.5,0,1021.5,1023.6,79.6,0,0
889,2022-12-11 08:00,-3.4,243.7,.5,0,1022,1024.1,80,0,0
889,2022-12-11 09:00,-1.1,0,.3,0,1022.5,1024.6,71.1,0,0
889,2022-12-11 10:00,2.9,322.6,.7,0,1022.8,1024.8,58,0,0
889,2022-12-11 11:00,4.3,346,1.3,0,1022.9,1024.9,47.7,0,0
889,2022-12-11 12:00,4.9,324.5,1.5,0,1022.6,1024.6,41.5,0,0
889,2022-12-11 13:00,6.3,319.9,1.5,0,1021.9,1023.9,37.6,0,0
889,2022-12-11 14:00,7.1,262.1,1.3,0,1021.4,1023.4,32.6,0,0
889,2022-12-11 15:00,7.3,285.3,1.2,0,1021.3,1023.3,31.3,0,0
889,2022-12-11 16:00,7.3,347.3,1.3,0,1021.6,1023.6,28.4,0,0
889,2022-12-11 17:00,3.7,275,.6,0,1022.1,1024.1,40.3,0,0
889,2022-12-11 18:00,.5,225.3,.8,0,1022.3,1024.4,56.2,0,0
889,2022-12-11 19:00,-.7,212.4,.8,0,1022.4,1024.5,66.9,0,0
889,2022-12-11 20:00,-1.5,228.4,.7,0,1022.8,1024.9,69.4,0,0
889,2022-12-11 21:00,-2,231.2,.8,0,1022.8,1024.9,73.4,0,0
889,2022-12-11 22:00,-2.4,229.3,.6,0,1022.9,1025,75.2,0,0
889,2022-12-11 23:00,-2.9,235.2,.5,0,1022.9,1025,76.8,0,0
889,2022-12-12 00:00,-3.1,237.5,.7,0,1023,1025.1,79.9,0,0
889,2022-12-12 01:00,-3,0,.4,0,1023.4,1025.5,79.9,0,0
889,2022-12-12 02:00,-3.3,223.6,.7,0,1023.3,1025.4,85.6,0,0
889,2022-12-12 03:00,-3.5,0,.4,0,1023.1,1025.2,87.8,0,0
889,2022-12-12 04:00,-3.8,199.2,.5,0,1022.9,1025,89,0,0
889,2022-12-12 05:00,-3.2,232.3,.5,0,1022.1,1024.2,88.5,0,0
889,2022-12-12 06:00,-2.3,0,.3,0,1021.6,1023.7,86.4,0,0
889,2022-12-12 07:00,-2.4,225.5,.7,0,1021.4,1023.5,88.1,0,0
889,2022-12-12 08:00,-1.7,184.2,.6,0,1021.4,1023.5,87.6,0,0
889,2022-12-12 09:00,1.1,93.4,.7,0,1020.6,1022.7,64.6,0,0
889,2022-12-12 10:00,2.6,0,.3,0,1020.6,1022.6,61.8,0,0
889,2022-12-12 11:00,4.1,7.1,.9,0,1020.3,1022.3,49.9,0,0
889,2022-12-12 12:00,5.3,23.5,.7,0,1019.1,1021.1,53.3,0,0
889,2022-12-12 13:00,5.6,24.1,.8,0,1018,1020,56.5,0,0
889,2022-12-12 14:00,6.3,16,.6,0,1017,1019,57.5,0,0
889,2022-12-12 15:00,6.8,217,1.5,0,1016.1,1018.1,60.7,0,0
889,2022-12-12 16:00,6.5,219,.7,0,1015.6,1017.6,65.6,0,0
889,2022-12-12 17:00,5.5,234.4,1.4,0,1015.7,1017.7,78.5,0,0
889,2022-12-12 18:00,3.7,229.8,1.8,1.5,1015.9,1017.9,99.8,0,0
889,2022-12-12 19:00,3.1,157.4,.8,2,1015.7,1017.7,99.9,0,0
889,2022-12-12 20:00,2.6,0,.4,0,1015.3,1017.3,99.9,0,0
889,2022-12-12 21:00,1.3,215.9,.5,0,1015.3,1017.3,99.9,0,0
889,2022-12-12 22:00,.3,227.9,.5,0,1015.2,1017.3,99.9,0,0
889,2022-12-12 23:00,.5,0,.1,0,1015.1,1017.2,99.9,0,0
889,2022-12-13 00:00,2.7,218.8,1.1,0,1015.4,1017.4,99.9,0,0
889,2022-12-13 01:00,2.1,226.6,.6,0,1015.1,1017.1,99.9,0,0
889,2022-12-13 02:00,2.6,226.5,.9,0,1015.1,1017.1,99.9,0,0
889,2022-12-13 03:00,4,255,1.8,0,1015.4,1017.4,74.1,0,0
889,2022-12-13 04:00,3.7,254.9,1.1,0,1015,1017,71.6,0,0
889,2022-12-13 05:00,3.7,282.7,1.4,0,1014.9,1016.9,68.9,0,0
889,2022-12-13 06:00,3.2,264,1.6,0,1015.1,1017.1,67.8,0,0
889,2022-12-13 07:00,2.2,282.7,1.5,0,1015.6,1017.6,71.2,0,0
889,2022-12-13 08:00,1.6,310.5,.9,0,1016.5,1018.5,68.7,0,0
889,2022-12-13 09:00,1.9,258.9,.7,0,1017.2,1019.2,62.7,0,0
889,2022-12-13 10:00,3,266.4,1,0,1017.5,1019.5,64.7,0,0
889,2022-12-13 11:00,2.9,320.1,1.4,0,1017.3,1019.3,65.9,0,0
889,2022-12-13 12:00,3.5,297.2,.9,0,1016.5,1018.5,64.9,0,0
889,2022-12-13 13:00,3.6,337,1.3,0,1015.3,1017.3,60.9,0,0
889,2022-12-13 14:00,3,247,2.8,0,1014.7,1016.7,59.4,0,0
889,2022-12-13 15:00,.6,243.9,1.8,0,1015.2,1017.3,94.3,0,0
889,2022-12-13 16:00,1.6,256.2,1.9,0,1014.9,1016.9,85.3,0,0
889,2022-12-13 17:00,.8,246.3,2.8,.5,1014.8,1016.8,93.2,0,0
889,2022-12-13 18:00,1.2,265.1,2.6,0,1015.4,1017.4,85.7,0,0
889,2022-12-13 19:00,.6,252.3,3,0,1016.5,1018.6,76.3,0,0
889,2022-12-13 20:00,.3,296.8,2.7,0,1017.2,1019.3,69.2,0,0
889,2022-12-13 21:00,-1.1,301.8,3.5,0,1018.4,1020.5,70.6,0,0
889,2022-12-13 22:00,-3.6,281.9,3.2,0,1020.8,1022.9,61.3,0,0
889,2022-12-13 23:00,-4.6,295.9,2.9,0,1021.8,1023.9,59.3,0,0
889,2022-12-14 00:00,-5.6,285.7,3.3,0,1022.9,1025,53.6,0,0
889,2022-12-14 01:00,-6.3,308.1,2.8,0,1023.8,1025.9,47.6,0,0
889,2022-12-14 02:00,-7.1,295.8,2.4,0,1024.4,1026.5,46.8,0,0
889,2022-12-14 03:00,-8,310.8,2.5,0,1025.7,1027.8,45.1,0,0
889,2022-12-14 04:00,-8.4,341.2,2.2,0,1026,1028.1,46.2,0,0
889,2022-12-14 05:00,-8.9,346.8,2.4,0,1026.3,1028.5,45.3,0,0
889,2022-12-14 06:00,-9.2,332.8,1.6,0,1027.2,1029.4,45.8,0,0
889,2022-12-14 07:00,-9.5,347.1,2.7,0,1027.8,1030,46.6,0,0
889,2022-12-14 08:00,-9.8,304,1.1,0,1028.6,1030.8,47,0,0
889,2022-12-14 09:00,-9.4,326.6,2.1,0,1028.9,1031.1,45.3,0,0
889,2022-12-14 10:00,-8.8,302,1.7,0,1029,1031.2,44,0,0
889,2022-12-14 11:00,-7.5,254.9,1.9,0,1029.2,1031.3,45.3,0,0
889,2022-12-14 12:00,-6.1,295.8,2.4,0,1028.9,1031,46.1,.73,2.5
889,2022-12-14 13:00,-5.7,313.4,2.5,0,1027.7,1029.8,47.3,-.73,-2.5
889,2022-12-14 14:00,-5.4,267.4,3.4,0,1027.3,1029.4,46.4,2.15,7
889,2022-12-14 15:00,-5,275.8,2.3,0,1026.8,1028.9,46.9,-2.15,-7
889,2022-12-14 16:00,-5.3,299,2,0,1026.2,1028.3,47.3,2.15,7
889,2022-12-14 17:00,-5.9,277.9,.9,0,1025.6,1027.7,50.9,-2.15,-7
889,2022-12-14 18:00,-6,334.2,1,0,1025.7,1027.8,50,2.15,7
889,2022-12-14 19:00,-7.3,290.3,.6,0,1025.9,1028,56.7,-2.15,-7
889,2022-12-14 20:00,-8.6,0,.4,0,1026.1,1028.2,67.2,2.15,7
889,2022-12-14 21:00,-8.4,224,.7,0,1026.2,1028.3,68.5,-2.15,-7
889,2022-12-14 22:00,-8.8,223.7,.6,0,1025.8,1027.9,72.6,2.15,7
889,2022-12-14 23:00,-9.1,0,.4,0,1025.7,1027.9,75.6,-2.15,-7
889,2022-12-15 00:00,-8.4,231.8,.5,0,1025.7,1027.8,75.3,2.15,7
889,2022-12-15 01:00,-6.1,0,.2,0,1025.7,1027.8,64.4,0,0
889,2022-12-15 02:00,-5.5,114.8,.7,0,1025.4,1027.5,56.1,0,0
889,2022-12-15 03:00,-5.5,82.1,.7,0,1025.5,1027.6,61.8,0,0
889,2022-12-15 04:00,-7,179.7,.7,0,1024.6,1026.7,67.5,0,0
889,2022-12-15 05:00,-6.5,98.8,1.2,0,1024.3,1026.4,65.7,0,0
889,2022-12-15 06:00,-6.2,96.6,.9,0,1024.4,1026.5,69.3,0,0
889,2022-12-15 07:00,-6.2,73.7,.9,0,1024.2,1026.3,68.8,0,0
889,2022-12-15 08:00,-5.7,67,1.1,0,1023.9,1026,68.6,0,0
889,2022-12-15 09:00,-4.9,102.9,1,0,1024.1,1026.2,69.2,0,0
889,2022-12-15 10:00,-3.8,86.7,1.3,0,1023.8,1025.9,70.2,0,0
889,2022-12-15 11:00,-2,32.5,1.1,0,1023.2,1025.3,69,0,0
889,2022-12-15 12:00,-1,49.9,1,0,1021.9,1024,73.9,0,0
889,2022-12-15 13:00,-1.5,68.6,.7,.5,1020.7,1022.8,97.8,0,0
889,2022-12-15 14:00,-.9,1.4,.6,0,1019.9,1022,99.4,0,0
889,2022-12-15 15:00,-1.1,0,.4,.5,1019.7,1021.8,99.9,0,0
889,2022-12-15 16:00,-.5,15.2,.9,0,1019.6,1021.7,99.7,0,0
889,2022-12-15 17:00,-.3,12.4,1.1,0,1020.3,1022.4,97.3,0,0
889,2022-12-15 18:00,-.6,99.1,1.1,0,1021.4,1023.5,96.4,0,0
889,2022-12-15 19:00,-1.3,112.8,.5,0,1022.3,1024.4,96.2,0,0
889,2022-12-15 20:00,-2.4,262.4,1.1,0,1023.1,1025.2,98.2,0,0
889,2022-12-15 21:00,-2.7,251.3,.7,0,1023.7,1025.8,90.2,0,0
889,2022-12-15 22:00,-3.1,296.8,1.4,0,1024.8,1026.9,76.5,0,0
889,2022-12-15 23:00,-4,304.8,1.8,0,1025.6,1027.7,66.2,0,0
889,2022-12-16 00:00,-4.9,288.6,1.8,0,1026.3,1028.4,69.7,0,0
889,2022-12-16 01:00,-5.7,274.8,1.2,0,1027.1,1029.2,72.9,0,0
889,2022-12-16 02:00,-6.1,276.2,1.1,0,1027.9,1030,76.2,0,0
889,2022-12-16 03:00,-8.5,229.9,1,0,1027.9,1030.1,86.3,0,0
889,2022-12-16 04:00,-7.9,264.2,1,0,1027.7,1029.8,78.5,0,0
889,2022-12-16 05:00,-8.9,238.3,1.3,0,1027.8,1030,81.1,0,0
889,2022-12-16 06:00,-7.8,267.9,1.4,0,1028.3,1030.4,69.2,0,0
889,2022-12-16 07:00,-9.1,240.4,1.2,0,1029.3,1031.5,71.3,0,0
889,2022-12-16 08:00,-8.6,247.3,1.3,0,1030.5,1032.7,60.6,0,0
889,2022-12-16 09:00,-8.2,188.9,.5,0,1030.5,1032.7,57.6,0,0
889,2022-12-16 10:00,-5.4,0,.4,0,1031,1033.1,54.3,0,0
889,2022-12-16 11:00,-4.7,271.6,1.3,0,1030.9,1033,35.1,0,0
889,2022-12-16 12:00,-3.7,254.4,.8,0,1030.1,1032.2,37,0,0
889,2022-12-16 13:00,-2.7,1,1.5,0,1029.1,1031.2,38.6,0,0
889,2022-12-16 14:00,-2.4,271.1,1.3,0,1028.9,1031,38.9,0,0
889,2022-12-16 15:00,-1.2,269.6,1.4,0,1028.3,1030.4,38.9,0,0
889,2022-12-16 16:00,-2.5,277.9,1.6,0,1028.5,1030.6,36.1,0,0
889,2022-12-16 17:00,-3.5,301.4,1.1,0,1028.6,1030.7,44.2,0,0
889,2022-12-16 18:00,-4.6,245.5,1.1,0,1029.2,1031.3,49.6,0,0
889,2022-12-16 19:00,-4.6,281.9,1.1,0,1029.8,1031.9,46.5,0,0
889,2022-12-16 20:00,-4.5,286.5,1.6,0,1029.7,1031.8,41.5,0,0
889,2022-12-16 21:00,-4.7,285.3,1.3,0,1029.7,1031.8,47,0,0
889,2022-12-16 22:00,-5.1,274,1.1,0,1029.6,1031.7,45.5,0,0
889,2022-12-16 23:00,-5.4,266.5,.5,0,1029.6,1031.7,50.6,0,0
889,2022-12-17 00:00,-6.4,0,.3,0,1029.2,1031.3,57,0,0
889,2022-12-17 01:00,-5.5,269.6,.6,0,1028.4,1030.5,51.9,0,0
889,2022-12-17 02:00,-7.9,0,.4,0,1028,1030.1,62.8,0,0
889,2022-12-17 03:00,-9.5,223.8,.5,0,1026.8,1029,71.7,0,0
889,2022-12-17 04:00,-8.8,215.2,.5,0,1026.1,1028.2,71,0,0
889,2022-12-17 05:00,-9.4,0,.4,0,1025.2,1027.4,72.7,0,0
889,2022-12-17 06:00,-6.1,84.2,.8,0,1024.7,1026.8,59.9,0,0
889,2022-12-17 07:00,-6.3,10.9,1.2,0,1025,1027.1,55.5,0,0
889,2022-12-17 08:00,-6.9,227.9,.5,0,1025.5,1027.6,94,0,0
889,2022-12-17 09:00,-6.5,0,.4,0,1025,1027.1,87,.03,0
889,2022-12-17 10:00,-4.7,207.1,.9,0,1024.8,1026.9,77.6,-.03,0
889,2022-12-17 11:00,-3.1,239,1.2,,1024.3,1026.4,47.6,,
889,2022-12-17 12:00,-2.8,330.9,1.8,,1024,1026.1,38.8,,
889,2022-12-17 13:00,-3.4,335.8,2.7,,1023.2,1025.3,35.5,,
889,2022-12-17 14:00,-2.9,331.8,2.7,,1022.8,1024.9,34.8,,
889,2022-12-17 15:00,-2.6,289.7,2,,1022.3,1024.4,36,,
889,2022-12-17 16:00,-3.9,331.7,2.1,,1022.3,1024.4,37.7,,
889,2022-12-17 17:00,-4.9,324.7,2.1,,1022.6,1024.7,40.6,,
889,2022-12-17 18:00,-5.9,269.2,2.6,,1023,1025.1,41.8,,
889,2022-12-17 19:00,-6.4,273.4,2,,1023.1,1025.2,47,,
889,2022-12-17 20:00,-7.2,288.6,1.6,,1023.6,1025.7,53.4,,
889,2022-12-17 21:00,-7.5,290.8,1.9,,1023.9,1026,49.9,,
889,2022-12-17 22:00,-8,312.4,1.1,,1023.5,1025.6,52.9,,
889,2022-12-17 23:00,-8.5,266.7,1.5,,1023.2,1025.3,55.4,,
889,2022-12-18 00:00,-8.9,301.2,.9,,1023,1025.1,53.8,0,0
889,2022-12-18 01:00,-9.2,295.1,.9,0,1022.8,1024.9,54.6,0,0
889,2022-12-18 02:00,-9.6,3.5,1,0,1022.6,1024.7,54.2,0,0
889,2022-12-18 03:00,-10.3,252.8,.6,0,1022.6,1024.8,56.6,0,0
889,2022-12-18 04:00,-10.2,328.2,.9,0,1022,1024.1,54.5,0,0
889,2022-12-18 05:00,-10.3,358.1,1.8,0,1021.7,1023.9,42.1,0,0
889,2022-12-18 06:00,-10.4,280.4,1.2,0,1021.8,1024,37.7,0,0
889,2022-12-18 07:00,-10.5,345.9,.9,0,1022.4,1024.6,36,0,0
889,2022-12-18 08:00,-12.1,226.3,.7,0,1022.3,1024.5,46.7,0,0
889,2022-12-18 09:00,-11.8,0,.3,0,1022.4,1024.6,50.9,0,0
889,2022-12-18 10:00,-8.4,253.7,1.1,0,1022.8,1024.9,35.5,0,0
889,2022-12-18 11:00,-7.3,354.5,1.6,0,1022.7,1024.8,38.1,0,0
889,2022-12-18 12:00,-7,287.4,1.8,0,1021.9,1024,38.1,0,0
889,2022-12-18 13:00,-6.4,323.4,1.3,0,1021.4,1023.5,39.5,0,0
889,2022-12-18 14:00,-6.1,268.9,1.9,0,1020.9,1023,41.7,0,0
889,2022-12-18 15:00,-5.2,321.8,2,0,1020.6,1022.7,42.3,0,0
889,2022-12-18 16:00,-5.3,262.4,2,0,1020.6,1022.7,42.2,0,0
889,2022-12-18 17:00,-6.4,310.6,1.6,0,1020.7,1022.8,45.4,0,0
889,2022-12-18 18:00,-6.9,270.4,1.6,0,1021.3,1023.4,46,0,0
889,2022-12-18 19:00,-7.4,283.8,1.5,0,1021.9,1024,48.9,0,0
889,2022-12-18 20:00,-8.1,279.5,.8,0,1022.3,1024.4,49.9,0,0
889,2022-12-18 21:00,-8.4,293.9,.7,0,1022.7,1024.8,50.9,0,0
889,2022-12-18 22:00,-8.5,339.7,1.1,0,1023,1025.1,52.2,0,0
889,2022-12-18 23:00,-9.1,254.3,1.1,0,1023.2,1025.3,59,0,0
889,2022-12-19 00:00,-9.7,263,.9,0,1023,1025.2,61.5,0,0
889,2022-12-19 01:00,-9.7,262.8,1,0,1023.1,1025.3,61.7,0,0
889,2022-12-19 02:00,-11.5,208.6,.5,0,1023.5,1025.7,68.5,0,0
889,2022-12-19 03:00,-12.5,223.7,.8,0,1023.7,1025.9,74.5,0,0
889,2022-12-19 04:00,-12.8,234.9,1,0,1023.8,1026,76,0,0
889,2022-12-19 05:00,-12.8,221.1,.7,0,1023.6,1025.8,78.4,0,0
889,2022-12-19 06:00,-12.7,208.8,.6,0,1024.4,1026.6,80,0,0
889,2022-12-19 07:00,-12.5,0,.4,0,1024.6,1026.8,79.9,0,0
889,2022-12-19 08:00,-12.3,221.9,.6,0,1025.2,1027.4,77.6,0,0
889,2022-12-19 09:00,-10.2,0,.3,0,1025.9,1028.1,73.4,0,0
889,2022-12-19 10:00,-6.2,0,.3,0,1026.4,1028.5,50.9,0,0
889,2022-12-19 11:00,-4.7,229.6,.9,0,1026.5,1028.6,47.1,0,0
889,2022-12-19 12:00,-3,146.5,.5,0,1025.9,1028,42.4,0,0
889,2022-12-19 13:00,-3.1,20.5,1.2,0,1025.2,1027.3,41.2,0,0
889,2022-12-19 14:00,-2.1,284.1,.9,0,1024.9,1027,40,0,0
889,2022-12-19 15:00,-2.4,338.2,1.1,0,1025,1027.1,41.7,0,0
889,2022-12-19 16:00,-2.7,282.9,1.4,0,1025.1,1027.2,44,0,0
889,2022-12-19 17:00,-2.8,272.3,1.1,0,1025.3,1027.4,45.1,0,0
889,2022-12-19 18:00,-2.9,273.9,1.3,0,1025.7,1027.8,45.4,0,0
889,2022-12-19 19:00,-4.7,216.6,.5,0,1026,1028.1,58.2,0,0
889,2022-12-19 20:00,-4.8,223.7,.6,0,1026.4,1028.5,62.4,0,0
889,2022-12-19 21:00,-6.2,222.5,.7,0,1026.7,1028.8,62.6,0,0
889,2022-12-19 22:00,-7.4,237.7,.8,0,1027,1029.1,63.6,0,0
889,2022-12-19 23:00,-8.2,230.8,.8,0,1027.4,1029.5,68.6,0,0
889,2022-12-20 00:00,-8.9,210.7,.5,0,1027.3,1029.5,71.4,0,0
889,2022-12-20 01:00,-9.4,219,.7,0,1027.5,1029.7,72.2,0,0
889,2022-12-20 02:00,-9.7,227.5,.8,0,1027.7,1029.9,71.7,0,0
889,2022-12-20 03:00,-9.6,233.1,.9,0,1027.9,1030.1,73.7,0,0
889,2022-12-20 04:00,-10.5,227.1,.8,0,1028.1,1030.3,74.5,0,0
889,2022-12-20 05:00,-10.4,225.7,.8,0,1027.8,1030,78.5,0,0
889,2022-12-20 06:00,-10.6,231.1,.7,0,1027.6,1029.8,79.1,0,0
889,2022-12-20 07:00,-10.4,0,.3,0,1027.8,1030,89.1,0,0
889,2022-12-20 08:00,-10.4,227.4,.8,0,1028.4,1030.6,87.9,0,0
889,2022-12-20 09:00,-8.7,0,.4,0,1029.1,1031.3,80.9,0,0
889,2022-12-20 10:00,-4,.8,.5,0,1029.1,1031.2,65.9,0,0
889,2022-12-20 11:00,-1.4,59.5,.8,0,1028.1,1030.2,47.5,0,0
889,2022-12-20 12:00,-.5,11.3,1.6,0,1027.1,1029.2,45.5,0,0
889,2022-12-20 13:00,.6,11.6,1.8,0,1026.1,1028.2,44.5,0,0
889,2022-12-20 14:00,.9,8.7,1.6,0,1025.1,1027.2,47.9,0,0
889,2022-12-20 15:00,1.6,33.5,.8,0,1024.3,1026.4,46.9,0,0
889,2022-12-20 16:00,1.8,69.8,.5,0,1023.7,1025.8,49.1,0,0
889,2022-12-20 17:00,-.3,,,0,1023.2,1025.3,56.7,0,0
889,2022-12-20 18:00,-.4,,,,1023,1025.1,58.9,0,0
889,2022-12-20 19:00,.8,58.5,1,0,1022.3,1024.4,52.2,0,0
889,2022-12-20 20:00,.7,79.5,1.1,0,1021.3,1023.4,52.2,0,0
889,2022-12-20 21:00,.4,93.5,1,0,1020.8,1022.9,54.7,0,0
889,2022-12-20 22:00,.6,89.7,1,0,1020.3,1022.4,53.9,0,0
889,2022-12-20 23:00,.6,30.7,.7,0,1019.9,1022,55.3,0,0
889,2022-12-21 00:00,.8,88.7,1.4,0,1019.6,1021.7,55.7,0,0
889,2022-12-21 01:00,.7,73.6,1.5,0,1018.1,1020.2,56.3,0,0
889,2022-12-21 02:00,.7,64.3,1.3,0,1016.2,1018.3,55.8,,
889,2022-12-21 03:00,1.2,76.7,2.3,0,1015.3,1017.3,52.1,,
889,2022-12-21 04:00,1.3,76.9,1.3,0,1014.5,1016.5,56.9,,
889,2022-12-21 05:00,-.3,58.6,1.1,0,1013.2,1015.3,94.7,,
889,2022-12-21 06:00,-.3,20,.8,0,1012.4,1014.5,97.6,,
889,2022-12-21 07:00,-.6,60.8,.6,.5,1012.1,1014.2,99.9,,
889,2022-12-21 08:00,-.8,0,.4,1,1011.4,1013.5,99.9,,
889,2022-12-21 09:00,-.3,77.9,.5,.5,1011,1013,99.9,,
889,2022-12-21 10:00,.2,80.8,.6,0,1010.5,1012.5,99.9,,
889,2022-12-21 11:00,1.1,31.7,.6,0,1009.9,1011.9,95.9,,
889,2022-12-21 12:00,1.3,20.9,1,0,1009.3,1011.3,95.9,,
889,2022-12-21 13:00,1.4,0,.4,0,1008.7,1010.7,96.5,,
889,2022-12-21 14:00,2.2,165.6,.5,0,1008.3,1010.3,94.8,,
889,2022-12-21 15:00,2.7,0,.1,0,1008,1010,94.1,,
889,2022-12-21 16:00,2.3,0,.2,0,1008.1,1010.1,99.9,,
889,2022-12-21 17:00,.3,212.2,.6,0,1008.1,1010.1,99.9,,
889,2022-12-21 18:00,-.4,0,.3,0,1008,1010,99.9,,
889,2022-12-21 19:00,-.5,228.4,.6,0,1007.8,1009.8,99.9,,
889,2022-12-21 20:00,1.5,236.8,2.1,1,1008.7,1010.7,99.9,,
889,2022-12-21 21:00,1,296.1,2,0,1009.3,1011.3,90.6,,
889,2022-12-21 22:00,.1,274.3,2.1,0,1009.6,1011.6,78.2,,
889,2022-12-21 23:00,-.8,309.3,1.4,0,1009.8,1011.8,71.4,,
889,2022-12-22 00:00,-1.5,266.6,1.9,0,1009.9,1012,71.6,,
889,2022-12-22 01:00,-2.2,293.7,2.1,0,1009.8,1011.9,72.3,,
889,2022-12-22 02:00,-3.2,252.7,1.6,0,1009.9,1012,69.6,,
889,2022-12-22 03:00,-4.1,270.6,.8,0,1009.9,1012,74,,
889,2022-12-22 04:00,-4.3,267.9,2,0,1009.8,1011.9,69.4,,
889,2022-12-22 05:00,-4.8,301.5,1.6,0,1009.5,1011.6,73.1,,
889,2022-12-22 06:00,-5.7,290.6,1.1,0,1009.6,1011.7,75.6,,
889,2022-12-22 07:00,-6.4,293.3,1.1,0,1009.7,1011.8,73.9,,
889,2022-12-22 08:00,-7,318.5,1.5,0,1010,1012.1,72.2,,
889,2022-12-22 09:00,-6.8,332.7,1.5,0,1010.1,1012.2,70.2,,
889,2022-12-22 10:00,-6.3,321.9,1.8,0,1010,1012.1,65.8,,
889,2022-12-22 11:00,-6,300.5,1.6,0,1009.5,1011.6,66.8,,
889,2022-12-22 12:00,-6,259.6,2.8,0,1008.6,1010.7,57.5,,
889,2022-12-22 13:00,-5.9,276.1,2.5,0,1008.1,1010.2,56.6,,
889,2022-12-22 14:00,-5.6,336.5,2.2,0,1007.9,1010,53.8,,
889,2022-12-22 15:00,-5.8,264.7,2.9,0,1008.1,1010.2,49.9,,
889,2022-12-22 16:00,-6.1,260.1,3.7,0,1008.5,1010.6,44.3,,
889,2022-12-22 17:00,-6.7,314.7,2.2,0,1008.4,1010.5,49.1,,
889,2022-12-22 18:00,-7.3,296.2,2.5,0,1008.6,1010.7,48.9,,
889,2022-12-22 19:00,-7.9,281.1,2.6,0,1009.3,1011.4,52.7,,
889,2022-12-22 20:00,-8.8,283.5,2,0,1009.3,1011.4,57.4,,
889,2022-12-22 21:00,-9.1,275.1,3.1,0,1009.4,1011.5,54.1,,
889,2022-12-22 22:00,-9.4,281,2.5,0,1009.4,1011.5,54.7,,
889,2022-12-22 23:00,-9.7,292.9,1.9,0,1009.7,1011.8,56.7,,
889,2022-12-23 00:00,-10.4,244.8,2.7,0,1009.7,1011.8,59.8,,
889,2022-12-23 01:00,-10.8,282.7,2.3,0,1009.7,1011.8,58.6,,
889,2022-12-23 02:00,-11.3,280.9,3.1,0,1010.2,1012.3,58,,
889,2022-12-23 03:00,-11.7,283.6,1.8,0,1010.5,1012.6,63,,
889,2022-12-23 04:00,-12.2,253.4,3.2,0,1010.8,1012.9,60.4,,
889,2022-12-23 05:00,-12.4,251.2,3.2,0,1010.8,1012.9,60.2,,
889,2022-12-23 06:00,-12.5,276,2.9,0,1011.1,1013.2,62.1,,
889,2022-12-23 07:00,-12.6,271.1,2.9,0,1011.5,1013.6,60.7,,
889,2022-12-23 08:00,-12.4,272.3,2,0,1011.9,1014,60,,
889,2022-12-23 09:00,-12.2,280.6,2.3,0,1012.2,1014.3,57.1,,
889,2022-12-23 10:00,-11.3,256.6,3.2,0,1012.6,1014.7,57.5,,
889,2022-12-23 11:00,-10.7,307.4,3,0,1012.4,1014.5,55.9,,
889,2022-12-23 12:00,-9.4,253.4,3,0,1011.4,1013.5,54.8,,
889,2022-12-23 13:00,-9.1,280.9,2.6,0,1010.9,1013,50.5,,
889,2022-12-23 14:00,-8.7,287,2.6,0,1010.8,1012.9,52.6,,
889,2022-12-23 15:00,-8.3,268.2,2.6,0,1011.1,1013.2,52.9,,
889,2022-12-23 16:00,-9,274.9,2.8,0,1011.6,1013.7,54.4,,
889,2022-12-23 17:00,-9.7,277.6,1.8,0,1012.2,1014.3,58.9,,
889,2022-12-23 18:00,-10.5,299.3,2.2,0,1013.4,1015.5,57.4,,
889,2022-12-23 19:00,-10.7,293.4,2.4,0,1014.7,1016.8,56.6,,
889,2022-12-23 20:00,-10.8,259.7,2.5,0,1014.9,1017,57.8,,
889,2022-12-23 21:00,-10.6,271.1,1.9,0,1015.5,1017.6,59.5,,
889,2022-12-23 22:00,-10.7,2,1.3,0,1016,1018.1,60.3,,
889,2022-12-23 23:00,-10.9,244.3,1.1,0,1016.1,1018.2,59.4,,
889,2022-12-24 00:00,-10.8,346.7,.8,0,1016.5,1018.6,60,,
889,2022-12-24 01:00,-12.4,230.3,.6,0,1016.5,1018.7,69,,
889,2022-12-24 02:00,-13.1,216.4,.7,0,1016.6,1018.8,72.5,,
889,2022-12-24 03:00,-13.3,0,.3,0,1017.2,1019.4,72.4,,
889,2022-12-24 04:00,-12.3,0,.4,0,1017.6,1019.8,65,,
889,2022-12-24 05:00,-13.1,228.3,.7,0,1018.2,1020.4,67.5,,
889,2022-12-24 06:00,-13.3,0,.4,0,1018.5,1020.7,70.8,,
889,2022-12-24 07:00,-11.3,40.8,1.1,0,1019.5,1021.7,56.8,,
889,2022-12-24 08:00,-13.2,215.8,.6,0,1019.4,1021.6,67.6,,
889,2022-12-24 09:00,-11,105.9,1.1,0,1020.1,1022.3,57.9,,
889,2022-12-24 10:00,-8.6,108.8,1,0,1020.6,1022.7,51.6,,
889,2022-12-24 11:00,-7.8,33.1,.8,0,1020.7,1022.8,47.5,,
889,2022-12-24 12:00,-7.1,12.2,1.3,0,1020.2,1022.3,48,,
889,2022-12-24 13:00,-5.7,36.3,.9,0,1019.4,1021.5,45.5,,
889,2022-12-24 14:00,-5,354.9,1.4,0,1018.9,1021,44,,
889,2022-12-24 15:00,-2.1,277.9,.5,0,1018.8,1020.9,41,,
889,2022-12-24 16:00,-2.2,.2,.6,0,1018.8,1020.9,41,,
889,2022-12-24 17:00,-5.4,221.2,.6,0,1019.2,1021.3,60.4,,
889,2022-12-24 18:00,-5.9,242.4,.6,0,1019.8,1021.9,58.4,,
889,2022-12-24 19:00,-6.9,266.3,.8,0,1020.3,1022.4,63,,
889,2022-12-24 20:00,-8.7,213.4,.7,0,1020.4,1022.5,74.1,,
889,2022-12-24 21:00,-9,230.8,.6,0,1020.7,1022.8,75.6,,
889,2022-12-24 22:00,-9.4,223,.6,0,1021,1023.1,76.1,,
889,2022-12-24 23:00,-9.3,206.4,.8,0,1020.6,1022.7,76.4,,
889,2022-12-25 00:00,-10,219.1,.7,0,1020.9,1023,81.5,,
889,2022-12-25 01:00,-10.4,226.1,.8,0,1021.1,1023.2,83.5,,
889,2022-12-25 02:00,-10.7,205.3,.8,0,1021.2,1023.4,86.7,,
889,2022-12-25 03:00,-10.8,215.2,.9,0,1021.5,1023.7,89.7,,
889,2022-12-25 04:00,-10.7,212,.5,0,1021.2,1023.4,91.3,,
889,2022-12-25 05:00,-10.9,216.5,.7,0,1021.2,1023.4,92,,
889,2022-12-25 06:00,-11,214.4,.5,0,1021.6,1023.8,93.3,,
889,2022-12-25 07:00,-11.2,222.2,.5,0,1021.7,1023.9,91.4,,
889,2022-12-25 08:00,-11.4,216.2,.6,0,1021.9,1024.1,93,,
889,2022-12-25 09:00,-10,0,.3,0,1022.1,1024.3,90.9,,
889,2022-12-25 10:00,-5.7,0,.4,0,1022.4,1024.5,78,,
889,2022-12-25 11:00,-3.1,15.2,1.3,0,1022.6,1024.7,62.5,,
889,2022-12-25 12:00,-2.5,339.7,1.7,0,1022.6,1024.7,54.8,,
889,2022-12-25 13:00,-1.6,273.2,1.4,0,1021.7,1023.8,51.6,,
889,2022-12-25 14:00,-1.1,251.9,1.9,0,1022.2,1024.3,49.6,,
889,2022-12-25 15:00,.1,261.1,1.2,0,1022.2,1024.3,48,,
889,2022-12-25 16:00,0,262.9,1.6,0,1022.4,1024.5,47.7,,
889,2022-12-25 17:00,-1.5,243.3,.5,0,1022.5,1024.6,52.2,,
889,2022-12-25 18:00,-4.2,0,.4,0,1022.7,1024.8,68.1,,
889,2022-12-25 19:00,-5.6,227.1,1,0,1022.9,1025,74.4,,
889,2022-12-25 20:00,-6.3,215,.6,0,1023,1025.1,79,,
889,2022-12-25 21:00,-6.6,225.8,.7,0,1023.4,1025.5,80.8,,
889,2022-12-25 22:00,-6.4,225.5,.9,0,1023.4,1025.5,79.7,,
889,2022-12-25 23:00,-5.4,0,.3,0,1023.6,1025.7,74.8,,
889,2022-12-26 00:00,-7.2,221.5,.7,0,1023.7,1025.8,81.7,,
889,2022-12-26 01:00,-8.1,222.5,.7,0,1023.9,1026,91.3,,
889,2022-12-26 02:00,-8.6,210.1,.7,0,1023.8,1025.9,93.8,,
889,2022-12-26 03:00,-8.8,204.8,.5,0,1024,1026.1,95.1,,
889,2022-12-26 04:00,-9,0,.4,0,1024.1,1026.2,95.8,,
889,2022-12-26 05:00,-9.1,0,.4,0,1024.1,1026.2,96.3,,
889,2022-12-26 06:00,-9.4,200.9,.7,0,1024.1,1026.3,97.1,,
889,2022-12-26 07:00,-9.2,177.2,.5,0,1024.7,1026.8,98,,
889,2022-12-26 08:00,-9.4,182.8,.6,0,1024.9,1027.1,97.3,,
889,2022-12-26 09:00,-7.8,0,.2,0,1025.4,1027.5,97.1,,
889,2022-12-26 10:00,-4.5,0,.4,0,1025.6,1027.7,87.6,,
889,2022-12-26 11:00,-2.5,20.2,.9,0,1025.3,1027.4,73.7,,
889,2022-12-26 12:00,-2.1,15.1,1.2,0,1024.7,1026.8,66.4,,
889,2022-12-26 13:00,-.8,160.5,.5,0,1024.2,1026.3,57.6,,
889,2022-12-26 14:00,0,19.8,1.2,0,1023.8,1025.9,52.1,,
889,2022-12-26 15:00,2.4,71.6,.7,0,1024,1026.1,51.1,,
889,2022-12-26 16:00,1.3,341.1,1,0,1024,1026.1,47.8,,
889,2022-12-26 17:00,-1.2,0,.4,0,1024.5,1026.6,59.2,,
889,2022-12-26 18:00,-3.9,222.4,.6,0,1024.8,1026.9,73.5,,
889,2022-12-26 19:00,-5.2,231.9,.8,0,1025.4,1027.5,76.7,,
889,2022-12-26 20:00,-5.3,213,.5,0,1025.9,1028,76.1,,
889,2022-12-26 21:00,-6.7,229.9,.6,0,1025.9,1028,79.8,,
889,2022-12-26 22:00,-7,231.4,.9,0,1026,1028.1,82.1,,
889,2022-12-26 23:00,-7,221.8,.6,0,1026.4,1028.5,84,,
889,2022-12-27 00:00,-7.2,222.8,.6,0,1026.4,1028.5,88.6,,
889,2022-12-27 01:00,-7.5,225.6,.7,0,1026.5,1028.6,92,,
889,2022-12-27 02:00,-7.9,220.3,.6,0,1026.7,1028.8,95,,
889,2022-12-27 03:00,-8.2,0,.4,0,1027.2,1029.3,95.6,,
889,2022-12-27 04:00,-8.6,224.4,.6,0,1027.4,1029.6,97,,
889,2022-12-27 05:00,-8.6,234.1,.8,0,1027.5,1029.7,97.9,,
889,2022-12-27 06:00,-9,0,.4,0,1027.7,1029.9,98,,
889,2022-12-27 07:00,-9.3,228.1,.6,0,1028.3,1030.5,98,,
889,2022-12-27 08:00,-9.6,0,.4,0,1028.9,1031.1,98.2,,
889,2022-12-27 09:00,-8,0,.1,0,1029,1031.1,98.8,,
889,2022-12-27 10:00,-3,21.2,.8,0,1029.1,1031.2,80.6,,
889,2022-12-27 11:00,-1.5,13.5,1.2,0,1028.9,1031,69.7,,
889,2022-12-27 12:00,.2,12.9,1.2,0,1028.1,1030.2,61.6,,
889,2022-12-27 13:00,2,17.8,1,0,1027.5,1029.6,51.6,,
889,2022-12-27 14:00,3.3,280.4,.8,0,1026.9,1029,49.3,,
889,2022-12-27 15:00,4.3,2.6,1,0,1026.6,1028.6,52.1,,
889,2022-12-27 16:00,3,328.2,.8,0,1026.7,1028.8,53.8,,
889,2022-12-27 17:00,.3,0,.4,0,1026.7,1028.8,64.2,,
889,2022-12-27 18:00,-2,216.1,.7,0,1027.2,1029.3,75.2,,
889,2022-12-27 19:00,-1.5,228.8,.9,0,1027.4,1029.5,74.9,,
889,2022-12-27 20:00,-2,0,.4,0,1027.7,1029.8,78.8,,
889,2022-12-27 21:00,-3.6,0,.4,0,1027.6,1029.7,83.2,,
889,2022-12-27 22:00,-5.1,218.9,.7,0,1027.8,1029.9,88.3,,
889,2022-12-27 23:00,-5.3,239.6,.7,0,1027.9,1030,89.9,,
889,2022-12-28 00:00,-5.5,249.8,.5,0,1027.3,1029.4,93.1,,
889,2022-12-28 01:00,-5.9,250.3,.5,0,1026.7,1028.8,94.5,,
889,2022-12-28 02:00,-6.3,254.1,.5,0,1026.3,1028.4,96.1,,
889,2022-12-28 03:00,-4.1,0,.4,0,1026.4,1028.5,94.8,,
889,2022-12-28 04:00,-2.7,0,.3,0,1026.6,1028.7,97,,
889,2022-12-28 05:00,-.4,238.9,1.2,0,1026.9,1029,96.1,,
889,2022-12-28 06:00,-1.3,305.4,1.5,0,1027.6,1029.7,91.4,,
889,2022-12-28 07:00,-2.5,321.2,1.6,0,1028.4,1030.5,64.1,,
889,2022-12-28 08:00,-3.1,318.3,1.2,0,1028.9,1031,47,,
889,2022-12-28 09:00,-3.4,268.4,1.4,0,1029.5,1031.6,46.4,,
889,2022-12-28 10:00,-2,274.1,.9,0,1029.7,1031.8,43.8,,
889,2022-12-28 11:00,-1,263.1,1.7,0,1029.8,1031.9,37.9,,
889,2022-12-28 12:00,-.3,3.3,1.5,0,1028.9,1031,36.6,,
889,2022-12-28 13:00,.1,325,1.9,0,1028.3,1030.4,38.9,,
889,2022-12-28 14:00,.6,319.5,1.4,0,1028,1030.1,41.2,,
889,2022-12-28 15:00,-.5,350.8,2.1,0,1028.3,1030.4,41.4,,
889,2022-12-28 16:00,-.2,328.5,1.5,0,1028.6,1030.7,43.6,,
889,2022-12-28 17:00,-1.6,322.6,1.3,0,1029.1,1031.2,44.2,,
889,2022-12-28 18:00,-1.9,294.7,2,0,1029.6,1031.7,45,,
889,2022-12-28 19:00,-2.4,280.4,.8,0,1029.7,1031.8,46.8,,
889,2022-12-28 20:00,-3.4,290.4,1.1,0,1030.3,1032.4,52.6,,
889,2022-12-28 21:00,-6.2,211.7,.6,0,1030.9,1033,66.5,,
889,2022-12-28 22:00,-6.9,218.7,.6,0,1031.2,1033.3,70.3,,
889,2022-12-28 23:00,-7,0,.4,0,1031.7,1033.8,70.1,,
889,2022-12-29 00:00,-7.3,224.5,.8,0,1031.8,1033.9,72.9,,
889,2022-12-29 01:00,-8.2,232.7,.8,0,1031.8,1034,77.2,,
889,2022-12-29 02:00,-8.7,217.7,.6,0,1032,1034.2,76.6,,
889,2022-12-29 03:00,-8.8,230.8,.6,0,1032,1034.2,78,,
889,2022-12-29 04:00,-8.8,220.7,.7,0,1032.1,1034.3,78.9,,
889,2022-12-29 05:00,-9.3,230.7,.6,0,1031.7,1033.9,77.3,,
889,2022-12-29 06:00,-9.5,230,.7,0,1031.8,1034,75.5,,
889,2022-12-29 07:00,-9.7,227.3,.6,0,1031.6,1033.8,75.2,,
889,2022-12-29 08:00,-10.1,224.8,.8,0,1031.7,1033.9,77.6,,
889,2022-12-29 09:00,-8.3,0,0,0,1031.7,1033.9,75.3,,
889,2022-12-29 10:00,-3.6,0,.2,0,1032.2,1034.3,60.4,,
889,2022-12-29 11:00,-.9,153.4,.5,0,1032,1034.1,43.9,,
889,2022-12-29 12:00,-.1,29,.9,0,1031,1033.1,40.5,,
889,2022-12-29 13:00,.7,335.5,1.2,0,1030.2,1032.3,33,,
889,2022-12-29 14:00,1.4,286.6,1.3,0,1029.5,1031.6,34.6,,
889,2022-12-29 15:00,2.2,345.1,1.2,0,1029.5,1031.6,39.3,,
889,2022-12-29 16:00,2.1,348.4,1,0,1029.8,1031.9,39,,
889,2022-12-29 17:00,-1.5,222.2,.7,0,1029.7,1031.8,58.6,,
889,2022-12-29 18:00,-2,226.6,.8,0,1030.2,1032.3,61.3,,
889,2022-12-29 19:00,-.9,222.8,1.2,0,1030.8,1032.9,58.4,,
889,2022-12-29 20:00,-.1,235.2,1.5,0,1031.1,1033.2,53.6,,
889,2022-12-29 21:00,-.7,211.3,.5,0,1031.2,1033.3,63.6,,
889,2022-12-29 22:00,-2.4,244.9,.6,0,1031.2,1033.3,75.6,,
889,2022-12-29 23:00,-1.8,255.3,.5,0,1031.2,1033.3,75.8,,
889,2022-12-30 00:00,-1.8,0,.3,0,1031,1033.1,76.9,,
889,2022-12-30 01:00,-.9,0,.4,0,1030.7,1032.8,79.8,,
889,2022-12-30 02:00,-1.5,0,.1,0,1030.4,1032.5,92.6,,
889,2022-12-30 03:00,-4.6,244.7,.5,0,1030.6,1032.7,98.1,,
889,2022-12-30 04:00,-5.3,224.5,.6,0,1030.5,1032.6,99.9,,
889,2022-12-30 05:00,-3.9,208.3,.5,0,1030.3,1032.4,99.9,,
889,2022-12-30 06:00,-3.3,0,.2,0,1030.3,1032.4,99.9,,
889,2022-12-30 07:00,-4.5,231.7,.8,0,1030.6,1032.7,99.9,,
889,2022-12-30 08:00,-5.5,230.1,.6,0,1030.8,1032.9,99.9,,
889,2022-12-30 09:00,-4.8,0,.4,0,1031.2,1033.3,99.9,,
889,2022-12-30 10:00,-2.4,0,0,0,1031.2,1033.3,99.9,,
889,2022-12-30 11:00,.2,346,1.5,0,1031.1,1033.2,76.2,,
889,2022-12-30 12:00,.9,309.2,1.8,0,1030.6,1032.7,52.7,,
889,2022-12-30 13:00,1.8,241.1,2.4,0,1029.8,1031.9,43.2,,
889,2022-12-30 14:00,2.1,335.4,1.7,0,1029.4,1031.5,43.5,,
889,2022-12-30 15:00,2.2,294.9,1.5,0,1029,1031.1,42.5,,
889,2022-12-30 16:00,2,333.5,1.6,0,1029.1,1031.2,40.5,,
889,2022-12-30 17:00,.4,278.2,1.1,0,1029.6,1031.7,40.9,,
889,2022-12-30 18:00,-.9,261.6,.5,0,1030,1032.1,47.8,,
889,2022-12-30 19:00,-1.2,280.8,.8,0,1030.4,1032.5,52,,
889,2022-12-30 20:00,-1.1,290.8,.9,0,1030.7,1032.8,54.6,,
889,2022-12-30 21:00,-1.6,292.6,.9,0,1030.8,1032.9,58.7,,
889,2022-12-30 22:00,-5.1,222.4,.6,0,1030.7,1032.8,72.9,,
889,2022-12-30 23:00,-6.6,230.5,.6,0,1030.7,1032.8,79.7,,
889,2022-12-31 00:00,-7,232.1,.5,0,1030.7,1032.8,82,,
889,2022-12-31 01:00,-7.5,234.1,.8,0,1030.2,1032.3,79.2,,
889,2022-12-31 02:00,-5.7,214.6,.5,0,1030,1032.1,77.5,,
889,2022-12-31 03:00,-4.8,0,.4,0,1030,1032.1,79.5,,
889,2022-12-31 04:00,-5.3,227.9,.5,0,1029.8,1031.9,79,,
889,2022-12-31 05:00,-4.1,0,.3,0,1029.9,1032,76,,
889,2022-12-31 06:00,-4.4,0,.4,0,1029.9,1032,78.6,,
889,2022-12-31 07:00,-4.6,0,.3,0,1030,1032.1,75,,
889,2022-12-31 08:00,-4.3,219.3,.5,0,1030.3,1032.4,76.9,,
889,2022-12-31 09:00,-2.5,0,.3,0,1030.5,1032.6,71.4,,
889,2022-12-31 10:00,-.7,51.4,.5,0,1030.6,1032.7,61.5,,
889,2022-12-31 11:00,.3,13.5,.8,0,1030.4,1032.5,57.7,,
889,2022-12-31 12:00,.9,4.7,1,0,1030,1032.1,56.6,,
889,2022-12-31 13:00,1.8,112.8,.6,0,1029.2,1031.3,55.5,,
889,2022-12-31 14:00,2.3,36.9,.6,0,1028.8,1030.9,59.7,,
889,2022-12-31 15:00,2.4,15.1,.9,0,1028.3,1030.4,61.7,,
889,2022-12-31 16:00,3,0,.2,0,1028.2,1030.3,62.3,,
889,2022-12-31 17:00,.1,230.7,.6,0,1028.2,1030.3,77.1,,
889,2022-12-31 18:00,-1.9,227.1,.8,0,1027.9,1030,89.4,,
889,2022-12-31 19:00,-3,207.4,.6,0,1027.9,1030,90,,
889,2022-12-31 20:00,-3.2,228.8,.7,0,1027.6,1029.7,93.2,,
889,2022-12-31 21:00,-3.9,237.4,.9,0,1027.7,1029.8,95.3,,
889,2022-12-31 22:00,-3.3,225.5,.7,0,1027.9,1030,96.8,,
889,2022-12-31 23:00,-3,0,.3,0,1028,1030.1,95.5,,
